Workbook

Sheet Libro auxiliar vs banco
A1: Conciliacion Bancaria
A2: Libro Auxiliar | E2: Conciliacion Automatica | G2: Conciliacion manual
A3: ID | B3: Fecha | C3: Nombre | D3: Valor | E3: Estado | F3: Conciliado del banco con registros: | G3: Estado | H3: Conciliado del banco con registros: | I3: Estado automatico base
A4: 366 | B4: 46021 | C4: barrera garcia harol | D4: 21300 | E4: =IF(G4="conciliado","conciliado",I4) | F4: =IF(SUM(COUNTIFS('Conciliacion de compuestos'!$D$2:$D$48,"conciliado",'Conciliacion de compuestos'!$E$2:$E$48,"OK",'Conciliacion de compuestos'!$M$2:$M$48,A4),COUNTIFS('Conciliacion de compuestos'!$D$2:$D$48,"conciliado",'Conciliacion de compuestos'!$E$2:$E$48,"OK",'Conciliacion de compuestos'!$N$2:$N$48,A4),COUNTIFS('Conciliacion de compuestos'!$D$2:$D$48,"conciliado",'Conciliacion de compuestos'!$E$2:$E$48,"OK",'Conciliacion de compuestos'!$O$2:$O$48,A4))>0,IFERROR(TEXTJOIN(CHAR(10),TRUE,FILTER('Conciliacion de compuestos'!$A$2:$A$48,('Conciliacion de compuestos'!$D$2:$D$48="conciliado")*('Conciliacion de compuestos'!$E$2:$E$48="OK")*((('Conciliacion de compuestos'!$M$2:$M$48=A4)+('Conciliacion de compuestos'!$N$2:$N$48=A4)+('Conciliacion de compuestos'!$O$2:$O$48=A4))>0))),""),"") | G4: =IF(I4="conciliado","conciliado","por revisar") | I4: =IF(SUM(COUNTIFS('Conciliacion de compuestos'!$D$2:$D$48,"conciliado",'Conciliacion de compuestos'!$E$2:$E$48,"OK",'Conciliacion de compuestos'!$M$2:$M$48,A4),COUNTIFS('Conciliacion de compuestos'!$D$2:$D$48,"conciliado",'Conciliacion de compuestos'!$E$2:$E$48,"OK",'Conciliacion de compuestos'!$N$2:$N$48,A4),COUNTIFS('Conciliacion de compuestos'!$D$2:$D$48,"conciliado",'Conciliacion de compuestos'!$E$2:$E$48,"OK",'Conciliacion de compuestos'!$O$2:$O$48,A4))>0,"conciliado","por revisar")
A5: 213 | B5: 46011 | C5: barrera garcia harol | D5: 20900 | E5: =IF(G5="conciliado","conciliado",I5) | F5: =IF(SUM(COUNTIFS('Conciliacion de compuestos'!$D$2:$D$48,"conciliado",'Conciliacion de compuestos'!$E$2:$E$48,"OK",'Conciliacion de compuestos'!$M$2:$M$48,A5),COUNTIFS('Conciliacion de compuestos'!$D$2:$D$48,"conciliado",'Conciliacion de compuestos'!$E$2:$E$48,"OK",'Conciliacion de compuestos'!$N$2:$N$48,A5),COUNTIFS('Conciliacion de compuestos'!$D$2:$D$48,"conciliado",'Conciliacion de compuestos'!$E$2:$E$48,"OK",'Conciliacion de compuestos'!$O$2:$O$48,A5))>0,IFERROR(TEXTJOIN(CHAR(10),TRUE,FILTER('Conciliacion de compuestos'!$A$2:$A$48,('Conciliacion de compuestos'!$D$2:$D$48="conciliado")*('Conciliacion de compuestos'!$E$2:$E$48="OK")*((('Conciliacion de compuestos'!$M$2:$M$48=A5)+('Conciliacion de compuestos'!$N$2:$N$48=A5)+('Conciliacion de compuestos'!$O$2:$O$48=A5))>0))),""),"") | G5: =IF(I5="conciliado","conciliado","por revisar") | I5: =IF(SUM(COUNTIFS('Conciliacion de compuestos'!$D$2:$D$48,"conciliado",'Conciliacion de compuestos'!$E$2:$E$48,"OK",'Conciliacion de compuestos'!$M$2:$M$48,A5),COUNTIFS('Conciliacion de compuestos'!$D$2:$D$48,"conciliado",'Conciliacion de compuestos'!$E$2:$E$48,"OK",'Conciliacion de compuestos'!$N$2:$N$48,A5),COUNTIFS('Conciliacion de compuestos'!$D$2:$D$48,"conciliado",'Conciliacion de compuestos'!$E$2:$E$48,"OK",'Conciliacion de compuestos'!$O$2:$O$48,A5))>0,"conciliado","por revisar")
A6: 389 | B6: 46022 | C6: lui munoz pantoja | D6: 22400 | E6: =IF(G6="conciliado","conciliado",I6) | F6: =IF(SUM(COUNTIFS('Conciliacion de compuestos'!$D$2:$D$48,"conciliado",'Conciliacion de compuestos'!$E$2:$E$48,"OK",'Conciliacion de compuestos'!$M$2:$M$48,A6),COUNTIFS('Conciliacion de compuestos'!$D$2:$D$48,"conciliado",'Conciliacion de compuestos'!$E$2:$E$48,"OK",'Conciliacion de compuestos'!$N$2:$N$48,A6),COUNTIFS('Conciliacion de compuestos'!$D$2:$D$48,"conciliado",'Conciliacion de compuestos'!$E$2:$E$48,"OK",'Conciliacion de compuestos'!$O$2:$O$48,A6))>0,IFERROR(TEXTJOIN(CHAR(10),TRUE,FILTER('Conciliacion de compuestos'!$A$2:$A$48,('Conciliacion de compuestos'!$D$2:$D$48="conciliado")*('Conciliacion de compuestos'!$E$2:$E$48="OK")*((('Conciliacion de compuestos'!$M$2:$M$48=A6)+('Conciliacion de compuestos'!$N$2:$N$48=A6)+('Conciliacion de compuestos'!$O$2:$O$48=A6))>0))),""),"") | G6: =IF(I6="conciliado","conciliado","por revisar") | I6: =IF(SUM(COUNTIFS('Conciliacion de compuestos'!$D$2:$D$48,"conciliado",'Conciliacion de compuestos'!$E$2:$E$48,"OK",'Conciliacion de compuestos'!$M$2:$M$48,A6),COUNTIFS('Conciliacion de compuestos'!$D$2:$D$48,"conciliado",'Conciliacion de compuestos'!$E$2:$E$48,"OK",'Conciliacion de compuestos'!$N$2:$N$48,A6),COUNTIFS('Conciliacion de compuestos'!$D$2:$D$48,"conciliado",'Conciliacion de compuestos'!$E$2:$E$48,"OK",'Conciliacion de compuestos'!$O$2:$O$48,A6))>0,"conciliado","por revisar")
A7: 180 | B7: 46009 | C7: carabali herna ocoro | D7: 22000 | E7: =IF(G7="conciliado","conciliado",I7) | F7: =IF(SUM(COUNTIFS('Conciliacion de compuestos'!$D$2:$D$48,"conciliado",'Conciliacion de compuestos'!$E$2:$E$48,"OK",'Conciliacion de compuestos'!$M$2:$M$48,A7),COUNTIFS('Conciliacion de compuestos'!$D$2:$D$48,"conciliado",'Conciliacion de compuestos'!$E$2:$E$48,"OK",'Conciliacion de compuestos'!$N$2:$N$48,A7),COUNTIFS('Conciliacion de compuestos'!$D$2:$D$48,"conciliado",'Conciliacion de compuestos'!$E$2:$E$48,"OK",'Conciliacion de compuestos'!$O$2:$O$48,A7))>0,IFERROR(TEXTJOIN(CHAR(10),TRUE,FILTER('Conciliacion de compuestos'!$A$2:$A$48,('Conciliacion de compuestos'!$D$2:$D$48="conciliado")*('Conciliacion de compuestos'!$E$2:$E$48="OK")*((('Conciliacion de compuestos'!$M$2:$M$48=A7)+('Conciliacion de compuestos'!$N$2:$N$48=A7)+('Conciliacion de compuestos'!$O$2:$O$48=A7))>0))),""),"") | G7: =IF(I7="conciliado","conciliado","por revisar") | I7: =IF(SUM(COUNTIFS('Conciliacion de compuestos'!$D$2:$D$48,"conciliado",'Conciliacion de compuestos'!$E$2:$E$48,"OK",'Conciliacion de compuestos'!$M$2:$M$48,A7),COUNTIFS('Conciliacion de compuestos'!$D$2:$D$48,"conciliado",'Conciliacion de compuestos'!$E$2:$E$48,"OK",'Conciliacion de compuestos'!$N$2:$N$48,A7),COUNTIFS('Conciliacion de compuestos'!$D$2:$D$48,"conciliado",'Conciliacion de compuestos'!$E$2:$E$48,"OK",'Conciliacion de compuestos'!$O$2:$O$48,A7))>0,"conciliado","por revisar")
A8: 64 | B8: 45998 | C8: imues oscar sanchez | D8: 32200 | E8: =IF(G8="conciliado","conciliado",I8) | F8: =IF(SUM(COUNTIFS('Conciliacion de compuestos'!$D$2:$D$48,"conciliado",'Conciliacion de compuestos'!$E$2:$E$48,"OK",'Conciliacion de compuestos'!$M$2:$M$48,A8),COUNTIFS('Conciliacion de compuestos'!$D$2:$D$48,"conciliado",'Conciliacion de compuestos'!$E$2:$E$48,"OK",'Conciliacion de compuestos'!$N$2:$N$48,A8),COUNTIFS('Conciliacion de compuestos'!$D$2:$D$48,"conciliado",'Conciliacion de compuestos'!$E$2:$E$48,"OK",'Conciliacion de compuestos'!$O$2:$O$48,A8))>0,IFERROR(TEXTJOIN(CHAR(10),TRUE,FILTER('Conciliacion de compuestos'!$A$2:$A$48,('Conciliacion de compuestos'!$D$2:$D$48="conciliado")*('Conciliacion de compuestos'!$E$2:$E$48="OK")*((('Conciliacion de compuestos'!$M$2:$M$48=A8)+('Conciliacion de compuestos'!$N$2:$N$48=A8)+('Conciliacion de compuestos'!$O$2:$O$48=A8))>0))),""),"") | G8: =IF(I8="conciliado","conciliado","por revisar") | I8: =IF(SUM(COUNTIFS('Conciliacion de compuestos'!$D$2:$D$48,"conciliado",'Conciliacion de compuestos'!$E$2:$E$48,"OK",'Conciliacion de compuestos'!$M$2:$M$48,A8),COUNTIFS('Conciliacion de compuestos'!$D$2:$D$48,"conciliado",'Conciliacion de compuestos'!$E$2:$E$48,"OK",'Conciliacion de compuestos'!$N$2:$N$48,A8),COUNTIFS('Conciliacion de compuestos'!$D$2:$D$48,"conciliado",'Conciliacion de compuestos'!$E$2:$E$48,"OK",'Conciliacion de compuestos'!$O$2:$O$48,A8))>0,"conciliado","por revisar")
A9: 8 | B9: 45992 | C9: car luis orozco uran | D9: 282550 | E9: =IF(G9="conciliado","conciliado",I9) | F9: =IF(SUM(COUNTIFS('Conciliacion de compuestos'!$D$2:$D$48,"conciliado",'Conciliacion de compuestos'!$E$2:$E$48,"OK",'Conciliacion de compuestos'!$M$2:$M$48,A9),COUNTIFS('Conciliacion de compuestos'!$D$2:$D$48,"conciliado",'Conciliacion de compuestos'!$E$2:$E$48,"OK",'Conciliacion de compuestos'!$N$2:$N$48,A9),COUNTIFS('Conciliacion de compuestos'!$D$2:$D$48,"conciliado",'Conciliacion de compuestos'!$E$2:$E$48,"OK",'Conciliacion de compuestos'!$O$2:$O$48,A9))>0,IFERROR(TEXTJOIN(CHAR(10),TRUE,FILTER('Conciliacion de compuestos'!$A$2:$A$48,('Conciliacion de compuestos'!$D$2:$D$48="conciliado")*('Conciliacion de compuestos'!$E$2:$E$48="OK")*((('Conciliacion de compuestos'!$M$2:$M$48=A9)+('Conciliacion de compuestos'!$N$2:$N$48=A9)+('Conciliacion de compuestos'!$O$2:$O$48=A9))>0))),""),"") | G9: =IF(I9="conciliado","conciliado","por revisar") | I9: =IF(SUM(COUNTIFS('Conciliacion de compuestos'!$D$2:$D$48,"conciliado",'Conciliacion de compuestos'!$E$2:$E$48,"OK",'Conciliacion de compuestos'!$M$2:$M$48,A9),COUNTIFS('Conciliacion de compuestos'!$D$2:$D$48,"conciliado",'Conciliacion de compuestos'!$E$2:$E$48,"OK",'Conciliacion de compuestos'!$N$2:$N$48,A9),COUNTIFS('Conciliacion de compuestos'!$D$2:$D$48,"conciliado",'Conciliacion de compuestos'!$E$2:$E$48,"OK",'Conciliacion de compuestos'!$O$2:$O$48,A9))>0,"conciliado","por revisar")
A10: 4 | B10: 45992 | C10: bolanos paladines st | D10: 504500 | E10: =IF(G10="conciliado","conciliado",I10) | F10: =IF(SUM(COUNTIFS('Conciliacion de compuestos'!$D$2:$D$48,"conciliado",'Conciliacion de compuestos'!$E$2:$E$48,"OK",'Conciliacion de compuestos'!$M$2:$M$48,A10),COUNTIFS('Conciliacion de compuestos'!$D$2:$D$48,"conciliado",'Conciliacion de compuestos'!$E$2:$E$48,"OK",'Conciliacion de compuestos'!$N$2:$N$48,A10),COUNTIFS('Conciliacion de compuestos'!$D$2:$D$48,"conciliado",'Conciliacion de compuestos'!$E$2:$E$48,"OK",'Conciliacion de compuestos'!$O$2:$O$48,A10))>0,IFERROR(TEXTJOIN(CHAR(10),TRUE,FILTER('Conciliacion de compuestos'!$A$2:$A$48,('Conciliacion de compuestos'!$D$2:$D$48="conciliado")*('Conciliacion de compuestos'!$E$2:$E$48="OK")*((('Conciliacion de compuestos'!$M$2:$M$48=A10)+('Conciliacion de compuestos'!$N$2:$N$48=A10)+('Conciliacion de compuestos'!$O$2:$O$48=A10))>0))),""),"") | G10: =IF(I10="conciliado","conciliado","por revisar") | I10: =IF(SUM(COUNTIFS('Conciliacion de compuestos'!$D$2:$D$48,"conciliado",'Conciliacion de compuestos'!$E$2:$E$48,"OK",'Conciliacion de compuestos'!$M$2:$M$48,A10),COUNTIFS('Conciliacion de compuestos'!$D$2:$D$48,"conciliado",'Conciliacion de compuestos'!$E$2:$E$48,"OK",'Conciliacion de compuestos'!$N$2:$N$48,A10),COUNTIFS('Conciliacion de compuestos'!$D$2:$D$48,"conciliado",'Conciliacion de compuestos'!$E$2:$E$48,"OK",'Conciliacion de compuestos'!$O$2:$O$48,A10))>0,"conciliado","por revisar")
A11: 1 | B11: 45992 | C11: carretero diaz oscar | D11: 66200 | E11: =IF(G11="conciliado","conciliado",I11) | F11: =IF(SUM(COUNTIFS('Conciliacion de compuestos'!$D$2:$D$48,"conciliado",'Conciliacion de compuestos'!$E$2:$E$48,"OK",'Conciliacion de compuestos'!$M$2:$M$48,A11),COUNTIFS('Conciliacion de compuestos'!$D$2:$D$48,"conciliado",'Conciliacion de compuestos'!$E$2:$E$48,"OK",'Conciliacion de compuestos'!$N$2:$N$48,A11),COUNTIFS('Conciliacion de compuestos'!$D$2:$D$48,"conciliado",'Conciliacion de compuestos'!$E$2:$E$48,"OK",'Conciliacion de compuestos'!$O$2:$O$48,A11))>0,IFERROR(TEXTJOIN(CHAR(10),TRUE,FILTER('Conciliacion de compuestos'!$A$2:$A$48,('Conciliacion de compuestos'!$D$2:$D$48="conciliado")*('Conciliacion de compuestos'!$E$2:$E$48="OK")*((('Conciliacion de compuestos'!$M$2:$M$48=A11)+('Conciliacion de compuestos'!$N$2:$N$48=A11)+('Conciliacion de compuestos'!$O$2:$O$48=A11))>0))),""),"") | G11: =IF(I11="conciliado","conciliado","por revisar") | I11: =IF(SUM(COUNTIFS('Conciliacion de compuestos'!$D$2:$D$48,"conciliado",'Conciliacion de compuestos'!$E$2:$E$48,"OK",'Conciliacion de compuestos'!$M$2:$M$48,A11),COUNTIFS('Conciliacion de compuestos'!$D$2:$D$48,"conciliado",'Conciliacion de compuestos'!$E$2:$E$48,"OK",'Conciliacion de compuestos'!$N$2:$N$48,A11),COUNTIFS('Conciliacion de compuestos'!$D$2:$D$48,"conciliado",'Conciliacion de compuestos'!$E$2:$E$48,"OK",'Conciliacion de compuestos'!$O$2:$O$48,A11))>0,"conciliado","por revisar")
A12: 6 | B12: 45992 | C12: gomez rene roque | D12: 42765 | E12: =IF(G12="conciliado","conciliado",I12) | F12: =IF(SUM(COUNTIFS('Conciliacion de compuestos'!$D$2:$D$48,"conciliado",'Conciliacion de compuestos'!$E$2:$E$48,"OK",'Conciliacion de compuestos'!$M$2:$M$48,A12),COUNTIFS('Conciliacion de compuestos'!$D$2:$D$48,"conciliado",'Conciliacion de compuestos'!$E$2:$E$48,"OK",'Conciliacion de compuestos'!$N$2:$N$48,A12),COUNTIFS('Conciliacion de compuestos'!$D$2:$D$48,"conciliado",'Conciliacion de compuestos'!$E$2:$E$48,"OK",'Conciliacion de compuestos'!$O$2:$O$48,A12))>0,IFERROR(TEXTJOIN(CHAR(10),TRUE,FILTER('Conciliacion de compuestos'!$A$2:$A$48,('Conciliacion de compuestos'!$D$2:$D$48="conciliado")*('Conciliacion de compuestos'!$E$2:$E$48="OK")*((('Conciliacion de compuestos'!$M$2:$M$48=A12)+('Conciliacion de compuestos'!$N$2:$N$48=A12)+('Conciliacion de compuestos'!$O$2:$O$48=A12))>0))),""),"") | G12: =IF(I12="conciliado","conciliado","por revisar") | I12: =IF(SUM(COUNTIFS('Conciliacion de compuestos'!$D$2:$D$48,"conciliado",'Conciliacion de compuestos'!$E$2:$E$48,"OK",'Conciliacion de compuestos'!$M$2:$M$48,A12),COUNTIFS('Conciliacion de compuestos'!$D$2:$D$48,"conciliado",'Conciliacion de compuestos'!$E$2:$E$48,"OK",'Conciliacion de compuestos'!$N$2:$N$48,A12),COUNTIFS('Conciliacion de compuestos'!$D$2:$D$48,"conciliado",'Conciliacion de compuestos'!$E$2:$E$48,"OK",'Conciliacion de compuestos'!$O$2:$O$48,A12))>0,"conciliado","por revisar")
A13: 7 | B13: 45992 | C13: ca caicedo jimenez | D13: 62000 | E13: =IF(G13="conciliado","conciliado",I13) | F13: =IF(SUM(COUNTIFS('Conciliacion de compuestos'!$D$2:$D$48,"conciliado",'Conciliacion de compuestos'!$E$2:$E$48,"OK",'Conciliacion de compuestos'!$M$2:$M$48,A13),COUNTIFS('Conciliacion de compuestos'!$D$2:$D$48,"conciliado",'Conciliacion de compuestos'!$E$2:$E$48,"OK",'Conciliacion de compuestos'!$N$2:$N$48,A13),COUNTIFS('Conciliacion de compuestos'!$D$2:$D$48,"conciliado",'Conciliacion de compuestos'!$E$2:$E$48,"OK",'Conciliacion de compuestos'!$O$2:$O$48,A13))>0,IFERROR(TEXTJOIN(CHAR(10),TRUE,FILTER('Conciliacion de compuestos'!$A$2:$A$48,('Conciliacion de compuestos'!$D$2:$D$48="conciliado")*('Conciliacion de compuestos'!$E$2:$E$48="OK")*((('Conciliacion de compuestos'!$M$2:$M$48=A13)+('Conciliacion de compuestos'!$N$2:$N$48=A13)+('Conciliacion de compuestos'!$O$2:$O$48=A13))>0))),""),"") | G13: =IF(I13="conciliado","conciliado","por revisar") | I13: =IF(SUM(COUNTIFS('Conciliacion de compuestos'!$D$2:$D$48,"conciliado",'Conciliacion de compuestos'!$E$2:$E$48,"OK",'Conciliacion de compuestos'!$M$2:$M$48,A13),COUNTIFS('Conciliacion de compuestos'!$D$2:$D$48,"conciliado",'Conciliacion de compuestos'!$E$2:$E$48,"OK",'Conciliacion de compuestos'!$N$2:$N$48,A13),COUNTIFS('Conciliacion de compuestos'!$D$2:$D$48,"conciliado",'Conciliacion de compuestos'!$E$2:$E$48,"OK",'Conciliacion de compuestos'!$O$2:$O$48,A13))>0,"conciliado","por revisar")
A14: 2 | B14: 45992 | C14: gomez jimenez judith | D14: 44880 | E14: =IF(G14="conciliado","conciliado",I14) | F14: =IF(SUM(COUNTIFS('Conciliacion de compuestos'!$D$2:$D$48,"conciliado",'Conciliacion de compuestos'!$E$2:$E$48,"OK",'Conciliacion de compuestos'!$M$2:$M$48,A14),COUNTIFS('Conciliacion de compuestos'!$D$2:$D$48,"conciliado",'Conciliacion de compuestos'!$E$2:$E$48,"OK",'Conciliacion de compuestos'!$N$2:$N$48,A14),COUNTIFS('Conciliacion de compuestos'!$D$2:$D$48,"conciliado",'Conciliacion de compuestos'!$E$2:$E$48,"OK",'Conciliacion de compuestos'!$O$2:$O$48,A14))>0,IFERROR(TEXTJOIN(CHAR(10),TRUE,FILTER('Conciliacion de compuestos'!$A$2:$A$48,('Conciliacion de compuestos'!$D$2:$D$48="conciliado")*('Conciliacion de compuestos'!$E$2:$E$48="OK")*((('Conciliacion de compuestos'!$M$2:$M$48=A14)+('Conciliacion de compuestos'!$N$2:$N$48=A14)+('Conciliacion de compuestos'!$O$2:$O$48=A14))>0))),""),"") | G14: =IF(I14="conciliado","conciliado","por revisar") | I14: =IF(SUM(COUNTIFS('Conciliacion de compuestos'!$D$2:$D$48,"conciliado",'Conciliacion de compuestos'!$E$2:$E$48,"OK",'Conciliacion de compuestos'!$M$2:$M$48,A14),COUNTIFS('Conciliacion de compuestos'!$D$2:$D$48,"conciliado",'Conciliacion de compuestos'!$E$2:$E$48,"OK",'Conciliacion de compuestos'!$N$2:$N$48,A14),COUNTIFS('Conciliacion de compuestos'!$D$2:$D$48,"conciliado",'Conciliacion de compuestos'!$E$2:$E$48,"OK",'Conciliacion de compuestos'!$O$2:$O$48,A14))>0,"conciliado","por revisar")
A15: 3 | B15: 45992 | C15: buelvas diaz jose mi | D15: 68800 | E15: =IF(G15="conciliado","conciliado",I15) | F15: =IF(SUM(COUNTIFS('Conciliacion de compuestos'!$D$2:$D$48,"conciliado",'Conciliacion de compuestos'!$E$2:$E$48,"OK",'Conciliacion de compuestos'!$M$2:$M$48,A15),COUNTIFS('Conciliacion de compuestos'!$D$2:$D$48,"conciliado",'Conciliacion de compuestos'!$E$2:$E$48,"OK",'Conciliacion de compuestos'!$N$2:$N$48,A15),COUNTIFS('Conciliacion de compuestos'!$D$2:$D$48,"conciliado",'Conciliacion de compuestos'!$E$2:$E$48,"OK",'Conciliacion de compuestos'!$O$2:$O$48,A15))>0,IFERROR(TEXTJOIN(CHAR(10),TRUE,FILTER('Conciliacion de compuestos'!$A$2:$A$48,('Conciliacion de compuestos'!$D$2:$D$48="conciliado")*('Conciliacion de compuestos'!$E$2:$E$48="OK")*((('Conciliacion de compuestos'!$M$2:$M$48=A15)+('Conciliacion de compuestos'!$N$2:$N$48=A15)+('Conciliacion de compuestos'!$O$2:$O$48=A15))>0))),""),"") | G15: =IF(I15="conciliado","conciliado","por revisar") | I15: =IF(SUM(COUNTIFS('Conciliacion de compuestos'!$D$2:$D$48,"conciliado",'Conciliacion de compuestos'!$E$2:$E$48,"OK",'Conciliacion de compuestos'!$M$2:$M$48,A15),COUNTIFS('Conciliacion de compuestos'!$D$2:$D$48,"conciliado",'Conciliacion de compuestos'!$E$2:$E$48,"OK",'Conciliacion de compuestos'!$N$2:$N$48,A15),COUNTIFS('Conciliacion de compuestos'!$D$2:$D$48,"conciliado",'Conciliacion de compuestos'!$E$2:$E$48,"OK",'Conciliacion de compuestos'!$O$2:$O$48,A15))>0,"conciliado","por revisar")
... A21: 9 | B21: 45993 | C21: acosta jaiber rosero | D21: 196000 | E21: =IF(G21="conciliado","conciliado",I21) | F21: =IF(SUM(COUNTIFS('Conciliacion de compuestos'!$D$2:$D$48,"conciliado",'Conciliacion de compuestos'!$E$2:$E$48,"OK",'Conciliacion de compuestos'!$M$2:$M$48,A21),COUNTIFS('Conciliacion de compuestos'!$D$2:$D$48,"conciliado",'Conciliacion de compuestos'!$E$2:$E$48,"OK",'Conciliacion de compuestos'!$N$2:$N$48,A21),COUNTIFS('Conciliacion de compuestos'!$D$2:$D$48,"conciliado",'Conciliacion de compuestos'!$E$2:$E$48,"OK",'Conciliacion de compuestos'!$O$2:$O$48,A21))>0,IFERROR(TEXTJOIN(CHAR(10),TRUE,FILTER('Conciliacion de compuestos'!$A$2:$A$48,('Conciliacion de compuestos'!$D$2:$D$48="conciliado")*('Conciliacion de compuestos'!$E$2:$E$48="OK")*((('Conciliacion de compuestos'!$M$2:$M$48=A21)+('Conciliacion de compuestos'!$N$2:$N$48=A21)+('Conciliacion de compuestos'!$O$2:$O$48=A21))>0))),""),"") | G21: =IF(I21="conciliado","conciliado","por revisar") | I21: =IF(SUM(COUNTIFS('Conciliacion de compuestos'!$D$2:$D$48,"conciliado",'Conciliacion de compuestos'!$E$2:$E$48,"OK",'Conciliacion de compuestos'!$M$2:$M$48,A21),COUNTIFS('Conciliacion de compuestos'!$D$2:$D$48,"conciliado",'Conciliacion de compuestos'!$E$2:$E$48,"OK",'Conciliacion de compuestos'!$N$2:$N$48,A21),COUNTIFS('Conciliacion de compuestos'!$D$2:$D$48,"conciliado",'Conciliacion de compuestos'!$E$2:$E$48,"OK",'Conciliacion de compuestos'!$O$2:$O$48,A21))>0,"conciliado","por revisar")
A22: 14 | B22: 45994 | C22: a altipal s s | D22: -1421972 | E22: =IF(G22="conciliado","conciliado",I22) | F22: 191 | 2025-12-03 | -1,421,972 | entre inte internet terceros transferencias | G22: =IF(I22="conciliado","conciliado","por revisar") | I22: conciliado
A23: 15 | B23: 45994 | C23: ltda neiva ventas | D23: -2357032 | E23: =IF(G23="conciliado","conciliado",I23) | F23: 193 | 2025-12-03 | -2,357,032 | entre inte internet terceros transferencias | G23: =IF(I23="conciliado","conciliado","por revisar") | I23: conciliado
A24: 17 | B24: 45994 | C24: jaramillo leid ramos | D24: 52800 | E24: =IF(G24="conciliado","conciliado",I24) | F24: =IF(SUM(COUNTIFS('Conciliacion de compuestos'!$D$2:$D$48,"conciliado",'Conciliacion de compuestos'!$E$2:$E$48,"OK",'Conciliacion de compuestos'!$M$2:$M$48,A24),COUNTIFS('Conciliacion de compuestos'!$D$2:$D$48,"conciliado",'Conciliacion de compuestos'!$E$2:$E$48,"OK",'Conciliacion de compuestos'!$N$2:$N$48,A24),COUNTIFS('Conciliacion de compuestos'!$D$2:$D$48,"conciliado",'Conciliacion de compuestos'!$E$2:$E$48,"OK",'Conciliacion de compuestos'!$O$2:$O$48,A24))>0,IFERROR(TEXTJOIN(CHAR(10),TRUE,FILTER('Conciliacion de compuestos'!$A$2:$A$48,('Conciliacion de compuestos'!$D$2:$D$48="conciliado")*('Conciliacion de compuestos'!$E$2:$E$48="OK")*((('Conciliacion de compuestos'!$M$2:$M$48=A24)+('Conciliacion de compuestos'!$N$2:$N$48=A24)+('Conciliacion de compuestos'!$O$2:$O$48=A24))>0))),""),"") | G24: =IF(I24="conciliado","conciliado","por revisar") | I24: =IF(SUM(COUNTIFS('Conciliacion de compuestos'!$D$2:$D$48,"conciliado",'Conciliacion de compuestos'!$E$2:$E$48,"OK",'Conciliacion de compuestos'!$M$2:$M$48,A24),COUNTIFS('Conciliacion de compuestos'!$D$2:$D$48,"conciliado",'Conciliacion de compuestos'!$E$2:$E$48,"OK",'Conciliacion de compuestos'!$N$2:$N$48,A24),COUNTIFS('Conciliacion de compuestos'!$D$2:$D$48,"conciliado",'Conciliacion de compuestos'!$E$2:$E$48,"OK",'Conciliacion de compuestos'!$O$2:$O$48,A24))>0,"conciliado","por revisar")
A25: 16 | B25: 45994 | C25: arteaga ayda m troya | D25: 38200 | E25: =IF(G25="conciliado","conciliado",I25) | F25: =IF(SUM(COUNTIFS('Conciliacion de compuestos'!$D$2:$D$48,"conciliado",'Conciliacion de compuestos'!$E$2:$E$48,"OK",'Conciliacion de compuestos'!$M$2:$M$48,A25),COUNTIFS('Conciliacion de compuestos'!$D$2:$D$48,"conciliado",'Conciliacion de compuestos'!$E$2:$E$48,"OK",'Conciliacion de compuestos'!$N$2:$N$48,A25),COUNTIFS('Conciliacion de compuestos'!$D$2:$D$48,"conciliado",'Conciliacion de compuestos'!$E$2:$E$48,"OK",'Conciliacion de compuestos'!$O$2:$O$48,A25))>0,IFERROR(TEXTJOIN(CHAR(10),TRUE,FILTER('Conciliacion de compuestos'!$A$2:$A$48,('Conciliacion de compuestos'!$D$2:$D$48="conciliado")*('Conciliacion de compuestos'!$E$2:$E$48="OK")*((('Conciliacion de compuestos'!$M$2:$M$48=A25)+('Conciliacion de compuestos'!$N$2:$N$48=A25)+('Conciliacion de compuestos'!$O$2:$O$48=A25))>0))),""),"") | G25: =IF(I25="conciliado","conciliado","por revisar") | I25: =IF(SUM(COUNTIFS('Conciliacion de compuestos'!$D$2:$D$48,"conciliado",'Conciliacion de compuestos'!$E$2:$E$48,"OK",'Conciliacion de compuestos'!$M$2:$M$48,A25),COUNTIFS('Conciliacion de compuestos'!$D$2:$D$48,"conciliado",'Conciliacion de compuestos'!$E$2:$E$48,"OK",'Conciliacion de compuestos'!$N$2:$N$48,A25),COUNTIFS('Conciliacion de compuestos'!$D$2:$D$48,"conciliado",'Conciliacion de compuestos'!$E$2:$E$48,"OK",'Conciliacion de compuestos'!$O$2:$O$48,A25))>0,"conciliado","por revisar")
A26: 20 | B26: 45994 | C26: al enriquez yaguapaz | D26: 23564 | E26: =IF(G26="conciliado","conciliado",I26) | F26: =IF(SUM(COUNTIFS('Conciliacion de compuestos'!$D$2:$D$48,"conciliado",'Conciliacion de compuestos'!$E$2:$E$48,"OK",'Conciliacion de compuestos'!$M$2:$M$48,A26),COUNTIFS('Conciliacion de compuestos'!$D$2:$D$48,"conciliado",'Conciliacion de compuestos'!$E$2:$E$48,"OK",'Conciliacion de compuestos'!$N$2:$N$48,A26),COUNTIFS('Conciliacion de compuestos'!$D$2:$D$48,"conciliado",'Conciliacion de compuestos'!$E$2:$E$48,"OK",'Conciliacion de compuestos'!$O$2:$O$48,A26))>0,IFERROR(TEXTJOIN(CHAR(10),TRUE,FILTER('Conciliacion de compuestos'!$A$2:$A$48,('Conciliacion de compuestos'!$D$2:$D$48="conciliado")*('Conciliacion de compuestos'!$E$2:$E$48="OK")*((('Conciliacion de compuestos'!$M$2:$M$48=A26)+('Conciliacion de compuestos'!$N$2:$N$48=A26)+('Conciliacion de compuestos'!$O$2:$O$48=A26))>0))),""),"") | G26: =IF(I26="conciliado","conciliado","por revisar") | I26: =IF(SUM(COUNTIFS('Conciliacion de compuestos'!$D$2:$D$48,"conciliado",'Conciliacion de compuestos'!$E$2:$E$48,"OK",'Conciliacion de compuestos'!$M$2:$M$48,A26),COUNTIFS('Conciliacion de compuestos'!$D$2:$D$48,"conciliado",'Conciliacion de compuestos'!$E$2:$E$48,"OK",'Conciliacion de compuestos'!$N$2:$N$48,A26),COUNTIFS('Conciliacion de compuestos'!$D$2:$D$48,"conciliado",'Conciliacion de compuestos'!$E$2:$E$48,"OK",'Conciliacion de compuestos'!$O$2:$O$48,A26))>0,"conciliado","por revisar")
A27: 21 | B27: 45994 | C27: arteaga j jeins ruiz | D27: 20300 | E27: =IF(G27="conciliado","conciliado",I27) | F27: =IF(SUM(COUNTIFS('Conciliacion de compuestos'!$D$2:$D$48,"conciliado",'Conciliacion de compuestos'!$E$2:$E$48,"OK",'Conciliacion de compuestos'!$M$2:$M$48,A27),COUNTIFS('Conciliacion de compuestos'!$D$2:$D$48,"conciliado",'Conciliacion de compuestos'!$E$2:$E$48,"OK",'Conciliacion de compuestos'!$N$2:$N$48,A27),COUNTIFS('Conciliacion de compuestos'!$D$2:$D$48,"conciliado",'Conciliacion de compuestos'!$E$2:$E$48,"OK",'Conciliacion de compuestos'!$O$2:$O$48,A27))>0,IFERROR(TEXTJOIN(CHAR(10),TRUE,FILTER('Conciliacion de compuestos'!$A$2:$A$48,('Conciliacion de compuestos'!$D$2:$D$48="conciliado")*('Conciliacion de compuestos'!$E$2:$E$48="OK")*((('Conciliacion de compuestos'!$M$2:$M$48=A27)+('Conciliacion de compuestos'!$N$2:$N$48=A27)+('Conciliacion de compuestos'!$O$2:$O$48=A27))>0))),""),"") | G27: =IF(I27="conciliado","conciliado","por revisar") | I27: =IF(SUM(COUNTIFS('Conciliacion de compuestos'!$D$2:$D$48,"conciliado",'Conciliacion de compuestos'!$E$2:$E$48,"OK",'Conciliacion de compuestos'!$M$2:$M$48,A27),COUNTIFS('Conciliacion de compuestos'!$D$2:$D$48,"conciliado",'Conciliacion de compuestos'!$E$2:$E$48,"OK",'Conciliacion de compuestos'!$N$2:$N$48,A27),COUNTIFS('Conciliacion de compuestos'!$D$2:$D$48,"conciliado",'Conciliacion de compuestos'!$E$2:$E$48,"OK",'Conciliacion de compuestos'!$O$2:$O$48,A27))>0,"conciliado","por revisar")
A28: 23 | B28: 45995 | C28: del tolima ventas | D28: -3751132 | E28: =IF(G28="conciliado","conciliado",I28) | F28: 225 | 2025-12-04 | -3,751,132 | entre inte internet terceros transferencias | G28: =IF(I28="conciliado","conciliado","por revisar") | I28: conciliado
A29: 24 | B29: 45995 | C29: distrilineas sas ysc | D29: -4362465 | E29: =IF(G29="conciliado","conciliado",I29) | F29: 227 | 2025-12-04 | -4,362,465 | entre inte internet terceros transferencias | G29: =IF(I29="conciliado","conciliado","por revisar") | I29: conciliado
A30: 22 | B30: 45995 | C30: c d distribuciones s | D30: -4510389 | E30: =IF(G30="conciliado","conciliado",I30) | F30: 229 | 2025-12-04 | -4,510,389 | entre inte internet terceros transferencias | G30: =IF(I30="conciliado","conciliado","por revisar") | I30: conciliado
A31: 27 | B31: 45995 | C31: castillo fre velazco | D31: 27500 | E31: =IF(G31="conciliado","conciliado",I31) | F31: =IF(SUM(COUNTIFS('Conciliacion de compuestos'!$D$2:$D$48,"conciliado",'Conciliacion de compuestos'!$E$2:$E$48,"OK",'Conciliacion de compuestos'!$M$2:$M$48,A31),COUNTIFS('Conciliacion de compuestos'!$D$2:$D$48,"conciliado",'Conciliacion de compuestos'!$E$2:$E$48,"OK",'Conciliacion de compuestos'!$N$2:$N$48,A31),COUNTIFS('Conciliacion de compuestos'!$D$2:$D$48,"conciliado",'Conciliacion de compuestos'!$E$2:$E$48,"OK",'Conciliacion de compuestos'!$O$2:$O$48,A31))>0,IFERROR(TEXTJOIN(CHAR(10),TRUE,FILTER('Conciliacion de compuestos'!$A$2:$A$48,('Conciliacion de compuestos'!$D$2:$D$48="conciliado")*('Conciliacion de compuestos'!$E$2:$E$48="OK")*((('Conciliacion de compuestos'!$M$2:$M$48=A31)+('Conciliacion de compuestos'!$N$2:$N$48=A31)+('Conciliacion de compuestos'!$O$2:$O$48=A31))>0))),""),"") | G31: =IF(I31="conciliado","conciliado","por revisar") | I31: =IF(SUM(COUNTIFS('Conciliacion de compuestos'!$D$2:$D$48,"conciliado",'Conciliacion de compuestos'!$E$2:$E$48,"OK",'Conciliacion de compuestos'!$M$2:$M$48,A31),COUNTIFS('Conciliacion de compuestos'!$D$2:$D$48,"conciliado",'Conciliacion de compuestos'!$E$2:$E$48,"OK",'Conciliacion de compuestos'!$N$2:$N$48,A31),COUNTIFS('Conciliacion de compuestos'!$D$2:$D$48,"conciliado",'Conciliacion de compuestos'!$E$2:$E$48,"OK",'Conciliacion de compuestos'!$O$2:$O$48,A31))>0,"conciliado","por revisar")
A32: 26 | B32: 45995 | C32: eugen german vallejo | D32: 239000 | E32: =IF(G32="conciliado","conciliado",I32) | F32: =IF(SUM(COUNTIFS('Conciliacion de compuestos'!$D$2:$D$48,"conciliado",'Conciliacion de compuestos'!$E$2:$E$48,"OK",'Conciliacion de compuestos'!$M$2:$M$48,A32),COUNTIFS('Conciliacion de compuestos'!$D$2:$D$48,"conciliado",'Conciliacion de compuestos'!$E$2:$E$48,"OK",'Conciliacion de compuestos'!$N$2:$N$48,A32),COUNTIFS('Conciliacion de compuestos'!$D$2:$D$48,"conciliado",'Conciliacion de compuestos'!$E$2:$E$48,"OK",'Conciliacion de compuestos'!$O$2:$O$48,A32))>0,IFERROR(TEXTJOIN(CHAR(10),TRUE,FILTER('Conciliacion de compuestos'!$A$2:$A$48,('Conciliacion de compuestos'!$D$2:$D$48="conciliado")*('Conciliacion de compuestos'!$E$2:$E$48="OK")*((('Conciliacion de compuestos'!$M$2:$M$48=A32)+('Conciliacion de compuestos'!$N$2:$N$48=A32)+('Conciliacion de compuestos'!$O$2:$O$48=A32))>0))),""),"") | G32: =IF(I32="conciliado","conciliado","por revisar") | I32: =IF(SUM(COUNTIFS('Conciliacion de compuestos'!$D$2:$D$48,"conciliado",'Conciliacion de compuestos'!$E$2:$E$48,"OK",'Conciliacion de compuestos'!$M$2:$M$48,A32),COUNTIFS('Conciliacion de compuestos'!$D$2:$D$48,"conciliado",'Conciliacion de compuestos'!$E$2:$E$48,"OK",'Conciliacion de compuestos'!$N$2:$N$48,A32),COUNTIFS('Conciliacion de compuestos'!$D$2:$D$48,"conciliado",'Conciliacion de compuestos'!$E$2:$E$48,"OK",'Conciliacion de compuestos'!$O$2:$O$48,A32))>0,"conciliado","por revisar")
A33: 28 | B33: 45995 | C33: al enriquez yaguapaz | D33: 35900 | E33: =IF(G33="conciliado","conciliado",I33) | F33: =IF(SUM(COUNTIFS('Conciliacion de compuestos'!$D$2:$D$48,"conciliado",'Conciliacion de compuestos'!$E$2:$E$48,"OK",'Conciliacion de compuestos'!$M$2:$M$48,A33),COUNTIFS('Conciliacion de compuestos'!$D$2:$D$48,"conciliado",'Conciliacion de compuestos'!$E$2:$E$48,"OK",'Conciliacion de compuestos'!$N$2:$N$48,A33),COUNTIFS('Conciliacion de compuestos'!$D$2:$D$48,"conciliado",'Conciliacion de compuestos'!$E$2:$E$48,"OK",'Conciliacion de compuestos'!$O$2:$O$48,A33))>0,IFERROR(TEXTJOIN(CHAR(10),TRUE,FILTER('Conciliacion de compuestos'!$A$2:$A$48,('Conciliacion de compuestos'!$D$2:$D$48="conciliado")*('Conciliacion de compuestos'!$E$2:$E$48="OK")*((('Conciliacion de compuestos'!$M$2:$M$48=A33)+('Conciliacion de compuestos'!$N$2:$N$48=A33)+('Conciliacion de compuestos'!$O$2:$O$48=A33))>0))),""),"") | G33: =IF(I33="conciliado","conciliado","por revisar") | I33: =IF(SUM(COUNTIFS('Conciliacion de compuestos'!$D$2:$D$48,"conciliado",'Conciliacion de compuestos'!$E$2:$E$48,"OK",'Conciliacion de compuestos'!$M$2:$M$48,A33),COUNTIFS('Conciliacion de compuestos'!$D$2:$D$48,"conciliado",'Conciliacion de compuestos'!$E$2:$E$48,"OK",'Conciliacion de compuestos'!$N$2:$N$48,A33),COUNTIFS('Conciliacion de compuestos'!$D$2:$D$48,"conciliado",'Conciliacion de compuestos'!$E$2:$E$48,"OK",'Conciliacion de compuestos'!$O$2:$O$48,A33))>0,"conciliado","por revisar")
A34: 29 | B34: 45995 | C34: aldana joha renteria | D34: 36000 | E34: =IF(G34="conciliado","conciliado",I34) | F34: =IF(SUM(COUNTIFS('Conciliacion de compuestos'!$D$2:$D$48,"conciliado",'Conciliacion de compuestos'!$E$2:$E$48,"OK",'Conciliacion de compuestos'!$M$2:$M$48,A34),COUNTIFS('Conciliacion de compuestos'!$D$2:$D$48,"conciliado",'Conciliacion de compuestos'!$E$2:$E$48,"OK",'Conciliacion de compuestos'!$N$2:$N$48,A34),COUNTIFS('Conciliacion de compuestos'!$D$2:$D$48,"conciliado",'Conciliacion de compuestos'!$E$2:$E$48,"OK",'Conciliacion de compuestos'!$O$2:$O$48,A34))>0,IFERROR(TEXTJOIN(CHAR(10),TRUE,FILTER('Conciliacion de compuestos'!$A$2:$A$48,('Conciliacion de compuestos'!$D$2:$D$48="conciliado")*('Conciliacion de compuestos'!$E$2:$E$48="OK")*((('Conciliacion de compuestos'!$M$2:$M$48=A34)+('Conciliacion de compuestos'!$N$2:$N$48=A34)+('Conciliacion de compuestos'!$O$2:$O$48=A34))>0))),""),"") | G34: =IF(I34="conciliado","conciliado","por revisar") | I34: =IF(SUM(COUNTIFS('Conciliacion de compuestos'!$D$2:$D$48,"conciliado",'Conciliacion de compuestos'!$E$2:$E$48,"OK",'Conciliacion de compuestos'!$M$2:$M$48,A34),COUNTIFS('Conciliacion de compuestos'!$D$2:$D$48,"conciliado",'Conciliacion de compuestos'!$E$2:$E$48,"OK",'Conciliacion de compuestos'!$N$2:$N$48,A34),COUNTIFS('Conciliacion de compuestos'!$D$2:$D$48,"conciliado",'Conciliacion de compuestos'!$E$2:$E$48,"OK",'Conciliacion de compuestos'!$O$2:$O$48,A34))>0,"conciliado","por revisar")
A35: 25 | B35: 45995 | C35: ceron fre gomez john | D35: 92500 | E35: =IF(G35="conciliado","conciliado",I35) | F35: =IF(SUM(COUNTIFS('Conciliacion de compuestos'!$D$2:$D$48,"conciliado",'Conciliacion de compuestos'!$E$2:$E$48,"OK",'Conciliacion de compuestos'!$M$2:$M$48,A35),COUNTIFS('Conciliacion de compuestos'!$D$2:$D$48,"conciliado",'Conciliacion de compuestos'!$E$2:$E$48,"OK",'Conciliacion de compuestos'!$N$2:$N$48,A35),COUNTIFS('Conciliacion de compuestos'!$D$2:$D$48,"conciliado",'Conciliacion de compuestos'!$E$2:$E$48,"OK",'Conciliacion de compuestos'!$O$2:$O$48,A35))>0,IFERROR(TEXTJOIN(CHAR(10),TRUE,FILTER('Conciliacion de compuestos'!$A$2:$A$48,('Conciliacion de compuestos'!$D$2:$D$48="conciliado")*('Conciliacion de compuestos'!$E$2:$E$48="OK")*((('Conciliacion de compuestos'!$M$2:$M$48=A35)+('Conciliacion de compuestos'!$N$2:$N$48=A35)+('Conciliacion de compuestos'!$O$2:$O$48=A35))>0))),""),"") | G35: =IF(I35="conciliado","conciliado","por revisar") | I35: =IF(SUM(COUNTIFS('Conciliacion de compuestos'!$D$2:$D$48,"conciliado",'Conciliacion de compuestos'!$E$2:$E$48,"OK",'Conciliacion de compuestos'!$M$2:$M$48,A35),COUNTIFS('Conciliacion de compuestos'!$D$2:$D$48,"conciliado",'Conciliacion de compuestos'!$E$2:$E$48,"OK",'Conciliacion de compuestos'!$N$2:$N$48,A35),COUNTIFS('Conciliacion de compuestos'!$D$2:$D$48,"conciliado",'Conciliacion de compuestos'!$E$2:$E$48,"OK",'Conciliacion de compuestos'!$O$2:$O$48,A35))>0,"conciliado","por revisar")
A36: 79 | B36: 45999 | C36: garcia ma montenegro | D36: 65600 | E36: =IF(G36="conciliado","conciliado",I36) | F36: =IF(SUM(COUNTIFS('Conciliacion de compuestos'!$D$2:$D$48,"conciliado",'Conciliacion de compuestos'!$E$2:$E$48,"OK",'Conciliacion de compuestos'!$M$2:$M$48,A36),COUNTIFS('Conciliacion de compuestos'!$D$2:$D$48,"conciliado",'Conciliacion de compuestos'!$E$2:$E$48,"OK",'Conciliacion de compuestos'!$N$2:$N$48,A36),COUNTIFS('Conciliacion de compuestos'!$D$2:$D$48,"conciliado",'Conciliacion de compuestos'!$E$2:$E$48,"OK",'Conciliacion de compuestos'!$O$2:$O$48,A36))>0,IFERROR(TEXTJOIN(CHAR(10),TRUE,FILTER('Conciliacion de compuestos'!$A$2:$A$48,('Conciliacion de compuestos'!$D$2:$D$48="conciliado")*('Conciliacion de compuestos'!$E$2:$E$48="OK")*((('Conciliacion de compuestos'!$M$2:$M$48=A36)+('Conciliacion de compuestos'!$N$2:$N$48=A36)+('Conciliacion de compuestos'!$O$2:$O$48=A36))>0))),""),"") | G36: =IF(I36="conciliado","conciliado","por revisar") | I36: =IF(SUM(COUNTIFS('Conciliacion de compuestos'!$D$2:$D$48,"conciliado",'Conciliacion de compuestos'!$E$2:$E$48,"OK",'Conciliacion de compuestos'!$M$2:$M$48,A36),COUNTIFS('Conciliacion de compuestos'!$D$2:$D$48,"conciliado",'Conciliacion de compuestos'!$E$2:$E$48,"OK",'Conciliacion de compuestos'!$N$2:$N$48,A36),COUNTIFS('Conciliacion de compuestos'!$D$2:$D$48,"conciliado",'Conciliacion de compuestos'!$E$2:$E$48,"OK",'Conciliacion de compuestos'!$O$2:$O$48,A36))>0,"conciliado","por revisar")
A37: 82 | B37: 45999 | C37: nequirucama yagarin | D37: 60700 | E37: =IF(G37="conciliado","conciliado",I37) | F37: =IF(SUM(COUNTIFS('Conciliacion de compuestos'!$D$2:$D$48,"conciliado",'Conciliacion de compuestos'!$E$2:$E$48,"OK",'Conciliacion de compuestos'!$M$2:$M$48,A37),COUNTIFS('Conciliacion de compuestos'!$D$2:$D$48,"conciliado",'Conciliacion de compuestos'!$E$2:$E$48,"OK",'Conciliacion de compuestos'!$N$2:$N$48,A37),COUNTIFS('Conciliacion de compuestos'!$D$2:$D$48,"conciliado",'Conciliacion de compuestos'!$E$2:$E$48,"OK",'Conciliacion de compuestos'!$O$2:$O$48,A37))>0,IFERROR(TEXTJOIN(CHAR(10),TRUE,FILTER('Conciliacion de compuestos'!$A$2:$A$48,('Conciliacion de compuestos'!$D$2:$D$48="conciliado")*('Conciliacion de compuestos'!$E$2:$E$48="OK")*((('Conciliacion de compuestos'!$M$2:$M$48=A37)+('Conciliacion de compuestos'!$N$2:$N$48=A37)+('Conciliacion de compuestos'!$O$2:$O$48=A37))>0))),""),"") | G37: =IF(I37="conciliado","conciliado","por revisar") | I37: =IF(SUM(COUNTIFS('Conciliacion de compuestos'!$D$2:$D$48,"conciliado",'Conciliacion de compuestos'!$E$2:$E$48,"OK",'Conciliacion de compuestos'!$M$2:$M$48,A37),COUNTIFS('Conciliacion de compuestos'!$D$2:$D$48,"conciliado",'Conciliacion de compuestos'!$E$2:$E$48,"OK",'Conciliacion de compuestos'!$N$2:$N$48,A37),COUNTIFS('Conciliacion de compuestos'!$D$2:$D$48,"conciliado",'Conciliacion de compuestos'!$E$2:$E$48,"OK",'Conciliacion de compuestos'!$O$2:$O$48,A37))>0,"conciliado","por revisar")
A38: 76 | B38: 45999 | C38: benavides lopez sixt | D38: 151800 | E38: =IF(G38="conciliado","conciliado",I38) | F38: =IF(SUM(COUNTIFS('Conciliacion de compuestos'!$D$2:$D$48,"conciliado",'Conciliacion de compuestos'!$E$2:$E$48,"OK",'Conciliacion de compuestos'!$M$2:$M$48,A38),COUNTIFS('Conciliacion de compuestos'!$D$2:$D$48,"conciliado",'Conciliacion de compuestos'!$E$2:$E$48,"OK",'Conciliacion de compuestos'!$N$2:$N$48,A38),COUNTIFS('Conciliacion de compuestos'!$D$2:$D$48,"conciliado",'Conciliacion de compuestos'!$E$2:$E$48,"OK",'Conciliacion de compuestos'!$O$2:$O$48,A38))>0,IFERROR(TEXTJOIN(CHAR(10),TRUE,FILTER('Conciliacion de compuestos'!$A$2:$A$48,('Conciliacion de compuestos'!$D$2:$D$48="conciliado")*('Conciliacion de compuestos'!$E$2:$E$48="OK")*((('Conciliacion de compuestos'!$M$2:$M$48=A38)+('Conciliacion de compuestos'!$N$2:$N$48=A38)+('Conciliacion de compuestos'!$O$2:$O$48=A38))>0))),""),"") | G38: =IF(I38="conciliado","conciliado","por revisar") | I38: =IF(SUM(COUNTIFS('Conciliacion de compuestos'!$D$2:$D$48,"conciliado",'Conciliacion de compuestos'!$E$2:$E$48,"OK",'Conciliacion de compuestos'!$M$2:$M$48,A38),COUNTIFS('Conciliacion de compuestos'!$D$2:$D$48,"conciliado",'Conciliacion de compuestos'!$E$2:$E$48,"OK",'Conciliacion de compuestos'!$N$2:$N$48,A38),COUNTIFS('Conciliacion de compuestos'!$D$2:$D$48,"conciliado",'Conciliacion de compuestos'!$E$2:$E$48,"OK",'Conciliacion de compuestos'!$O$2:$O$48,A38))>0,"conciliado","por revisar")
A39: 78 | B39: 45999 | C39: cabrera enar narvaez | D39: 28300 | E39: =IF(G39="conciliado","conciliado",I39) | F39: =IF(SUM(COUNTIFS('Conciliacion de compuestos'!$D$2:$D$48,"conciliado",'Conciliacion de compuestos'!$E$2:$E$48,"OK",'Conciliacion de compuestos'!$M$2:$M$48,A39),COUNTIFS('Conciliacion de compuestos'!$D$2:$D$48,"conciliado",'Conciliacion de compuestos'!$E$2:$E$48,"OK",'Conciliacion de compuestos'!$N$2:$N$48,A39),COUNTIFS('Conciliacion de compuestos'!$D$2:$D$48,"conciliado",'Conciliacion de compuestos'!$E$2:$E$48,"OK",'Conciliacion de compuestos'!$O$2:$O$48,A39))>0,IFERROR(TEXTJOIN(CHAR(10),TRUE,FILTER('Conciliacion de compuestos'!$A$2:$A$48,('Conciliacion de compuestos'!$D$2:$D$48="conciliado")*('Conciliacion de compuestos'!$E$2:$E$48="OK")*((('Conciliacion de compuestos'!$M$2:$M$48=A39)+('Conciliacion de compuestos'!$N$2:$N$48=A39)+('Conciliacion de compuestos'!$O$2:$O$48=A39))>0))),""),"") | G39: =IF(I39="conciliado","conciliado","por revisar") | I39: =IF(SUM(COUNTIFS('Conciliacion de compuestos'!$D$2:$D$48,"conciliado",'Conciliacion de compuestos'!$E$2:$E$48,"OK",'Conciliacion de compuestos'!$M$2:$M$48,A39),COUNTIFS('Conciliacion de compuestos'!$D$2:$D$48,"conciliado",'Conciliacion de compuestos'!$E$2:$E$48,"OK",'Conciliacion de compuestos'!$N$2:$N$48,A39),COUNTIFS('Conciliacion de compuestos'!$D$2:$D$48,"conciliado",'Conciliacion de compuestos'!$E$2:$E$48,"OK",'Conciliacion de compuestos'!$O$2:$O$48,A39))>0,"conciliado","por revisar")
A40: 68 | B40: 45999 | C40: arias diego valencia | D40: 67800 | E40: =IF(G40="conciliado","conciliado",I40) | F40: =IF(SUM(COUNTIFS('Conciliacion de compuestos'!$D$2:$D$48,"conciliado",'Conciliacion de compuestos'!$E$2:$E$48,"OK",'Conciliacion de compuestos'!$M$2:$M$48,A40),COUNTIFS('Conciliacion de compuestos'!$D$2:$D$48,"conciliado",'Conciliacion de compuestos'!$E$2:$E$48,"OK",'Conciliacion de compuestos'!$N$2:$N$48,A40),COUNTIFS('Conciliacion de compuestos'!$D$2:$D$48,"conciliado",'Conciliacion de compuestos'!$E$2:$E$48,"OK",'Conciliacion de compuestos'!$O$2:$O$48,A40))>0,IFERROR(TEXTJOIN(CHAR(10),TRUE,FILTER('Conciliacion de compuestos'!$A$2:$A$48,('Conciliacion de compuestos'!$D$2:$D$48="conciliado")*('Conciliacion de compuestos'!$E$2:$E$48="OK")*((('Conciliacion de compuestos'!$M$2:$M$48=A40)+('Conciliacion de compuestos'!$N$2:$N$48=A40)+('Conciliacion de compuestos'!$O$2:$O$48=A40))>0))),""),"") | G40: =IF(I40="conciliado","conciliado","por revisar") | I40: =IF(SUM(COUNTIFS('Conciliacion de compuestos'!$D$2:$D$48,"conciliado",'Conciliacion de compuestos'!$E$2:$E$48,"OK",'Conciliacion de compuestos'!$M$2:$M$48,A40),COUNTIFS('Conciliacion de compuestos'!$D$2:$D$48,"conciliado",'Conciliacion de compuestos'!$E$2:$E$48,"OK",'Conciliacion de compuestos'!$N$2:$N$48,A40),COUNTIFS('Conciliacion de compuestos'!$D$2:$D$48,"conciliado",'Conciliacion de compuestos'!$E$2:$E$48,"OK",'Conciliacion de compuestos'!$O$2:$O$48,A40))>0,"conciliado","por revisar")
A41: 70 | B41: 45999 | C41: arboleda arias leidy | D41: 43958 | E41: =IF(G41="conciliado","conciliado",I41) | F41: =IF(SUM(COUNTIFS('Conciliacion de compuestos'!$D$2:$D$48,"conciliado",'Conciliacion de compuestos'!$E$2:$E$48,"OK",'Conciliacion de compuestos'!$M$2:$M$48,A41),COUNTIFS('Conciliacion de compuestos'!$D$2:$D$48,"conciliado",'Conciliacion de compuestos'!$E$2:$E$48,"OK",'Conciliacion de compuestos'!$N$2:$N$48,A41),COUNTIFS('Conciliacion de compuestos'!$D$2:$D$48,"conciliado",'Conciliacion de compuestos'!$E$2:$E$48,"OK",'Conciliacion de compuestos'!$O$2:$O$48,A41))>0,IFERROR(TEXTJOIN(CHAR(10),TRUE,FILTER('Conciliacion de compuestos'!$A$2:$A$48,('Conciliacion de compuestos'!$D$2:$D$48="conciliado")*('Conciliacion de compuestos'!$E$2:$E$48="OK")*((('Conciliacion de compuestos'!$M$2:$M$48=A41)+('Conciliacion de compuestos'!$N$2:$N$48=A41)+('Conciliacion de compuestos'!$O$2:$O$48=A41))>0))),""),"") | G41: =IF(I41="conciliado","conciliado","por revisar") | I41: =IF(SUM(COUNTIFS('Conciliacion de compuestos'!$D$2:$D$48,"conciliado",'Conciliacion de compuestos'!$E$2:$E$48,"OK",'Conciliacion de compuestos'!$M$2:$M$48,A41),COUNTIFS('Conciliacion de compuestos'!$D$2:$D$48,"conciliado",'Conciliacion de compuestos'!$E$2:$E$48,"OK",'Conciliacion de compuestos'!$N$2:$N$48,A41),COUNTIFS('Conciliacion de compuestos'!$D$2:$D$48,"conciliado",'Conciliacion de compuestos'!$E$2:$E$48,"OK",'Conciliacion de compuestos'!$O$2:$O$48,A41))>0,"conciliado","por revisar")
A42: 72 | B42: 45999 | C42: fernan salazar silva | D42: 62750 | E42: =IF(G42="conciliado","conciliado",I42) | F42: =IF(SUM(COUNTIFS('Conciliacion de compuestos'!$D$2:$D$48,"conciliado",'Conciliacion de compuestos'!$E$2:$E$48,"OK",'Conciliacion de compuestos'!$M$2:$M$48,A42),COUNTIFS('Conciliacion de compuestos'!$D$2:$D$48,"conciliado",'Conciliacion de compuestos'!$E$2:$E$48,"OK",'Conciliacion de compuestos'!$N$2:$N$48,A42),COUNTIFS('Conciliacion de compuestos'!$D$2:$D$48,"conciliado",'Conciliacion de compuestos'!$E$2:$E$48,"OK",'Conciliacion de compuestos'!$O$2:$O$48,A42))>0,IFERROR(TEXTJOIN(CHAR(10),TRUE,FILTER('Conciliacion de compuestos'!$A$2:$A$48,('Conciliacion de compuestos'!$D$2:$D$48="conciliado")*('Conciliacion de compuestos'!$E$2:$E$48="OK")*((('Conciliacion de compuestos'!$M$2:$M$48=A42)+('Conciliacion de compuestos'!$N$2:$N$48=A42)+('Conciliacion de compuestos'!$O$2:$O$48=A42))>0))),""),"") | G42: =IF(I42="conciliado","conciliado","por revisar") | I42: =IF(SUM(COUNTIFS('Conciliacion de compuestos'!$D$2:$D$48,"conciliado",'Conciliacion de compuestos'!$E$2:$E$48,"OK",'Conciliacion de compuestos'!$M$2:$M$48,A42),COUNTIFS('Conciliacion de compuestos'!$D$2:$D$48,"conciliado",'Conciliacion de compuestos'!$E$2:$E$48,"OK",'Conciliacion de compuestos'!$N$2:$N$48,A42),COUNTIFS('Conciliacion de compuestos'!$D$2:$D$48,"conciliado",'Conciliacion de compuestos'!$E$2:$E$48,"OK",'Conciliacion de compuestos'!$O$2:$O$48,A42))>0,"conciliado","por revisar")
... A57: 43 | B57: 45997 | C57: chavez esmer urquijo | D57: 222700 | E57: =IF(G57="conciliado","conciliado",I57) | F57: =IF(SUM(COUNTIFS('Conciliacion de compuestos'!$D$2:$D$48,"conciliado",'Conciliacion de compuestos'!$E$2:$E$48,"OK",'Conciliacion de compuestos'!$M$2:$M$48,A57),COUNTIFS('Conciliacion de compuestos'!$D$2:$D$48,"conciliado",'Conciliacion de compuestos'!$E$2:$E$48,"OK",'Conciliacion de compuestos'!$N$2:$N$48,A57),COUNTIFS('Conciliacion de compuestos'!$D$2:$D$48,"conciliado",'Conciliacion de compuestos'!$E$2:$E$48,"OK",'Conciliacion de compuestos'!$O$2:$O$48,A57))>0,IFERROR(TEXTJOIN(CHAR(10),TRUE,FILTER('Conciliacion de compuestos'!$A$2:$A$48,('Conciliacion de compuestos'!$D$2:$D$48="conciliado")*('Conciliacion de compuestos'!$E$2:$E$48="OK")*((('Conciliacion de compuestos'!$M$2:$M$48=A57)+('Conciliacion de compuestos'!$N$2:$N$48=A57)+('Conciliacion de compuestos'!$O$2:$O$48=A57))>0))),""),"") | G57: =IF(I57="conciliado","conciliado","por revisar") | I57: =IF(SUM(COUNTIFS('Conciliacion de compuestos'!$D$2:$D$48,"conciliado",'Conciliacion de compuestos'!$E$2:$E$48,"OK",'Conciliacion de compuestos'!$M$2:$M$48,A57),COUNTIFS('Conciliacion de compuestos'!$D$2:$D$48,"conciliado",'Conciliacion de compuestos'!$E$2:$E$48,"OK",'Conciliacion de compuestos'!$N$2:$N$48,A57),COUNTIFS('Conciliacion de compuestos'!$D$2:$D$48,"conciliado",'Conciliacion de compuestos'!$E$2:$E$48,"OK",'Conciliacion de compuestos'!$O$2:$O$48,A57))>0,"conciliado","por revisar")
A58: 88 | B58: 46000 | C58: norvey pantoja | D58: 20000 | E58: =IF(G58="conciliado","conciliado",I58) | F58: 381 | 2025-12-09 | 20,000 | consignacion credibanco d e | G58: =IF(I58="conciliado","conciliado","por revisar") | I58: conciliado
A59: 42 | B59: 45997 | C59: a delgado diaz edith | D59: 39000 | E59: =IF(G59="conciliado","conciliado",I59) | F59: =IF(SUM(COUNTIFS('Conciliacion de compuestos'!$D$2:$D$48,"conciliado",'Conciliacion de compuestos'!$E$2:$E$48,"OK",'Conciliacion de compuestos'!$M$2:$M$48,A59),COUNTIFS('Conciliacion de compuestos'!$D$2:$D$48,"conciliado",'Conciliacion de compuestos'!$E$2:$E$48,"OK",'Conciliacion de compuestos'!$N$2:$N$48,A59),COUNTIFS('Conciliacion de compuestos'!$D$2:$D$48,"conciliado",'Conciliacion de compuestos'!$E$2:$E$48,"OK",'Conciliacion de compuestos'!$O$2:$O$48,A59))>0,IFERROR(TEXTJOIN(CHAR(10),TRUE,FILTER('Conciliacion de compuestos'!$A$2:$A$48,('Conciliacion de compuestos'!$D$2:$D$48="conciliado")*('Conciliacion de compuestos'!$E$2:$E$48="OK")*((('Conciliacion de compuestos'!$M$2:$M$48=A59)+('Conciliacion de compuestos'!$N$2:$N$48=A59)+('Conciliacion de compuestos'!$O$2:$O$48=A59))>0))),""),"") | G59: =IF(I59="conciliado","conciliado","por revisar") | I59: =IF(SUM(COUNTIFS('Conciliacion de compuestos'!$D$2:$D$48,"conciliado",'Conciliacion de compuestos'!$E$2:$E$48,"OK",'Conciliacion de compuestos'!$M$2:$M$48,A59),COUNTIFS('Conciliacion de compuestos'!$D$2:$D$48,"conciliado",'Conciliacion de compuestos'!$E$2:$E$48,"OK",'Conciliacion de compuestos'!$N$2:$N$48,A59),COUNTIFS('Conciliacion de compuestos'!$D$2:$D$48,"conciliado",'Conciliacion de compuestos'!$E$2:$E$48,"OK",'Conciliacion de compuestos'!$O$2:$O$48,A59))>0,"conciliado","por revisar")
A60: 55 | B60: 45998 | C60: benitez moni velazco | D60: 114700 | E60: =IF(G60="conciliado","conciliado",I60) | F60: =IF(SUM(COUNTIFS('Conciliacion de compuestos'!$D$2:$D$48,"conciliado",'Conciliacion de compuestos'!$E$2:$E$48,"OK",'Conciliacion de compuestos'!$M$2:$M$48,A60),COUNTIFS('Conciliacion de compuestos'!$D$2:$D$48,"conciliado",'Conciliacion de compuestos'!$E$2:$E$48,"OK",'Conciliacion de compuestos'!$N$2:$N$48,A60),COUNTIFS('Conciliacion de compuestos'!$D$2:$D$48,"conciliado",'Conciliacion de compuestos'!$E$2:$E$48,"OK",'Conciliacion de compuestos'!$O$2:$O$48,A60))>0,IFERROR(TEXTJOIN(CHAR(10),TRUE,FILTER('Conciliacion de compuestos'!$A$2:$A$48,('Conciliacion de compuestos'!$D$2:$D$48="conciliado")*('Conciliacion de compuestos'!$E$2:$E$48="OK")*((('Conciliacion de compuestos'!$M$2:$M$48=A60)+('Conciliacion de compuestos'!$N$2:$N$48=A60)+('Conciliacion de compuestos'!$O$2:$O$48=A60))>0))),""),"") | G60: =IF(I60="conciliado","conciliado","por revisar") | I60: =IF(SUM(COUNTIFS('Conciliacion de compuestos'!$D$2:$D$48,"conciliado",'Conciliacion de compuestos'!$E$2:$E$48,"OK",'Conciliacion de compuestos'!$M$2:$M$48,A60),COUNTIFS('Conciliacion de compuestos'!$D$2:$D$48,"conciliado",'Conciliacion de compuestos'!$E$2:$E$48,"OK",'Conciliacion de compuestos'!$N$2:$N$48,A60),COUNTIFS('Conciliacion de compuestos'!$D$2:$D$48,"conciliado",'Conciliacion de compuestos'!$E$2:$E$48,"OK",'Conciliacion de compuestos'!$O$2:$O$48,A60))>0,"conciliado","por revisar")
A61: 63 | B61: 45998 | C61: consumidor final | D61: 31600 | E61: =IF(G61="conciliado","conciliado",I61) | F61: =IF(SUM(COUNTIFS('Conciliacion de compuestos'!$D$2:$D$48,"conciliado",'Conciliacion de compuestos'!$E$2:$E$48,"OK",'Conciliacion de compuestos'!$M$2:$M$48,A61),COUNTIFS('Conciliacion de compuestos'!$D$2:$D$48,"conciliado",'Conciliacion de compuestos'!$E$2:$E$48,"OK",'Conciliacion de compuestos'!$N$2:$N$48,A61),COUNTIFS('Conciliacion de compuestos'!$D$2:$D$48,"conciliado",'Conciliacion de compuestos'!$E$2:$E$48,"OK",'Conciliacion de compuestos'!$O$2:$O$48,A61))>0,IFERROR(TEXTJOIN(CHAR(10),TRUE,FILTER('Conciliacion de compuestos'!$A$2:$A$48,('Conciliacion de compuestos'!$D$2:$D$48="conciliado")*('Conciliacion de compuestos'!$E$2:$E$48="OK")*((('Conciliacion de compuestos'!$M$2:$M$48=A61)+('Conciliacion de compuestos'!$N$2:$N$48=A61)+('Conciliacion de compuestos'!$O$2:$O$48=A61))>0))),""),"") | G61: =IF(I61="conciliado","conciliado","por revisar") | I61: =IF(SUM(COUNTIFS('Conciliacion de compuestos'!$D$2:$D$48,"conciliado",'Conciliacion de compuestos'!$E$2:$E$48,"OK",'Conciliacion de compuestos'!$M$2:$M$48,A61),COUNTIFS('Conciliacion de compuestos'!$D$2:$D$48,"conciliado",'Conciliacion de compuestos'!$E$2:$E$48,"OK",'Conciliacion de compuestos'!$N$2:$N$48,A61),COUNTIFS('Conciliacion de compuestos'!$D$2:$D$48,"conciliado",'Conciliacion de compuestos'!$E$2:$E$48,"OK",'Conciliacion de compuestos'!$O$2:$O$48,A61))>0,"conciliado","por revisar")
A62: 62 | B62: 45998 | C62: benavides lopez sixt | D62: 91800 | E62: =IF(G62="conciliado","conciliado",I62) | F62: =IF(SUM(COUNTIFS('Conciliacion de compuestos'!$D$2:$D$48,"conciliado",'Conciliacion de compuestos'!$E$2:$E$48,"OK",'Conciliacion de compuestos'!$M$2:$M$48,A62),COUNTIFS('Conciliacion de compuestos'!$D$2:$D$48,"conciliado",'Conciliacion de compuestos'!$E$2:$E$48,"OK",'Conciliacion de compuestos'!$N$2:$N$48,A62),COUNTIFS('Conciliacion de compuestos'!$D$2:$D$48,"conciliado",'Conciliacion de compuestos'!$E$2:$E$48,"OK",'Conciliacion de compuestos'!$O$2:$O$48,A62))>0,IFERROR(TEXTJOIN(CHAR(10),TRUE,FILTER('Conciliacion de compuestos'!$A$2:$A$48,('Conciliacion de compuestos'!$D$2:$D$48="conciliado")*('Conciliacion de compuestos'!$E$2:$E$48="OK")*((('Conciliacion de compuestos'!$M$2:$M$48=A62)+('Conciliacion de compuestos'!$N$2:$N$48=A62)+('Conciliacion de compuestos'!$O$2:$O$48=A62))>0))),""),"") | G62: =IF(I62="conciliado","conciliado","por revisar") | I62: =IF(SUM(COUNTIFS('Conciliacion de compuestos'!$D$2:$D$48,"conciliado",'Conciliacion de compuestos'!$E$2:$E$48,"OK",'Conciliacion de compuestos'!$M$2:$M$48,A62),COUNTIFS('Conciliacion de compuestos'!$D$2:$D$48,"conciliado",'Conciliacion de compuestos'!$E$2:$E$48,"OK",'Conciliacion de compuestos'!$N$2:$N$48,A62),COUNTIFS('Conciliacion de compuestos'!$D$2:$D$48,"conciliado",'Conciliacion de compuestos'!$E$2:$E$48,"OK",'Conciliacion de compuestos'!$O$2:$O$48,A62))>0,"conciliado","por revisar")
A63: 57 | B63: 45998 | C63: cabrera gutierrez je | D63: 134000 | E63: =IF(G63="conciliado","conciliado",I63) | F63: =IF(SUM(COUNTIFS('Conciliacion de compuestos'!$D$2:$D$48,"conciliado",'Conciliacion de compuestos'!$E$2:$E$48,"OK",'Conciliacion de compuestos'!$M$2:$M$48,A63),COUNTIFS('Conciliacion de compuestos'!$D$2:$D$48,"conciliado",'Conciliacion de compuestos'!$E$2:$E$48,"OK",'Conciliacion de compuestos'!$N$2:$N$48,A63),COUNTIFS('Conciliacion de compuestos'!$D$2:$D$48,"conciliado",'Conciliacion de compuestos'!$E$2:$E$48,"OK",'Conciliacion de compuestos'!$O$2:$O$48,A63))>0,IFERROR(TEXTJOIN(CHAR(10),TRUE,FILTER('Conciliacion de compuestos'!$A$2:$A$48,('Conciliacion de compuestos'!$D$2:$D$48="conciliado")*('Conciliacion de compuestos'!$E$2:$E$48="OK")*((('Conciliacion de compuestos'!$M$2:$M$48=A63)+('Conciliacion de compuestos'!$N$2:$N$48=A63)+('Conciliacion de compuestos'!$O$2:$O$48=A63))>0))),""),"") | G63: =IF(I63="conciliado","conciliado","por revisar") | I63: =IF(SUM(COUNTIFS('Conciliacion de compuestos'!$D$2:$D$48,"conciliado",'Conciliacion de compuestos'!$E$2:$E$48,"OK",'Conciliacion de compuestos'!$M$2:$M$48,A63),COUNTIFS('Conciliacion de compuestos'!$D$2:$D$48,"conciliado",'Conciliacion de compuestos'!$E$2:$E$48,"OK",'Conciliacion de compuestos'!$N$2:$N$48,A63),COUNTIFS('Conciliacion de compuestos'!$D$2:$D$48,"conciliado",'Conciliacion de compuestos'!$E$2:$E$48,"OK",'Conciliacion de compuestos'!$O$2:$O$48,A63))>0,"conciliado","por revisar")
A64: 47 | B64: 45998 | C64: arias diego valencia | D64: 115500 | E64: =IF(G64="conciliado","conciliado",I64) | F64: =IF(SUM(COUNTIFS('Conciliacion de compuestos'!$D$2:$D$48,"conciliado",'Conciliacion de compuestos'!$E$2:$E$48,"OK",'Conciliacion de compuestos'!$M$2:$M$48,A64),COUNTIFS('Conciliacion de compuestos'!$D$2:$D$48,"conciliado",'Conciliacion de compuestos'!$E$2:$E$48,"OK",'Conciliacion de compuestos'!$N$2:$N$48,A64),COUNTIFS('Conciliacion de compuestos'!$D$2:$D$48,"conciliado",'Conciliacion de compuestos'!$E$2:$E$48,"OK",'Conciliacion de compuestos'!$O$2:$O$48,A64))>0,IFERROR(TEXTJOIN(CHAR(10),TRUE,FILTER('Conciliacion de compuestos'!$A$2:$A$48,('Conciliacion de compuestos'!$D$2:$D$48="conciliado")*('Conciliacion de compuestos'!$E$2:$E$48="OK")*((('Conciliacion de compuestos'!$M$2:$M$48=A64)+('Conciliacion de compuestos'!$N$2:$N$48=A64)+('Conciliacion de compuestos'!$O$2:$O$48=A64))>0))),""),"") | G64: =IF(I64="conciliado","conciliado","por revisar") | I64: =IF(SUM(COUNTIFS('Conciliacion de compuestos'!$D$2:$D$48,"conciliado",'Conciliacion de compuestos'!$E$2:$E$48,"OK",'Conciliacion de compuestos'!$M$2:$M$48,A64),COUNTIFS('Conciliacion de compuestos'!$D$2:$D$48,"conciliado",'Conciliacion de compuestos'!$E$2:$E$48,"OK",'Conciliacion de compuestos'!$N$2:$N$48,A64),COUNTIFS('Conciliacion de compuestos'!$D$2:$D$48,"conciliado",'Conciliacion de compuestos'!$E$2:$E$48,"OK",'Conciliacion de compuestos'!$O$2:$O$48,A64))>0,"conciliado","por revisar")
A65: 51 | B65: 45998 | C65: fernan salazar silva | D65: 30200 | E65: =IF(G65="conciliado","conciliado",I65) | F65: =IF(SUM(COUNTIFS('Conciliacion de compuestos'!$D$2:$D$48,"conciliado",'Conciliacion de compuestos'!$E$2:$E$48,"OK",'Conciliacion de compuestos'!$M$2:$M$48,A65),COUNTIFS('Conciliacion de compuestos'!$D$2:$D$48,"conciliado",'Conciliacion de compuestos'!$E$2:$E$48,"OK",'Conciliacion de compuestos'!$N$2:$N$48,A65),COUNTIFS('Conciliacion de compuestos'!$D$2:$D$48,"conciliado",'Conciliacion de compuestos'!$E$2:$E$48,"OK",'Conciliacion de compuestos'!$O$2:$O$48,A65))>0,IFERROR(TEXTJOIN(CHAR(10),TRUE,FILTER('Conciliacion de compuestos'!$A$2:$A$48,('Conciliacion de compuestos'!$D$2:$D$48="conciliado")*('Conciliacion de compuestos'!$E$2:$E$48="OK")*((('Conciliacion de compuestos'!$M$2:$M$48=A65)+('Conciliacion de compuestos'!$N$2:$N$48=A65)+('Conciliacion de compuestos'!$O$2:$O$48=A65))>0))),""),"") | G65: =IF(I65="conciliado","conciliado","por revisar") | I65: =IF(SUM(COUNTIFS('Conciliacion de compuestos'!$D$2:$D$48,"conciliado",'Conciliacion de compuestos'!$E$2:$E$48,"OK",'Conciliacion de compuestos'!$M$2:$M$48,A65),COUNTIFS('Conciliacion de compuestos'!$D$2:$D$48,"conciliado",'Conciliacion de compuestos'!$E$2:$E$48,"OK",'Conciliacion de compuestos'!$N$2:$N$48,A65),COUNTIFS('Conciliacion de compuestos'!$D$2:$D$48,"conciliado",'Conciliacion de compuestos'!$E$2:$E$48,"OK",'Conciliacion de compuestos'!$O$2:$O$48,A65))>0,"conciliado","por revisar")
A66: 48 | B66: 45998 | C66: caicedo cris herrera | D66: 55200 | E66: =IF(G66="conciliado","conciliado",I66) | F66: =IF(SUM(COUNTIFS('Conciliacion de compuestos'!$D$2:$D$48,"conciliado",'Conciliacion de compuestos'!$E$2:$E$48,"OK",'Conciliacion de compuestos'!$M$2:$M$48,A66),COUNTIFS('Conciliacion de compuestos'!$D$2:$D$48,"conciliado",'Conciliacion de compuestos'!$E$2:$E$48,"OK",'Conciliacion de compuestos'!$N$2:$N$48,A66),COUNTIFS('Conciliacion de compuestos'!$D$2:$D$48,"conciliado",'Conciliacion de compuestos'!$E$2:$E$48,"OK",'Conciliacion de compuestos'!$O$2:$O$48,A66))>0,IFERROR(TEXTJOIN(CHAR(10),TRUE,FILTER('Conciliacion de compuestos'!$A$2:$A$48,('Conciliacion de compuestos'!$D$2:$D$48="conciliado")*('Conciliacion de compuestos'!$E$2:$E$48="OK")*((('Conciliacion de compuestos'!$M$2:$M$48=A66)+('Conciliacion de compuestos'!$N$2:$N$48=A66)+('Conciliacion de compuestos'!$O$2:$O$48=A66))>0))),""),"") | G66: =IF(I66="conciliado","conciliado","por revisar") | I66: =IF(SUM(COUNTIFS('Conciliacion de compuestos'!$D$2:$D$48,"conciliado",'Conciliacion de compuestos'!$E$2:$E$48,"OK",'Conciliacion de compuestos'!$M$2:$M$48,A66),COUNTIFS('Conciliacion de compuestos'!$D$2:$D$48,"conciliado",'Conciliacion de compuestos'!$E$2:$E$48,"OK",'Conciliacion de compuestos'!$N$2:$N$48,A66),COUNTIFS('Conciliacion de compuestos'!$D$2:$D$48,"conciliado",'Conciliacion de compuestos'!$E$2:$E$48,"OK",'Conciliacion de compuestos'!$O$2:$O$48,A66))>0,"conciliado","por revisar")
A67: 59 | B67: 45998 | C67: galeano maria velez | D67: 33560 | E67: =IF(G67="conciliado","conciliado",I67) | F67: =IF(SUM(COUNTIFS('Conciliacion de compuestos'!$D$2:$D$48,"conciliado",'Conciliacion de compuestos'!$E$2:$E$48,"OK",'Conciliacion de compuestos'!$M$2:$M$48,A67),COUNTIFS('Conciliacion de compuestos'!$D$2:$D$48,"conciliado",'Conciliacion de compuestos'!$E$2:$E$48,"OK",'Conciliacion de compuestos'!$N$2:$N$48,A67),COUNTIFS('Conciliacion de compuestos'!$D$2:$D$48,"conciliado",'Conciliacion de compuestos'!$E$2:$E$48,"OK",'Conciliacion de compuestos'!$O$2:$O$48,A67))>0,IFERROR(TEXTJOIN(CHAR(10),TRUE,FILTER('Conciliacion de compuestos'!$A$2:$A$48,('Conciliacion de compuestos'!$D$2:$D$48="conciliado")*('Conciliacion de compuestos'!$E$2:$E$48="OK")*((('Conciliacion de compuestos'!$M$2:$M$48=A67)+('Conciliacion de compuestos'!$N$2:$N$48=A67)+('Conciliacion de compuestos'!$O$2:$O$48=A67))>0))),""),"") | G67: =IF(I67="conciliado","conciliado","por revisar") | I67: =IF(SUM(COUNTIFS('Conciliacion de compuestos'!$D$2:$D$48,"conciliado",'Conciliacion de compuestos'!$E$2:$E$48,"OK",'Conciliacion de compuestos'!$M$2:$M$48,A67),COUNTIFS('Conciliacion de compuestos'!$D$2:$D$48,"conciliado",'Conciliacion de compuestos'!$E$2:$E$48,"OK",'Conciliacion de compuestos'!$N$2:$N$48,A67),COUNTIFS('Conciliacion de compuestos'!$D$2:$D$48,"conciliado",'Conciliacion de compuestos'!$E$2:$E$48,"OK",'Conciliacion de compuestos'!$O$2:$O$48,A67))>0,"conciliado","por revisar")
A68: 60 | B68: 45998 | C68: l piedad ramos rueda | D68: 24700 | E68: =IF(G68="conciliado","conciliado",I68) | F68: =IF(SUM(COUNTIFS('Conciliacion de compuestos'!$D$2:$D$48,"conciliado",'Conciliacion de compuestos'!$E$2:$E$48,"OK",'Conciliacion de compuestos'!$M$2:$M$48,A68),COUNTIFS('Conciliacion de compuestos'!$D$2:$D$48,"conciliado",'Conciliacion de compuestos'!$E$2:$E$48,"OK",'Conciliacion de compuestos'!$N$2:$N$48,A68),COUNTIFS('Conciliacion de compuestos'!$D$2:$D$48,"conciliado",'Conciliacion de compuestos'!$E$2:$E$48,"OK",'Conciliacion de compuestos'!$O$2:$O$48,A68))>0,IFERROR(TEXTJOIN(CHAR(10),TRUE,FILTER('Conciliacion de compuestos'!$A$2:$A$48,('Conciliacion de compuestos'!$D$2:$D$48="conciliado")*('Conciliacion de compuestos'!$E$2:$E$48="OK")*((('Conciliacion de compuestos'!$M$2:$M$48=A68)+('Conciliacion de compuestos'!$N$2:$N$48=A68)+('Conciliacion de compuestos'!$O$2:$O$48=A68))>0))),""),"") | G68: =IF(I68="conciliado","conciliado","por revisar") | I68: =IF(SUM(COUNTIFS('Conciliacion de compuestos'!$D$2:$D$48,"conciliado",'Conciliacion de compuestos'!$E$2:$E$48,"OK",'Conciliacion de compuestos'!$M$2:$M$48,A68),COUNTIFS('Conciliacion de compuestos'!$D$2:$D$48,"conciliado",'Conciliacion de compuestos'!$E$2:$E$48,"OK",'Conciliacion de compuestos'!$N$2:$N$48,A68),COUNTIFS('Conciliacion de compuestos'!$D$2:$D$48,"conciliado",'Conciliacion de compuestos'!$E$2:$E$48,"OK",'Conciliacion de compuestos'!$O$2:$O$48,A68))>0,"conciliado","por revisar")
A69: 65 | B69: 45998 | C69: bernal yeison | D69: 78000 | E69: =IF(G69="conciliado","conciliado",I69) | F69: =IF(SUM(COUNTIFS('Conciliacion de compuestos'!$D$2:$D$48,"conciliado",'Conciliacion de compuestos'!$E$2:$E$48,"OK",'Conciliacion de compuestos'!$M$2:$M$48,A69),COUNTIFS('Conciliacion de compuestos'!$D$2:$D$48,"conciliado",'Conciliacion de compuestos'!$E$2:$E$48,"OK",'Conciliacion de compuestos'!$N$2:$N$48,A69),COUNTIFS('Conciliacion de compuestos'!$D$2:$D$48,"conciliado",'Conciliacion de compuestos'!$E$2:$E$48,"OK",'Conciliacion de compuestos'!$O$2:$O$48,A69))>0,IFERROR(TEXTJOIN(CHAR(10),TRUE,FILTER('Conciliacion de compuestos'!$A$2:$A$48,('Conciliacion de compuestos'!$D$2:$D$48="conciliado")*('Conciliacion de compuestos'!$E$2:$E$48="OK")*((('Conciliacion de compuestos'!$M$2:$M$48=A69)+('Conciliacion de compuestos'!$N$2:$N$48=A69)+('Conciliacion de compuestos'!$O$2:$O$48=A69))>0))),""),"") | G69: =IF(I69="conciliado","conciliado","por revisar") | I69: =IF(SUM(COUNTIFS('Conciliacion de compuestos'!$D$2:$D$48,"conciliado",'Conciliacion de compuestos'!$E$2:$E$48,"OK",'Conciliacion de compuestos'!$M$2:$M$48,A69),COUNTIFS('Conciliacion de compuestos'!$D$2:$D$48,"conciliado",'Conciliacion de compuestos'!$E$2:$E$48,"OK",'Conciliacion de compuestos'!$N$2:$N$48,A69),COUNTIFS('Conciliacion de compuestos'!$D$2:$D$48,"conciliado",'Conciliacion de compuestos'!$E$2:$E$48,"OK",'Conciliacion de compuestos'!$O$2:$O$48,A69))>0,"conciliado","por revisar")
A70: 52 | B70: 45998 | C70: cajigas gordillo kar | D70: 77100 | E70: =IF(G70="conciliado","conciliado",I70) | F70: =IF(SUM(COUNTIFS('Conciliacion de compuestos'!$D$2:$D$48,"conciliado",'Conciliacion de compuestos'!$E$2:$E$48,"OK",'Conciliacion de compuestos'!$M$2:$M$48,A70),COUNTIFS('Conciliacion de compuestos'!$D$2:$D$48,"conciliado",'Conciliacion de compuestos'!$E$2:$E$48,"OK",'Conciliacion de compuestos'!$N$2:$N$48,A70),COUNTIFS('Conciliacion de compuestos'!$D$2:$D$48,"conciliado",'Conciliacion de compuestos'!$E$2:$E$48,"OK",'Conciliacion de compuestos'!$O$2:$O$48,A70))>0,IFERROR(TEXTJOIN(CHAR(10),TRUE,FILTER('Conciliacion de compuestos'!$A$2:$A$48,('Conciliacion de compuestos'!$D$2:$D$48="conciliado")*('Conciliacion de compuestos'!$E$2:$E$48="OK")*((('Conciliacion de compuestos'!$M$2:$M$48=A70)+('Conciliacion de compuestos'!$N$2:$N$48=A70)+('Conciliacion de compuestos'!$O$2:$O$48=A70))>0))),""),"") | G70: =IF(I70="conciliado","conciliado","por revisar") | I70: =IF(SUM(COUNTIFS('Conciliacion de compuestos'!$D$2:$D$48,"conciliado",'Conciliacion de compuestos'!$E$2:$E$48,"OK",'Conciliacion de compuestos'!$M$2:$M$48,A70),COUNTIFS('Conciliacion de compuestos'!$D$2:$D$48,"conciliado",'Conciliacion de compuestos'!$E$2:$E$48,"OK",'Conciliacion de compuestos'!$N$2:$N$48,A70),COUNTIFS('Conciliacion de compuestos'!$D$2:$D$48,"conciliado",'Conciliacion de compuestos'!$E$2:$E$48,"OK",'Conciliacion de compuestos'!$O$2:$O$48,A70))>0,"conciliado","por revisar")
... A77: 87 | B77: 46000 | C77: chindoy d muchavisoy | D77: 117600 | E77: =IF(G77="conciliado","conciliado",I77) | F77: =IF(SUM(COUNTIFS('Conciliacion de compuestos'!$D$2:$D$48,"conciliado",'Conciliacion de compuestos'!$E$2:$E$48,"OK",'Conciliacion de compuestos'!$M$2:$M$48,A77),COUNTIFS('Conciliacion de compuestos'!$D$2:$D$48,"conciliado",'Conciliacion de compuestos'!$E$2:$E$48,"OK",'Conciliacion de compuestos'!$N$2:$N$48,A77),COUNTIFS('Conciliacion de compuestos'!$D$2:$D$48,"conciliado",'Conciliacion de compuestos'!$E$2:$E$48,"OK",'Conciliacion de compuestos'!$O$2:$O$48,A77))>0,IFERROR(TEXTJOIN(CHAR(10),TRUE,FILTER('Conciliacion de compuestos'!$A$2:$A$48,('Conciliacion de compuestos'!$D$2:$D$48="conciliado")*('Conciliacion de compuestos'!$E$2:$E$48="OK")*((('Conciliacion de compuestos'!$M$2:$M$48=A77)+('Conciliacion de compuestos'!$N$2:$N$48=A77)+('Conciliacion de compuestos'!$O$2:$O$48=A77))>0))),""),"") | G77: =IF(I77="conciliado","conciliado","por revisar") | I77: =IF(SUM(COUNTIFS('Conciliacion de compuestos'!$D$2:$D$48,"conciliado",'Conciliacion de compuestos'!$E$2:$E$48,"OK",'Conciliacion de compuestos'!$M$2:$M$48,A77),COUNTIFS('Conciliacion de compuestos'!$D$2:$D$48,"conciliado",'Conciliacion de compuestos'!$E$2:$E$48,"OK",'Conciliacion de compuestos'!$N$2:$N$48,A77),COUNTIFS('Conciliacion de compuestos'!$D$2:$D$48,"conciliado",'Conciliacion de compuestos'!$E$2:$E$48,"OK",'Conciliacion de compuestos'!$O$2:$O$48,A77))>0,"conciliado","por revisar")
A78: 95 | B78: 46001 | C78: ciro gonzalez santos | D78: 20000 | E78: =IF(G78="conciliado","conciliado",I78) | F78: 556 | 2025-12-10 | 20,000 | consignacion credibanco d e | G78: =IF(I78="conciliado","conciliado","por revisar") | I78: conciliado
A79: 86 | B79: 46000 | C79: carretero gutierrez | D79: 16000 | E79: =IF(G79="conciliado","conciliado",I79) | F79: =IF(SUM(COUNTIFS('Conciliacion de compuestos'!$D$2:$D$48,"conciliado",'Conciliacion de compuestos'!$E$2:$E$48,"OK",'Conciliacion de compuestos'!$M$2:$M$48,A79),COUNTIFS('Conciliacion de compuestos'!$D$2:$D$48,"conciliado",'Conciliacion de compuestos'!$E$2:$E$48,"OK",'Conciliacion de compuestos'!$N$2:$N$48,A79),COUNTIFS('Conciliacion de compuestos'!$D$2:$D$48,"conciliado",'Conciliacion de compuestos'!$E$2:$E$48,"OK",'Conciliacion de compuestos'!$O$2:$O$48,A79))>0,IFERROR(TEXTJOIN(CHAR(10),TRUE,FILTER('Conciliacion de compuestos'!$A$2:$A$48,('Conciliacion de compuestos'!$D$2:$D$48="conciliado")*('Conciliacion de compuestos'!$E$2:$E$48="OK")*((('Conciliacion de compuestos'!$M$2:$M$48=A79)+('Conciliacion de compuestos'!$N$2:$N$48=A79)+('Conciliacion de compuestos'!$O$2:$O$48=A79))>0))),""),"") | G79: =IF(I79="conciliado","conciliado","por revisar") | I79: =IF(SUM(COUNTIFS('Conciliacion de compuestos'!$D$2:$D$48,"conciliado",'Conciliacion de compuestos'!$E$2:$E$48,"OK",'Conciliacion de compuestos'!$M$2:$M$48,A79),COUNTIFS('Conciliacion de compuestos'!$D$2:$D$48,"conciliado",'Conciliacion de compuestos'!$E$2:$E$48,"OK",'Conciliacion de compuestos'!$N$2:$N$48,A79),COUNTIFS('Conciliacion de compuestos'!$D$2:$D$48,"conciliado",'Conciliacion de compuestos'!$E$2:$E$48,"OK",'Conciliacion de compuestos'!$O$2:$O$48,A79))>0,"conciliado","por revisar")
A80: 84 | B80: 46000 | C80: elm piaguaje riascos | D80: 26890 | E80: =IF(G80="conciliado","conciliado",I80) | F80: =IF(SUM(COUNTIFS('Conciliacion de compuestos'!$D$2:$D$48,"conciliado",'Conciliacion de compuestos'!$E$2:$E$48,"OK",'Conciliacion de compuestos'!$M$2:$M$48,A80),COUNTIFS('Conciliacion de compuestos'!$D$2:$D$48,"conciliado",'Conciliacion de compuestos'!$E$2:$E$48,"OK",'Conciliacion de compuestos'!$N$2:$N$48,A80),COUNTIFS('Conciliacion de compuestos'!$D$2:$D$48,"conciliado",'Conciliacion de compuestos'!$E$2:$E$48,"OK",'Conciliacion de compuestos'!$O$2:$O$48,A80))>0,IFERROR(TEXTJOIN(CHAR(10),TRUE,FILTER('Conciliacion de compuestos'!$A$2:$A$48,('Conciliacion de compuestos'!$D$2:$D$48="conciliado")*('Conciliacion de compuestos'!$E$2:$E$48="OK")*((('Conciliacion de compuestos'!$M$2:$M$48=A80)+('Conciliacion de compuestos'!$N$2:$N$48=A80)+('Conciliacion de compuestos'!$O$2:$O$48=A80))>0))),""),"") | G80: =IF(I80="conciliado","conciliado","por revisar") | I80: =IF(SUM(COUNTIFS('Conciliacion de compuestos'!$D$2:$D$48,"conciliado",'Conciliacion de compuestos'!$E$2:$E$48,"OK",'Conciliacion de compuestos'!$M$2:$M$48,A80),COUNTIFS('Conciliacion de compuestos'!$D$2:$D$48,"conciliado",'Conciliacion de compuestos'!$E$2:$E$48,"OK",'Conciliacion de compuestos'!$N$2:$N$48,A80),COUNTIFS('Conciliacion de compuestos'!$D$2:$D$48,"conciliado",'Conciliacion de compuestos'!$E$2:$E$48,"OK",'Conciliacion de compuestos'!$O$2:$O$48,A80))>0,"conciliado","por revisar")
A81: 89 | B81: 46000 | C81: dominguez guerron je | D81: 15500 | E81: =IF(G81="conciliado","conciliado",I81) | F81: =IF(SUM(COUNTIFS('Conciliacion de compuestos'!$D$2:$D$48,"conciliado",'Conciliacion de compuestos'!$E$2:$E$48,"OK",'Conciliacion de compuestos'!$M$2:$M$48,A81),COUNTIFS('Conciliacion de compuestos'!$D$2:$D$48,"conciliado",'Conciliacion de compuestos'!$E$2:$E$48,"OK",'Conciliacion de compuestos'!$N$2:$N$48,A81),COUNTIFS('Conciliacion de compuestos'!$D$2:$D$48,"conciliado",'Conciliacion de compuestos'!$E$2:$E$48,"OK",'Conciliacion de compuestos'!$O$2:$O$48,A81))>0,IFERROR(TEXTJOIN(CHAR(10),TRUE,FILTER('Conciliacion de compuestos'!$A$2:$A$48,('Conciliacion de compuestos'!$D$2:$D$48="conciliado")*('Conciliacion de compuestos'!$E$2:$E$48="OK")*((('Conciliacion de compuestos'!$M$2:$M$48=A81)+('Conciliacion de compuestos'!$N$2:$N$48=A81)+('Conciliacion de compuestos'!$O$2:$O$48=A81))>0))),""),"") | G81: =IF(I81="conciliado","conciliado","por revisar") | I81: =IF(SUM(COUNTIFS('Conciliacion de compuestos'!$D$2:$D$48,"conciliado",'Conciliacion de compuestos'!$E$2:$E$48,"OK",'Conciliacion de compuestos'!$M$2:$M$48,A81),COUNTIFS('Conciliacion de compuestos'!$D$2:$D$48,"conciliado",'Conciliacion de compuestos'!$E$2:$E$48,"OK",'Conciliacion de compuestos'!$N$2:$N$48,A81),COUNTIFS('Conciliacion de compuestos'!$D$2:$D$48,"conciliado",'Conciliacion de compuestos'!$E$2:$E$48,"OK",'Conciliacion de compuestos'!$O$2:$O$48,A81))>0,"conciliado","por revisar")
A82: 90 | B82: 46001 | C82: benavides sanseviero | D82: -4764488 | E82: =IF(G82="conciliado","conciliado",I82) | F82: 581 | 2025-12-10 | -4,764,488 | entre inte internet terceros transferencias | G82: =IF(I82="conciliado","conciliado","por revisar") | I82: conciliado
A83: 102 | B83: 46001 | C83: martinez nury zuniga | D83: 32100 | E83: =IF(G83="conciliado","conciliado",I83) | F83: =IF(SUM(COUNTIFS('Conciliacion de compuestos'!$D$2:$D$48,"conciliado",'Conciliacion de compuestos'!$E$2:$E$48,"OK",'Conciliacion de compuestos'!$M$2:$M$48,A83),COUNTIFS('Conciliacion de compuestos'!$D$2:$D$48,"conciliado",'Conciliacion de compuestos'!$E$2:$E$48,"OK",'Conciliacion de compuestos'!$N$2:$N$48,A83),COUNTIFS('Conciliacion de compuestos'!$D$2:$D$48,"conciliado",'Conciliacion de compuestos'!$E$2:$E$48,"OK",'Conciliacion de compuestos'!$O$2:$O$48,A83))>0,IFERROR(TEXTJOIN(CHAR(10),TRUE,FILTER('Conciliacion de compuestos'!$A$2:$A$48,('Conciliacion de compuestos'!$D$2:$D$48="conciliado")*('Conciliacion de compuestos'!$E$2:$E$48="OK")*((('Conciliacion de compuestos'!$M$2:$M$48=A83)+('Conciliacion de compuestos'!$N$2:$N$48=A83)+('Conciliacion de compuestos'!$O$2:$O$48=A83))>0))),""),"") | G83: =IF(I83="conciliado","conciliado","por revisar") | I83: =IF(SUM(COUNTIFS('Conciliacion de compuestos'!$D$2:$D$48,"conciliado",'Conciliacion de compuestos'!$E$2:$E$48,"OK",'Conciliacion de compuestos'!$M$2:$M$48,A83),COUNTIFS('Conciliacion de compuestos'!$D$2:$D$48,"conciliado",'Conciliacion de compuestos'!$E$2:$E$48,"OK",'Conciliacion de compuestos'!$N$2:$N$48,A83),COUNTIFS('Conciliacion de compuestos'!$D$2:$D$48,"conciliado",'Conciliacion de compuestos'!$E$2:$E$48,"OK",'Conciliacion de compuestos'!$O$2:$O$48,A83))>0,"conciliado","por revisar")
A84: 98 | B84: 46001 | C84: liss melo villarreal | D84: 140400 | E84: =IF(G84="conciliado","conciliado",I84) | F84: =IF(SUM(COUNTIFS('Conciliacion de compuestos'!$D$2:$D$48,"conciliado",'Conciliacion de compuestos'!$E$2:$E$48,"OK",'Conciliacion de compuestos'!$M$2:$M$48,A84),COUNTIFS('Conciliacion de compuestos'!$D$2:$D$48,"conciliado",'Conciliacion de compuestos'!$E$2:$E$48,"OK",'Conciliacion de compuestos'!$N$2:$N$48,A84),COUNTIFS('Conciliacion de compuestos'!$D$2:$D$48,"conciliado",'Conciliacion de compuestos'!$E$2:$E$48,"OK",'Conciliacion de compuestos'!$O$2:$O$48,A84))>0,IFERROR(TEXTJOIN(CHAR(10),TRUE,FILTER('Conciliacion de compuestos'!$A$2:$A$48,('Conciliacion de compuestos'!$D$2:$D$48="conciliado")*('Conciliacion de compuestos'!$E$2:$E$48="OK")*((('Conciliacion de compuestos'!$M$2:$M$48=A84)+('Conciliacion de compuestos'!$N$2:$N$48=A84)+('Conciliacion de compuestos'!$O$2:$O$48=A84))>0))),""),"") | G84: =IF(I84="conciliado","conciliado","por revisar") | I84: =IF(SUM(COUNTIFS('Conciliacion de compuestos'!$D$2:$D$48,"conciliado",'Conciliacion de compuestos'!$E$2:$E$48,"OK",'Conciliacion de compuestos'!$M$2:$M$48,A84),COUNTIFS('Conciliacion de compuestos'!$D$2:$D$48,"conciliado",'Conciliacion de compuestos'!$E$2:$E$48,"OK",'Conciliacion de compuestos'!$N$2:$N$48,A84),COUNTIFS('Conciliacion de compuestos'!$D$2:$D$48,"conciliado",'Conciliacion de compuestos'!$E$2:$E$48,"OK",'Conciliacion de compuestos'!$O$2:$O$48,A84))>0,"conciliado","por revisar")
A85: 93 | B85: 46001 | C85: hoz la sanmiguel | D85: 82000 | E85: =IF(G85="conciliado","conciliado",I85) | F85: =IF(SUM(COUNTIFS('Conciliacion de compuestos'!$D$2:$D$48,"conciliado",'Conciliacion de compuestos'!$E$2:$E$48,"OK",'Conciliacion de compuestos'!$M$2:$M$48,A85),COUNTIFS('Conciliacion de compuestos'!$D$2:$D$48,"conciliado",'Conciliacion de compuestos'!$E$2:$E$48,"OK",'Conciliacion de compuestos'!$N$2:$N$48,A85),COUNTIFS('Conciliacion de compuestos'!$D$2:$D$48,"conciliado",'Conciliacion de compuestos'!$E$2:$E$48,"OK",'Conciliacion de compuestos'!$O$2:$O$48,A85))>0,IFERROR(TEXTJOIN(CHAR(10),TRUE,FILTER('Conciliacion de compuestos'!$A$2:$A$48,('Conciliacion de compuestos'!$D$2:$D$48="conciliado")*('Conciliacion de compuestos'!$E$2:$E$48="OK")*((('Conciliacion de compuestos'!$M$2:$M$48=A85)+('Conciliacion de compuestos'!$N$2:$N$48=A85)+('Conciliacion de compuestos'!$O$2:$O$48=A85))>0))),""),"") | G85: =IF(I85="conciliado","conciliado","por revisar") | I85: =IF(SUM(COUNTIFS('Conciliacion de compuestos'!$D$2:$D$48,"conciliado",'Conciliacion de compuestos'!$E$2:$E$48,"OK",'Conciliacion de compuestos'!$M$2:$M$48,A85),COUNTIFS('Conciliacion de compuestos'!$D$2:$D$48,"conciliado",'Conciliacion de compuestos'!$E$2:$E$48,"OK",'Conciliacion de compuestos'!$N$2:$N$48,A85),COUNTIFS('Conciliacion de compuestos'!$D$2:$D$48,"conciliado",'Conciliacion de compuestos'!$E$2:$E$48,"OK",'Conciliacion de compuestos'!$O$2:$O$48,A85))>0,"conciliado","por revisar")
A86: 91 | B86: 46001 | C86: felipe luis villota | D86: 48150 | E86: =IF(G86="conciliado","conciliado",I86) | F86: =IF(SUM(COUNTIFS('Conciliacion de compuestos'!$D$2:$D$48,"conciliado",'Conciliacion de compuestos'!$E$2:$E$48,"OK",'Conciliacion de compuestos'!$M$2:$M$48,A86),COUNTIFS('Conciliacion de compuestos'!$D$2:$D$48,"conciliado",'Conciliacion de compuestos'!$E$2:$E$48,"OK",'Conciliacion de compuestos'!$N$2:$N$48,A86),COUNTIFS('Conciliacion de compuestos'!$D$2:$D$48,"conciliado",'Conciliacion de compuestos'!$E$2:$E$48,"OK",'Conciliacion de compuestos'!$O$2:$O$48,A86))>0,IFERROR(TEXTJOIN(CHAR(10),TRUE,FILTER('Conciliacion de compuestos'!$A$2:$A$48,('Conciliacion de compuestos'!$D$2:$D$48="conciliado")*('Conciliacion de compuestos'!$E$2:$E$48="OK")*((('Conciliacion de compuestos'!$M$2:$M$48=A86)+('Conciliacion de compuestos'!$N$2:$N$48=A86)+('Conciliacion de compuestos'!$O$2:$O$48=A86))>0))),""),"") | G86: =IF(I86="conciliado","conciliado","por revisar") | I86: =IF(SUM(COUNTIFS('Conciliacion de compuestos'!$D$2:$D$48,"conciliado",'Conciliacion de compuestos'!$E$2:$E$48,"OK",'Conciliacion de compuestos'!$M$2:$M$48,A86),COUNTIFS('Conciliacion de compuestos'!$D$2:$D$48,"conciliado",'Conciliacion de compuestos'!$E$2:$E$48,"OK",'Conciliacion de compuestos'!$N$2:$N$48,A86),COUNTIFS('Conciliacion de compuestos'!$D$2:$D$48,"conciliado",'Conciliacion de compuestos'!$E$2:$E$48,"OK",'Conciliacion de compuestos'!$O$2:$O$48,A86))>0,"conciliado","por revisar")
A87: 101 | B87: 46001 | C87: betancourt javier | D87: 45200 | E87: =IF(G87="conciliado","conciliado",I87) | F87: =IF(SUM(COUNTIFS('Conciliacion de compuestos'!$D$2:$D$48,"conciliado",'Conciliacion de compuestos'!$E$2:$E$48,"OK",'Conciliacion de compuestos'!$M$2:$M$48,A87),COUNTIFS('Conciliacion de compuestos'!$D$2:$D$48,"conciliado",'Conciliacion de compuestos'!$E$2:$E$48,"OK",'Conciliacion de compuestos'!$N$2:$N$48,A87),COUNTIFS('Conciliacion de compuestos'!$D$2:$D$48,"conciliado",'Conciliacion de compuestos'!$E$2:$E$48,"OK",'Conciliacion de compuestos'!$O$2:$O$48,A87))>0,IFERROR(TEXTJOIN(CHAR(10),TRUE,FILTER('Conciliacion de compuestos'!$A$2:$A$48,('Conciliacion de compuestos'!$D$2:$D$48="conciliado")*('Conciliacion de compuestos'!$E$2:$E$48="OK")*((('Conciliacion de compuestos'!$M$2:$M$48=A87)+('Conciliacion de compuestos'!$N$2:$N$48=A87)+('Conciliacion de compuestos'!$O$2:$O$48=A87))>0))),""),"") | G87: =IF(I87="conciliado","conciliado","por revisar") | I87: =IF(SUM(COUNTIFS('Conciliacion de compuestos'!$D$2:$D$48,"conciliado",'Conciliacion de compuestos'!$E$2:$E$48,"OK",'Conciliacion de compuestos'!$M$2:$M$48,A87),COUNTIFS('Conciliacion de compuestos'!$D$2:$D$48,"conciliado",'Conciliacion de compuestos'!$E$2:$E$48,"OK",'Conciliacion de compuestos'!$N$2:$N$48,A87),COUNTIFS('Conciliacion de compuestos'!$D$2:$D$48,"conciliado",'Conciliacion de compuestos'!$E$2:$E$48,"OK",'Conciliacion de compuestos'!$O$2:$O$48,A87))>0,"conciliado","por revisar")
A88: 100 | B88: 46001 | C88: criollo mariela | D88: 30000 | E88: =IF(G88="conciliado","conciliado",I88) | F88: =IF(SUM(COUNTIFS('Conciliacion de compuestos'!$D$2:$D$48,"conciliado",'Conciliacion de compuestos'!$E$2:$E$48,"OK",'Conciliacion de compuestos'!$M$2:$M$48,A88),COUNTIFS('Conciliacion de compuestos'!$D$2:$D$48,"conciliado",'Conciliacion de compuestos'!$E$2:$E$48,"OK",'Conciliacion de compuestos'!$N$2:$N$48,A88),COUNTIFS('Conciliacion de compuestos'!$D$2:$D$48,"conciliado",'Conciliacion de compuestos'!$E$2:$E$48,"OK",'Conciliacion de compuestos'!$O$2:$O$48,A88))>0,IFERROR(TEXTJOIN(CHAR(10),TRUE,FILTER('Conciliacion de compuestos'!$A$2:$A$48,('Conciliacion de compuestos'!$D$2:$D$48="conciliado")*('Conciliacion de compuestos'!$E$2:$E$48="OK")*((('Conciliacion de compuestos'!$M$2:$M$48=A88)+('Conciliacion de compuestos'!$N$2:$N$48=A88)+('Conciliacion de compuestos'!$O$2:$O$48=A88))>0))),""),"") | G88: =IF(I88="conciliado","conciliado","por revisar") | I88: =IF(SUM(COUNTIFS('Conciliacion de compuestos'!$D$2:$D$48,"conciliado",'Conciliacion de compuestos'!$E$2:$E$48,"OK",'Conciliacion de compuestos'!$M$2:$M$48,A88),COUNTIFS('Conciliacion de compuestos'!$D$2:$D$48,"conciliado",'Conciliacion de compuestos'!$E$2:$E$48,"OK",'Conciliacion de compuestos'!$N$2:$N$48,A88),COUNTIFS('Conciliacion de compuestos'!$D$2:$D$48,"conciliado",'Conciliacion de compuestos'!$E$2:$E$48,"OK",'Conciliacion de compuestos'!$O$2:$O$48,A88))>0,"conciliado","por revisar")
A89: 96 | B89: 46001 | C89: diaz fabian gomez | D89: 50904 | E89: =IF(G89="conciliado","conciliado",I89) | F89: =IF(SUM(COUNTIFS('Conciliacion de compuestos'!$D$2:$D$48,"conciliado",'Conciliacion de compuestos'!$E$2:$E$48,"OK",'Conciliacion de compuestos'!$M$2:$M$48,A89),COUNTIFS('Conciliacion de compuestos'!$D$2:$D$48,"conciliado",'Conciliacion de compuestos'!$E$2:$E$48,"OK",'Conciliacion de compuestos'!$N$2:$N$48,A89),COUNTIFS('Conciliacion de compuestos'!$D$2:$D$48,"conciliado",'Conciliacion de compuestos'!$E$2:$E$48,"OK",'Conciliacion de compuestos'!$O$2:$O$48,A89))>0,IFERROR(TEXTJOIN(CHAR(10),TRUE,FILTER('Conciliacion de compuestos'!$A$2:$A$48,('Conciliacion de compuestos'!$D$2:$D$48="conciliado")*('Conciliacion de compuestos'!$E$2:$E$48="OK")*((('Conciliacion de compuestos'!$M$2:$M$48=A89)+('Conciliacion de compuestos'!$N$2:$N$48=A89)+('Conciliacion de compuestos'!$O$2:$O$48=A89))>0))),""),"") | G89: =IF(I89="conciliado","conciliado","por revisar") | I89: =IF(SUM(COUNTIFS('Conciliacion de compuestos'!$D$2:$D$48,"conciliado",'Conciliacion de compuestos'!$E$2:$E$48,"OK",'Conciliacion de compuestos'!$M$2:$M$48,A89),COUNTIFS('Conciliacion de compuestos'!$D$2:$D$48,"conciliado",'Conciliacion de compuestos'!$E$2:$E$48,"OK",'Conciliacion de compuestos'!$N$2:$N$48,A89),COUNTIFS('Conciliacion de compuestos'!$D$2:$D$48,"conciliado",'Conciliacion de compuestos'!$E$2:$E$48,"OK",'Conciliacion de compuestos'!$O$2:$O$48,A89))>0,"conciliado","por revisar")
A90: 99 | B90: 46001 | C90: alvarez chavez crist | D90: 48000 | E90: =IF(G90="conciliado","conciliado",I90) | F90: =IF(SUM(COUNTIFS('Conciliacion de compuestos'!$D$2:$D$48,"conciliado",'Conciliacion de compuestos'!$E$2:$E$48,"OK",'Conciliacion de compuestos'!$M$2:$M$48,A90),COUNTIFS('Conciliacion de compuestos'!$D$2:$D$48,"conciliado",'Conciliacion de compuestos'!$E$2:$E$48,"OK",'Conciliacion de compuestos'!$N$2:$N$48,A90),COUNTIFS('Conciliacion de compuestos'!$D$2:$D$48,"conciliado",'Conciliacion de compuestos'!$E$2:$E$48,"OK",'Conciliacion de compuestos'!$O$2:$O$48,A90))>0,IFERROR(TEXTJOIN(CHAR(10),TRUE,FILTER('Conciliacion de compuestos'!$A$2:$A$48,('Conciliacion de compuestos'!$D$2:$D$48="conciliado")*('Conciliacion de compuestos'!$E$2:$E$48="OK")*((('Conciliacion de compuestos'!$M$2:$M$48=A90)+('Conciliacion de compuestos'!$N$2:$N$48=A90)+('Conciliacion de compuestos'!$O$2:$O$48=A90))>0))),""),"") | G90: =IF(I90="conciliado","conciliado","por revisar") | I90: =IF(SUM(COUNTIFS('Conciliacion de compuestos'!$D$2:$D$48,"conciliado",'Conciliacion de compuestos'!$E$2:$E$48,"OK",'Conciliacion de compuestos'!$M$2:$M$48,A90),COUNTIFS('Conciliacion de compuestos'!$D$2:$D$48,"conciliado",'Conciliacion de compuestos'!$E$2:$E$48,"OK",'Conciliacion de compuestos'!$N$2:$N$48,A90),COUNTIFS('Conciliacion de compuestos'!$D$2:$D$48,"conciliado",'Conciliacion de compuestos'!$E$2:$E$48,"OK",'Conciliacion de compuestos'!$O$2:$O$48,A90))>0,"conciliado","por revisar")
A91: 103 | B91: 46002 | C91: cuacialpud hernandez | D91: 291308 | E91: =IF(G91="conciliado","conciliado",I91) | F91: =IF(SUM(COUNTIFS('Conciliacion de compuestos'!$D$2:$D$48,"conciliado",'Conciliacion de compuestos'!$E$2:$E$48,"OK",'Conciliacion de compuestos'!$M$2:$M$48,A91),COUNTIFS('Conciliacion de compuestos'!$D$2:$D$48,"conciliado",'Conciliacion de compuestos'!$E$2:$E$48,"OK",'Conciliacion de compuestos'!$N$2:$N$48,A91),COUNTIFS('Conciliacion de compuestos'!$D$2:$D$48,"conciliado",'Conciliacion de compuestos'!$E$2:$E$48,"OK",'Conciliacion de compuestos'!$O$2:$O$48,A91))>0,IFERROR(TEXTJOIN(CHAR(10),TRUE,FILTER('Conciliacion de compuestos'!$A$2:$A$48,('Conciliacion de compuestos'!$D$2:$D$48="conciliado")*('Conciliacion de compuestos'!$E$2:$E$48="OK")*((('Conciliacion de compuestos'!$M$2:$M$48=A91)+('Conciliacion de compuestos'!$N$2:$N$48=A91)+('Conciliacion de compuestos'!$O$2:$O$48=A91))>0))),""),"") | G91: =IF(I91="conciliado","conciliado","por revisar") | I91: =IF(SUM(COUNTIFS('Conciliacion de compuestos'!$D$2:$D$48,"conciliado",'Conciliacion de compuestos'!$E$2:$E$48,"OK",'Conciliacion de compuestos'!$M$2:$M$48,A91),COUNTIFS('Conciliacion de compuestos'!$D$2:$D$48,"conciliado",'Conciliacion de compuestos'!$E$2:$E$48,"OK",'Conciliacion de compuestos'!$N$2:$N$48,A91),COUNTIFS('Conciliacion de compuestos'!$D$2:$D$48,"conciliado",'Conciliacion de compuestos'!$E$2:$E$48,"OK",'Conciliacion de compuestos'!$O$2:$O$48,A91))>0,"conciliado","por revisar")
A92: 109 | B92: 46002 | C92: cuaran jeisso mueses | D92: 112600 | E92: =IF(G92="conciliado","conciliado",I92) | F92: =IF(SUM(COUNTIFS('Conciliacion de compuestos'!$D$2:$D$48,"conciliado",'Conciliacion de compuestos'!$E$2:$E$48,"OK",'Conciliacion de compuestos'!$M$2:$M$48,A92),COUNTIFS('Conciliacion de compuestos'!$D$2:$D$48,"conciliado",'Conciliacion de compuestos'!$E$2:$E$48,"OK",'Conciliacion de compuestos'!$N$2:$N$48,A92),COUNTIFS('Conciliacion de compuestos'!$D$2:$D$48,"conciliado",'Conciliacion de compuestos'!$E$2:$E$48,"OK",'Conciliacion de compuestos'!$O$2:$O$48,A92))>0,IFERROR(TEXTJOIN(CHAR(10),TRUE,FILTER('Conciliacion de compuestos'!$A$2:$A$48,('Conciliacion de compuestos'!$D$2:$D$48="conciliado")*('Conciliacion de compuestos'!$E$2:$E$48="OK")*((('Conciliacion de compuestos'!$M$2:$M$48=A92)+('Conciliacion de compuestos'!$N$2:$N$48=A92)+('Conciliacion de compuestos'!$O$2:$O$48=A92))>0))),""),"") | G92: =IF(I92="conciliado","conciliado","por revisar") | I92: =IF(SUM(COUNTIFS('Conciliacion de compuestos'!$D$2:$D$48,"conciliado",'Conciliacion de compuestos'!$E$2:$E$48,"OK",'Conciliacion de compuestos'!$M$2:$M$48,A92),COUNTIFS('Conciliacion de compuestos'!$D$2:$D$48,"conciliado",'Conciliacion de compuestos'!$E$2:$E$48,"OK",'Conciliacion de compuestos'!$N$2:$N$48,A92),COUNTIFS('Conciliacion de compuestos'!$D$2:$D$48,"conciliado",'Conciliacion de compuestos'!$E$2:$E$48,"OK",'Conciliacion de compuestos'!$O$2:$O$48,A92))>0,"conciliado","por revisar")
A93: 106 | B93: 46002 | C93: calvache luci munoz | D93: 145200 | E93: =IF(G93="conciliado","conciliado",I93) | F93: =IF(SUM(COUNTIFS('Conciliacion de compuestos'!$D$2:$D$48,"conciliado",'Conciliacion de compuestos'!$E$2:$E$48,"OK",'Conciliacion de compuestos'!$M$2:$M$48,A93),COUNTIFS('Conciliacion de compuestos'!$D$2:$D$48,"conciliado",'Conciliacion de compuestos'!$E$2:$E$48,"OK",'Conciliacion de compuestos'!$N$2:$N$48,A93),COUNTIFS('Conciliacion de compuestos'!$D$2:$D$48,"conciliado",'Conciliacion de compuestos'!$E$2:$E$48,"OK",'Conciliacion de compuestos'!$O$2:$O$48,A93))>0,IFERROR(TEXTJOIN(CHAR(10),TRUE,FILTER('Conciliacion de compuestos'!$A$2:$A$48,('Conciliacion de compuestos'!$D$2:$D$48="conciliado")*('Conciliacion de compuestos'!$E$2:$E$48="OK")*((('Conciliacion de compuestos'!$M$2:$M$48=A93)+('Conciliacion de compuestos'!$N$2:$N$48=A93)+('Conciliacion de compuestos'!$O$2:$O$48=A93))>0))),""),"") | G93: =IF(I93="conciliado","conciliado","por revisar") | I93: =IF(SUM(COUNTIFS('Conciliacion de compuestos'!$D$2:$D$48,"conciliado",'Conciliacion de compuestos'!$E$2:$E$48,"OK",'Conciliacion de compuestos'!$M$2:$M$48,A93),COUNTIFS('Conciliacion de compuestos'!$D$2:$D$48,"conciliado",'Conciliacion de compuestos'!$E$2:$E$48,"OK",'Conciliacion de compuestos'!$N$2:$N$48,A93),COUNTIFS('Conciliacion de compuestos'!$D$2:$D$48,"conciliado",'Conciliacion de compuestos'!$E$2:$E$48,"OK",'Conciliacion de compuestos'!$O$2:$O$48,A93))>0,"conciliado","por revisar")
A94: 107 | B94: 46002 | C94: cabrera gutierrez je | D94: 73000 | E94: =IF(G94="conciliado","conciliado",I94) | F94: =IF(SUM(COUNTIFS('Conciliacion de compuestos'!$D$2:$D$48,"conciliado",'Conciliacion de compuestos'!$E$2:$E$48,"OK",'Conciliacion de compuestos'!$M$2:$M$48,A94),COUNTIFS('Conciliacion de compuestos'!$D$2:$D$48,"conciliado",'Conciliacion de compuestos'!$E$2:$E$48,"OK",'Conciliacion de compuestos'!$N$2:$N$48,A94),COUNTIFS('Conciliacion de compuestos'!$D$2:$D$48,"conciliado",'Conciliacion de compuestos'!$E$2:$E$48,"OK",'Conciliacion de compuestos'!$O$2:$O$48,A94))>0,IFERROR(TEXTJOIN(CHAR(10),TRUE,FILTER('Conciliacion de compuestos'!$A$2:$A$48,('Conciliacion de compuestos'!$D$2:$D$48="conciliado")*('Conciliacion de compuestos'!$E$2:$E$48="OK")*((('Conciliacion de compuestos'!$M$2:$M$48=A94)+('Conciliacion de compuestos'!$N$2:$N$48=A94)+('Conciliacion de compuestos'!$O$2:$O$48=A94))>0))),""),"") | G94: =IF(I94="conciliado","conciliado","por revisar") | I94: =IF(SUM(COUNTIFS('Conciliacion de compuestos'!$D$2:$D$48,"conciliado",'Conciliacion de compuestos'!$E$2:$E$48,"OK",'Conciliacion de compuestos'!$M$2:$M$48,A94),COUNTIFS('Conciliacion de compuestos'!$D$2:$D$48,"conciliado",'Conciliacion de compuestos'!$E$2:$E$48,"OK",'Conciliacion de compuestos'!$N$2:$N$48,A94),COUNTIFS('Conciliacion de compuestos'!$D$2:$D$48,"conciliado",'Conciliacion de compuestos'!$E$2:$E$48,"OK",'Conciliacion de compuestos'!$O$2:$O$48,A94))>0,"conciliado","por revisar")
... A97: 130 | B97: 46005 | C97: marquez nanc narvaez | D97: 31000 | E97: =IF(G97="conciliado","conciliado",I97) | F97: =IF(SUM(COUNTIFS('Conciliacion de compuestos'!$D$2:$D$48,"conciliado",'Conciliacion de compuestos'!$E$2:$E$48,"OK",'Conciliacion de compuestos'!$M$2:$M$48,A97),COUNTIFS('Conciliacion de compuestos'!$D$2:$D$48,"conciliado",'Conciliacion de compuestos'!$E$2:$E$48,"OK",'Conciliacion de compuestos'!$N$2:$N$48,A97),COUNTIFS('Conciliacion de compuestos'!$D$2:$D$48,"conciliado",'Conciliacion de compuestos'!$E$2:$E$48,"OK",'Conciliacion de compuestos'!$O$2:$O$48,A97))>0,IFERROR(TEXTJOIN(CHAR(10),TRUE,FILTER('Conciliacion de compuestos'!$A$2:$A$48,('Conciliacion de compuestos'!$D$2:$D$48="conciliado")*('Conciliacion de compuestos'!$E$2:$E$48="OK")*((('Conciliacion de compuestos'!$M$2:$M$48=A97)+('Conciliacion de compuestos'!$N$2:$N$48=A97)+('Conciliacion de compuestos'!$O$2:$O$48=A97))>0))),""),"") | G97: =IF(I97="conciliado","conciliado","por revisar") | I97: =IF(SUM(COUNTIFS('Conciliacion de compuestos'!$D$2:$D$48,"conciliado",'Conciliacion de compuestos'!$E$2:$E$48,"OK",'Conciliacion de compuestos'!$M$2:$M$48,A97),COUNTIFS('Conciliacion de compuestos'!$D$2:$D$48,"conciliado",'Conciliacion de compuestos'!$E$2:$E$48,"OK",'Conciliacion de compuestos'!$N$2:$N$48,A97),COUNTIFS('Conciliacion de compuestos'!$D$2:$D$48,"conciliado",'Conciliacion de compuestos'!$E$2:$E$48,"OK",'Conciliacion de compuestos'!$O$2:$O$48,A97))>0,"conciliado","por revisar")
A98: 140 | B98: 46006 | C98: arias eduar valencia | D98: 33000 | E98: =IF(G98="conciliado","conciliado",I98) | F98: 708 | 2025-12-15 | 33,000 | consignacion credibanco d e | G98: =IF(I98="conciliado","conciliado","por revisar") | I98: conciliado
A99: 136 | B99: 46005 | C99: deil hernandez ortiz | D99: 105200 | E99: =IF(G99="conciliado","conciliado",I99) | F99: =IF(SUM(COUNTIFS('Conciliacion de compuestos'!$D$2:$D$48,"conciliado",'Conciliacion de compuestos'!$E$2:$E$48,"OK",'Conciliacion de compuestos'!$M$2:$M$48,A99),COUNTIFS('Conciliacion de compuestos'!$D$2:$D$48,"conciliado",'Conciliacion de compuestos'!$E$2:$E$48,"OK",'Conciliacion de compuestos'!$N$2:$N$48,A99),COUNTIFS('Conciliacion de compuestos'!$D$2:$D$48,"conciliado",'Conciliacion de compuestos'!$E$2:$E$48,"OK",'Conciliacion de compuestos'!$O$2:$O$48,A99))>0,IFERROR(TEXTJOIN(CHAR(10),TRUE,FILTER('Conciliacion de compuestos'!$A$2:$A$48,('Conciliacion de compuestos'!$D$2:$D$48="conciliado")*('Conciliacion de compuestos'!$E$2:$E$48="OK")*((('Conciliacion de compuestos'!$M$2:$M$48=A99)+('Conciliacion de compuestos'!$N$2:$N$48=A99)+('Conciliacion de compuestos'!$O$2:$O$48=A99))>0))),""),"") | G99: =IF(I99="conciliado","conciliado","por revisar") | I99: =IF(SUM(COUNTIFS('Conciliacion de compuestos'!$D$2:$D$48,"conciliado",'Conciliacion de compuestos'!$E$2:$E$48,"OK",'Conciliacion de compuestos'!$M$2:$M$48,A99),COUNTIFS('Conciliacion de compuestos'!$D$2:$D$48,"conciliado",'Conciliacion de compuestos'!$E$2:$E$48,"OK",'Conciliacion de compuestos'!$N$2:$N$48,A99),COUNTIFS('Conciliacion de compuestos'!$D$2:$D$48,"conciliado",'Conciliacion de compuestos'!$E$2:$E$48,"OK",'Conciliacion de compuestos'!$O$2:$O$48,A99))>0,"conciliado","por revisar")
A100: 132 | B100: 46005 | C100: carlos cuervo juan v | D100: 86100 | E100: =IF(G100="conciliado","conciliado",I100) | F100: =IF(SUM(COUNTIFS('Conciliacion de compuestos'!$D$2:$D$48,"conciliado",'Conciliacion de compuestos'!$E$2:$E$48,"OK",'Conciliacion de compuestos'!$M$2:$M$48,A100),COUNTIFS('Conciliacion de compuestos'!$D$2:$D$48,"conciliado",'Conciliacion de compuestos'!$E$2:$E$48,"OK",'Conciliacion de compuestos'!$N$2:$N$48,A100),COUNTIFS('Conciliacion de compuestos'!$D$2:$D$48,"conciliado",'Conciliacion de compuestos'!$E$2:$E$48,"OK",'Conciliacion de compuestos'!$O$2:$O$48,A100))>0,IFERROR(TEXTJOIN(CHAR(10),TRUE,FILTER('Conciliacion de compuestos'!$A$2:$A$48,('Conciliacion de compuestos'!$D$2:$D$48="conciliado")*('Conciliacion de compuestos'!$E$2:$E$48="OK")*((('Conciliacion de compuestos'!$M$2:$M$48=A100)+('Conciliacion de compuestos'!$N$2:$N$48=A100)+('Conciliacion de compuestos'!$O$2:$O$48=A100))>0))),""),"") | G100: =IF(I100="conciliado","conciliado","por revisar") | I100: =IF(SUM(COUNTIFS('Conciliacion de compuestos'!$D$2:$D$48,"conciliado",'Conciliacion de compuestos'!$E$2:$E$48,"OK",'Conciliacion de compuestos'!$M$2:$M$48,A100),COUNTIFS('Conciliacion de compuestos'!$D$2:$D$48,"conciliado",'Conciliacion de compuestos'!$E$2:$E$48,"OK",'Conciliacion de compuestos'!$N$2:$N$48,A100),COUNTIFS('Conciliacion de compuestos'!$D$2:$D$48,"conciliado",'Conciliacion de compuestos'!$E$2:$E$48,"OK",'Conciliacion de compuestos'!$O$2:$O$48,A100))>0,"conciliado","por revisar")
A101: 133 | B101: 46005 | C101: l piedad ramos rueda | D101: 15000 | E101: =IF(G101="conciliado","conciliado",I101) | F101: =IF(SUM(COUNTIFS('Conciliacion de compuestos'!$D$2:$D$48,"conciliado",'Conciliacion de compuestos'!$E$2:$E$48,"OK",'Conciliacion de compuestos'!$M$2:$M$48,A101),COUNTIFS('Conciliacion de compuestos'!$D$2:$D$48,"conciliado",'Conciliacion de compuestos'!$E$2:$E$48,"OK",'Conciliacion de compuestos'!$N$2:$N$48,A101),COUNTIFS('Conciliacion de compuestos'!$D$2:$D$48,"conciliado",'Conciliacion de compuestos'!$E$2:$E$48,"OK",'Conciliacion de compuestos'!$O$2:$O$48,A101))>0,IFERROR(TEXTJOIN(CHAR(10),TRUE,FILTER('Conciliacion de compuestos'!$A$2:$A$48,('Conciliacion de compuestos'!$D$2:$D$48="conciliado")*('Conciliacion de compuestos'!$E$2:$E$48="OK")*((('Conciliacion de compuestos'!$M$2:$M$48=A101)+('Conciliacion de compuestos'!$N$2:$N$48=A101)+('Conciliacion de compuestos'!$O$2:$O$48=A101))>0))),""),"") | G101: =IF(I101="conciliado","conciliado","por revisar") | I101: =IF(SUM(COUNTIFS('Conciliacion de compuestos'!$D$2:$D$48,"conciliado",'Conciliacion de compuestos'!$E$2:$E$48,"OK",'Conciliacion de compuestos'!$M$2:$M$48,A101),COUNTIFS('Conciliacion de compuestos'!$D$2:$D$48,"conciliado",'Conciliacion de compuestos'!$E$2:$E$48,"OK",'Conciliacion de compuestos'!$N$2:$N$48,A101),COUNTIFS('Conciliacion de compuestos'!$D$2:$D$48,"conciliado",'Conciliacion de compuestos'!$E$2:$E$48,"OK",'Conciliacion de compuestos'!$O$2:$O$48,A101))>0,"conciliado","por revisar")
A102: 116 | B102: 46003 | C102: d luis ruiz tarapuez | D102: 77800 | E102: =IF(G102="conciliado","conciliado",I102) | F102: =IF(SUM(COUNTIFS('Conciliacion de compuestos'!$D$2:$D$48,"conciliado",'Conciliacion de compuestos'!$E$2:$E$48,"OK",'Conciliacion de compuestos'!$M$2:$M$48,A102),COUNTIFS('Conciliacion de compuestos'!$D$2:$D$48,"conciliado",'Conciliacion de compuestos'!$E$2:$E$48,"OK",'Conciliacion de compuestos'!$N$2:$N$48,A102),COUNTIFS('Conciliacion de compuestos'!$D$2:$D$48,"conciliado",'Conciliacion de compuestos'!$E$2:$E$48,"OK",'Conciliacion de compuestos'!$O$2:$O$48,A102))>0,IFERROR(TEXTJOIN(CHAR(10),TRUE,FILTER('Conciliacion de compuestos'!$A$2:$A$48,('Conciliacion de compuestos'!$D$2:$D$48="conciliado")*('Conciliacion de compuestos'!$E$2:$E$48="OK")*((('Conciliacion de compuestos'!$M$2:$M$48=A102)+('Conciliacion de compuestos'!$N$2:$N$48=A102)+('Conciliacion de compuestos'!$O$2:$O$48=A102))>0))),""),"") | G102: =IF(I102="conciliado","conciliado","por revisar") | I102: =IF(SUM(COUNTIFS('Conciliacion de compuestos'!$D$2:$D$48,"conciliado",'Conciliacion de compuestos'!$E$2:$E$48,"OK",'Conciliacion de compuestos'!$M$2:$M$48,A102),COUNTIFS('Conciliacion de compuestos'!$D$2:$D$48,"conciliado",'Conciliacion de compuestos'!$E$2:$E$48,"OK",'Conciliacion de compuestos'!$N$2:$N$48,A102),COUNTIFS('Conciliacion de compuestos'!$D$2:$D$48,"conciliado",'Conciliacion de compuestos'!$E$2:$E$48,"OK",'Conciliacion de compuestos'!$O$2:$O$48,A102))>0,"conciliado","por revisar")
A103: 114 | B103: 46003 | C103: claudi diaz zandobal | D103: 70800 | E103: =IF(G103="conciliado","conciliado",I103) | F103: =IF(SUM(COUNTIFS('Conciliacion de compuestos'!$D$2:$D$48,"conciliado",'Conciliacion de compuestos'!$E$2:$E$48,"OK",'Conciliacion de compuestos'!$M$2:$M$48,A103),COUNTIFS('Conciliacion de compuestos'!$D$2:$D$48,"conciliado",'Conciliacion de compuestos'!$E$2:$E$48,"OK",'Conciliacion de compuestos'!$N$2:$N$48,A103),COUNTIFS('Conciliacion de compuestos'!$D$2:$D$48,"conciliado",'Conciliacion de compuestos'!$E$2:$E$48,"OK",'Conciliacion de compuestos'!$O$2:$O$48,A103))>0,IFERROR(TEXTJOIN(CHAR(10),TRUE,FILTER('Conciliacion de compuestos'!$A$2:$A$48,('Conciliacion de compuestos'!$D$2:$D$48="conciliado")*('Conciliacion de compuestos'!$E$2:$E$48="OK")*((('Conciliacion de compuestos'!$M$2:$M$48=A103)+('Conciliacion de compuestos'!$N$2:$N$48=A103)+('Conciliacion de compuestos'!$O$2:$O$48=A103))>0))),""),"") | G103: =IF(I103="conciliado","conciliado","por revisar") | I103: =IF(SUM(COUNTIFS('Conciliacion de compuestos'!$D$2:$D$48,"conciliado",'Conciliacion de compuestos'!$E$2:$E$48,"OK",'Conciliacion de compuestos'!$M$2:$M$48,A103),COUNTIFS('Conciliacion de compuestos'!$D$2:$D$48,"conciliado",'Conciliacion de compuestos'!$E$2:$E$48,"OK",'Conciliacion de compuestos'!$N$2:$N$48,A103),COUNTIFS('Conciliacion de compuestos'!$D$2:$D$48,"conciliado",'Conciliacion de compuestos'!$E$2:$E$48,"OK",'Conciliacion de compuestos'!$O$2:$O$48,A103))>0,"conciliado","por revisar")
A104: 111 | B104: 46003 | C104: hernan l potosi vela | D104: 162100 | E104: =IF(G104="conciliado","conciliado",I104) | F104: =IF(SUM(COUNTIFS('Conciliacion de compuestos'!$D$2:$D$48,"conciliado",'Conciliacion de compuestos'!$E$2:$E$48,"OK",'Conciliacion de compuestos'!$M$2:$M$48,A104),COUNTIFS('Conciliacion de compuestos'!$D$2:$D$48,"conciliado",'Conciliacion de compuestos'!$E$2:$E$48,"OK",'Conciliacion de compuestos'!$N$2:$N$48,A104),COUNTIFS('Conciliacion de compuestos'!$D$2:$D$48,"conciliado",'Conciliacion de compuestos'!$E$2:$E$48,"OK",'Conciliacion de compuestos'!$O$2:$O$48,A104))>0,IFERROR(TEXTJOIN(CHAR(10),TRUE,FILTER('Conciliacion de compuestos'!$A$2:$A$48,('Conciliacion de compuestos'!$D$2:$D$48="conciliado")*('Conciliacion de compuestos'!$E$2:$E$48="OK")*((('Conciliacion de compuestos'!$M$2:$M$48=A104)+('Conciliacion de compuestos'!$N$2:$N$48=A104)+('Conciliacion de compuestos'!$O$2:$O$48=A104))>0))),""),"") | G104: =IF(I104="conciliado","conciliado","por revisar") | I104: =IF(SUM(COUNTIFS('Conciliacion de compuestos'!$D$2:$D$48,"conciliado",'Conciliacion de compuestos'!$E$2:$E$48,"OK",'Conciliacion de compuestos'!$M$2:$M$48,A104),COUNTIFS('Conciliacion de compuestos'!$D$2:$D$48,"conciliado",'Conciliacion de compuestos'!$E$2:$E$48,"OK",'Conciliacion de compuestos'!$N$2:$N$48,A104),COUNTIFS('Conciliacion de compuestos'!$D$2:$D$48,"conciliado",'Conciliacion de compuestos'!$E$2:$E$48,"OK",'Conciliacion de compuestos'!$O$2:$O$48,A104))>0,"conciliado","por revisar")
A105: 120 | B105: 46003 | C105: guerrero ignacio | D105: 562700 | E105: =IF(G105="conciliado","conciliado",I105) | F105: =IF(SUM(COUNTIFS('Conciliacion de compuestos'!$D$2:$D$48,"conciliado",'Conciliacion de compuestos'!$E$2:$E$48,"OK",'Conciliacion de compuestos'!$M$2:$M$48,A105),COUNTIFS('Conciliacion de compuestos'!$D$2:$D$48,"conciliado",'Conciliacion de compuestos'!$E$2:$E$48,"OK",'Conciliacion de compuestos'!$N$2:$N$48,A105),COUNTIFS('Conciliacion de compuestos'!$D$2:$D$48,"conciliado",'Conciliacion de compuestos'!$E$2:$E$48,"OK",'Conciliacion de compuestos'!$O$2:$O$48,A105))>0,IFERROR(TEXTJOIN(CHAR(10),TRUE,FILTER('Conciliacion de compuestos'!$A$2:$A$48,('Conciliacion de compuestos'!$D$2:$D$48="conciliado")*('Conciliacion de compuestos'!$E$2:$E$48="OK")*((('Conciliacion de compuestos'!$M$2:$M$48=A105)+('Conciliacion de compuestos'!$N$2:$N$48=A105)+('Conciliacion de compuestos'!$O$2:$O$48=A105))>0))),""),"") | G105: =IF(I105="conciliado","conciliado","por revisar") | I105: =IF(SUM(COUNTIFS('Conciliacion de compuestos'!$D$2:$D$48,"conciliado",'Conciliacion de compuestos'!$E$2:$E$48,"OK",'Conciliacion de compuestos'!$M$2:$M$48,A105),COUNTIFS('Conciliacion de compuestos'!$D$2:$D$48,"conciliado",'Conciliacion de compuestos'!$E$2:$E$48,"OK",'Conciliacion de compuestos'!$N$2:$N$48,A105),COUNTIFS('Conciliacion de compuestos'!$D$2:$D$48,"conciliado",'Conciliacion de compuestos'!$E$2:$E$48,"OK",'Conciliacion de compuestos'!$O$2:$O$48,A105))>0,"conciliado","por revisar")
A106: 115 | B106: 46003 | C106: l piedad ramos rueda | D106: 45900 | E106: =IF(G106="conciliado","conciliado",I106) | F106: =IF(SUM(COUNTIFS('Conciliacion de compuestos'!$D$2:$D$48,"conciliado",'Conciliacion de compuestos'!$E$2:$E$48,"OK",'Conciliacion de compuestos'!$M$2:$M$48,A106),COUNTIFS('Conciliacion de compuestos'!$D$2:$D$48,"conciliado",'Conciliacion de compuestos'!$E$2:$E$48,"OK",'Conciliacion de compuestos'!$N$2:$N$48,A106),COUNTIFS('Conciliacion de compuestos'!$D$2:$D$48,"conciliado",'Conciliacion de compuestos'!$E$2:$E$48,"OK",'Conciliacion de compuestos'!$O$2:$O$48,A106))>0,IFERROR(TEXTJOIN(CHAR(10),TRUE,FILTER('Conciliacion de compuestos'!$A$2:$A$48,('Conciliacion de compuestos'!$D$2:$D$48="conciliado")*('Conciliacion de compuestos'!$E$2:$E$48="OK")*((('Conciliacion de compuestos'!$M$2:$M$48=A106)+('Conciliacion de compuestos'!$N$2:$N$48=A106)+('Conciliacion de compuestos'!$O$2:$O$48=A106))>0))),""),"") | G106: =IF(I106="conciliado","conciliado","por revisar") | I106: =IF(SUM(COUNTIFS('Conciliacion de compuestos'!$D$2:$D$48,"conciliado",'Conciliacion de compuestos'!$E$2:$E$48,"OK",'Conciliacion de compuestos'!$M$2:$M$48,A106),COUNTIFS('Conciliacion de compuestos'!$D$2:$D$48,"conciliado",'Conciliacion de compuestos'!$E$2:$E$48,"OK",'Conciliacion de compuestos'!$N$2:$N$48,A106),COUNTIFS('Conciliacion de compuestos'!$D$2:$D$48,"conciliado",'Conciliacion de compuestos'!$E$2:$E$48,"OK",'Conciliacion de compuestos'!$O$2:$O$48,A106))>0,"conciliado","por revisar")
A107: 117 | B107: 46003 | C107: al enriquez yaguapaz | D107: 40100 | E107: =IF(G107="conciliado","conciliado",I107) | F107: =IF(SUM(COUNTIFS('Conciliacion de compuestos'!$D$2:$D$48,"conciliado",'Conciliacion de compuestos'!$E$2:$E$48,"OK",'Conciliacion de compuestos'!$M$2:$M$48,A107),COUNTIFS('Conciliacion de compuestos'!$D$2:$D$48,"conciliado",'Conciliacion de compuestos'!$E$2:$E$48,"OK",'Conciliacion de compuestos'!$N$2:$N$48,A107),COUNTIFS('Conciliacion de compuestos'!$D$2:$D$48,"conciliado",'Conciliacion de compuestos'!$E$2:$E$48,"OK",'Conciliacion de compuestos'!$O$2:$O$48,A107))>0,IFERROR(TEXTJOIN(CHAR(10),TRUE,FILTER('Conciliacion de compuestos'!$A$2:$A$48,('Conciliacion de compuestos'!$D$2:$D$48="conciliado")*('Conciliacion de compuestos'!$E$2:$E$48="OK")*((('Conciliacion de compuestos'!$M$2:$M$48=A107)+('Conciliacion de compuestos'!$N$2:$N$48=A107)+('Conciliacion de compuestos'!$O$2:$O$48=A107))>0))),""),"") | G107: =IF(I107="conciliado","conciliado","por revisar") | I107: =IF(SUM(COUNTIFS('Conciliacion de compuestos'!$D$2:$D$48,"conciliado",'Conciliacion de compuestos'!$E$2:$E$48,"OK",'Conciliacion de compuestos'!$M$2:$M$48,A107),COUNTIFS('Conciliacion de compuestos'!$D$2:$D$48,"conciliado",'Conciliacion de compuestos'!$E$2:$E$48,"OK",'Conciliacion de compuestos'!$N$2:$N$48,A107),COUNTIFS('Conciliacion de compuestos'!$D$2:$D$48,"conciliado",'Conciliacion de compuestos'!$E$2:$E$48,"OK",'Conciliacion de compuestos'!$O$2:$O$48,A107))>0,"conciliado","por revisar")
A108: 113 | B108: 46003 | C108: juli morante salazar | D108: 155546 | E108: =IF(G108="conciliado","conciliado",I108) | F108: =IF(SUM(COUNTIFS('Conciliacion de compuestos'!$D$2:$D$48,"conciliado",'Conciliacion de compuestos'!$E$2:$E$48,"OK",'Conciliacion de compuestos'!$M$2:$M$48,A108),COUNTIFS('Conciliacion de compuestos'!$D$2:$D$48,"conciliado",'Conciliacion de compuestos'!$E$2:$E$48,"OK",'Conciliacion de compuestos'!$N$2:$N$48,A108),COUNTIFS('Conciliacion de compuestos'!$D$2:$D$48,"conciliado",'Conciliacion de compuestos'!$E$2:$E$48,"OK",'Conciliacion de compuestos'!$O$2:$O$48,A108))>0,IFERROR(TEXTJOIN(CHAR(10),TRUE,FILTER('Conciliacion de compuestos'!$A$2:$A$48,('Conciliacion de compuestos'!$D$2:$D$48="conciliado")*('Conciliacion de compuestos'!$E$2:$E$48="OK")*((('Conciliacion de compuestos'!$M$2:$M$48=A108)+('Conciliacion de compuestos'!$N$2:$N$48=A108)+('Conciliacion de compuestos'!$O$2:$O$48=A108))>0))),""),"") | G108: =IF(I108="conciliado","conciliado","por revisar") | I108: =IF(SUM(COUNTIFS('Conciliacion de compuestos'!$D$2:$D$48,"conciliado",'Conciliacion de compuestos'!$E$2:$E$48,"OK",'Conciliacion de compuestos'!$M$2:$M$48,A108),COUNTIFS('Conciliacion de compuestos'!$D$2:$D$48,"conciliado",'Conciliacion de compuestos'!$E$2:$E$48,"OK",'Conciliacion de compuestos'!$N$2:$N$48,A108),COUNTIFS('Conciliacion de compuestos'!$D$2:$D$48,"conciliado",'Conciliacion de compuestos'!$E$2:$E$48,"OK",'Conciliacion de compuestos'!$O$2:$O$48,A108))>0,"conciliado","por revisar")
A109: 112 | B109: 46003 | C109: casanas cazanas jame | D109: 36018 | E109: =IF(G109="conciliado","conciliado",I109) | F109: =IF(SUM(COUNTIFS('Conciliacion de compuestos'!$D$2:$D$48,"conciliado",'Conciliacion de compuestos'!$E$2:$E$48,"OK",'Conciliacion de compuestos'!$M$2:$M$48,A109),COUNTIFS('Conciliacion de compuestos'!$D$2:$D$48,"conciliado",'Conciliacion de compuestos'!$E$2:$E$48,"OK",'Conciliacion de compuestos'!$N$2:$N$48,A109),COUNTIFS('Conciliacion de compuestos'!$D$2:$D$48,"conciliado",'Conciliacion de compuestos'!$E$2:$E$48,"OK",'Conciliacion de compuestos'!$O$2:$O$48,A109))>0,IFERROR(TEXTJOIN(CHAR(10),TRUE,FILTER('Conciliacion de compuestos'!$A$2:$A$48,('Conciliacion de compuestos'!$D$2:$D$48="conciliado")*('Conciliacion de compuestos'!$E$2:$E$48="OK")*((('Conciliacion de compuestos'!$M$2:$M$48=A109)+('Conciliacion de compuestos'!$N$2:$N$48=A109)+('Conciliacion de compuestos'!$O$2:$O$48=A109))>0))),""),"") | G109: =IF(I109="conciliado","conciliado","por revisar") | I109: =IF(SUM(COUNTIFS('Conciliacion de compuestos'!$D$2:$D$48,"conciliado",'Conciliacion de compuestos'!$E$2:$E$48,"OK",'Conciliacion de compuestos'!$M$2:$M$48,A109),COUNTIFS('Conciliacion de compuestos'!$D$2:$D$48,"conciliado",'Conciliacion de compuestos'!$E$2:$E$48,"OK",'Conciliacion de compuestos'!$N$2:$N$48,A109),COUNTIFS('Conciliacion de compuestos'!$D$2:$D$48,"conciliado",'Conciliacion de compuestos'!$E$2:$E$48,"OK",'Conciliacion de compuestos'!$O$2:$O$48,A109))>0,"conciliado","por revisar")
A110: 121 | B110: 46004 | C110: angulo benavides yad | D110: 26500 | E110: =IF(G110="conciliado","conciliado",I110) | F110: =IF(SUM(COUNTIFS('Conciliacion de compuestos'!$D$2:$D$48,"conciliado",'Conciliacion de compuestos'!$E$2:$E$48,"OK",'Conciliacion de compuestos'!$M$2:$M$48,A110),COUNTIFS('Conciliacion de compuestos'!$D$2:$D$48,"conciliado",'Conciliacion de compuestos'!$E$2:$E$48,"OK",'Conciliacion de compuestos'!$N$2:$N$48,A110),COUNTIFS('Conciliacion de compuestos'!$D$2:$D$48,"conciliado",'Conciliacion de compuestos'!$E$2:$E$48,"OK",'Conciliacion de compuestos'!$O$2:$O$48,A110))>0,IFERROR(TEXTJOIN(CHAR(10),TRUE,FILTER('Conciliacion de compuestos'!$A$2:$A$48,('Conciliacion de compuestos'!$D$2:$D$48="conciliado")*('Conciliacion de compuestos'!$E$2:$E$48="OK")*((('Conciliacion de compuestos'!$M$2:$M$48=A110)+('Conciliacion de compuestos'!$N$2:$N$48=A110)+('Conciliacion de compuestos'!$O$2:$O$48=A110))>0))),""),"") | G110: =IF(I110="conciliado","conciliado","por revisar") | I110: =IF(SUM(COUNTIFS('Conciliacion de compuestos'!$D$2:$D$48,"conciliado",'Conciliacion de compuestos'!$E$2:$E$48,"OK",'Conciliacion de compuestos'!$M$2:$M$48,A110),COUNTIFS('Conciliacion de compuestos'!$D$2:$D$48,"conciliado",'Conciliacion de compuestos'!$E$2:$E$48,"OK",'Conciliacion de compuestos'!$N$2:$N$48,A110),COUNTIFS('Conciliacion de compuestos'!$D$2:$D$48,"conciliado",'Conciliacion de compuestos'!$E$2:$E$48,"OK",'Conciliacion de compuestos'!$O$2:$O$48,A110))>0,"conciliado","por revisar")
... A116: 134 | B116: 46005 | C116: diana garzon garzon | D116: 40200 | E116: =IF(G116="conciliado","conciliado",I116) | F116: =IF(SUM(COUNTIFS('Conciliacion de compuestos'!$D$2:$D$48,"conciliado",'Conciliacion de compuestos'!$E$2:$E$48,"OK",'Conciliacion de compuestos'!$M$2:$M$48,A116),COUNTIFS('Conciliacion de compuestos'!$D$2:$D$48,"conciliado",'Conciliacion de compuestos'!$E$2:$E$48,"OK",'Conciliacion de compuestos'!$N$2:$N$48,A116),COUNTIFS('Conciliacion de compuestos'!$D$2:$D$48,"conciliado",'Conciliacion de compuestos'!$E$2:$E$48,"OK",'Conciliacion de compuestos'!$O$2:$O$48,A116))>0,IFERROR(TEXTJOIN(CHAR(10),TRUE,FILTER('Conciliacion de compuestos'!$A$2:$A$48,('Conciliacion de compuestos'!$D$2:$D$48="conciliado")*('Conciliacion de compuestos'!$E$2:$E$48="OK")*((('Conciliacion de compuestos'!$M$2:$M$48=A116)+('Conciliacion de compuestos'!$N$2:$N$48=A116)+('Conciliacion de compuestos'!$O$2:$O$48=A116))>0))),""),"") | G116: =IF(I116="conciliado","conciliado","por revisar") | I116: =IF(SUM(COUNTIFS('Conciliacion de compuestos'!$D$2:$D$48,"conciliado",'Conciliacion de compuestos'!$E$2:$E$48,"OK",'Conciliacion de compuestos'!$M$2:$M$48,A116),COUNTIFS('Conciliacion de compuestos'!$D$2:$D$48,"conciliado",'Conciliacion de compuestos'!$E$2:$E$48,"OK",'Conciliacion de compuestos'!$N$2:$N$48,A116),COUNTIFS('Conciliacion de compuestos'!$D$2:$D$48,"conciliado",'Conciliacion de compuestos'!$E$2:$E$48,"OK",'Conciliacion de compuestos'!$O$2:$O$48,A116))>0,"conciliado","por revisar")
A117: 138 | B117: 46006 | C117: ltda neiva ventas | D117: -2538696 | E117: =IF(G117="conciliado","conciliado",I117) | F117: 838 | 2025-12-15 | -2,538,696 | entre inte internet terceros transferencias | G117: =IF(I117="conciliado","conciliado","por revisar") | I117: conciliado
A118: 151 | B118: 46006 | C118: jorge lopez sanchez | D118: 26600 | E118: =IF(G118="conciliado","conciliado",I118) | F118: =IF(SUM(COUNTIFS('Conciliacion de compuestos'!$D$2:$D$48,"conciliado",'Conciliacion de compuestos'!$E$2:$E$48,"OK",'Conciliacion de compuestos'!$M$2:$M$48,A118),COUNTIFS('Conciliacion de compuestos'!$D$2:$D$48,"conciliado",'Conciliacion de compuestos'!$E$2:$E$48,"OK",'Conciliacion de compuestos'!$N$2:$N$48,A118),COUNTIFS('Conciliacion de compuestos'!$D$2:$D$48,"conciliado",'Conciliacion de compuestos'!$E$2:$E$48,"OK",'Conciliacion de compuestos'!$O$2:$O$48,A118))>0,IFERROR(TEXTJOIN(CHAR(10),TRUE,FILTER('Conciliacion de compuestos'!$A$2:$A$48,('Conciliacion de compuestos'!$D$2:$D$48="conciliado")*('Conciliacion de compuestos'!$E$2:$E$48="OK")*((('Conciliacion de compuestos'!$M$2:$M$48=A118)+('Conciliacion de compuestos'!$N$2:$N$48=A118)+('Conciliacion de compuestos'!$O$2:$O$48=A118))>0))),""),"") | G118: =IF(I118="conciliado","conciliado","por revisar") | I118: =IF(SUM(COUNTIFS('Conciliacion de compuestos'!$D$2:$D$48,"conciliado",'Conciliacion de compuestos'!$E$2:$E$48,"OK",'Conciliacion de compuestos'!$M$2:$M$48,A118),COUNTIFS('Conciliacion de compuestos'!$D$2:$D$48,"conciliado",'Conciliacion de compuestos'!$E$2:$E$48,"OK",'Conciliacion de compuestos'!$N$2:$N$48,A118),COUNTIFS('Conciliacion de compuestos'!$D$2:$D$48,"conciliado",'Conciliacion de compuestos'!$E$2:$E$48,"OK",'Conciliacion de compuestos'!$O$2:$O$48,A118))>0,"conciliado","por revisar")
A119: 143 | B119: 46006 | C119: carlos cuervo juan v | D119: 126500 | E119: =IF(G119="conciliado","conciliado",I119) | F119: =IF(SUM(COUNTIFS('Conciliacion de compuestos'!$D$2:$D$48,"conciliado",'Conciliacion de compuestos'!$E$2:$E$48,"OK",'Conciliacion de compuestos'!$M$2:$M$48,A119),COUNTIFS('Conciliacion de compuestos'!$D$2:$D$48,"conciliado",'Conciliacion de compuestos'!$E$2:$E$48,"OK",'Conciliacion de compuestos'!$N$2:$N$48,A119),COUNTIFS('Conciliacion de compuestos'!$D$2:$D$48,"conciliado",'Conciliacion de compuestos'!$E$2:$E$48,"OK",'Conciliacion de compuestos'!$O$2:$O$48,A119))>0,IFERROR(TEXTJOIN(CHAR(10),TRUE,FILTER('Conciliacion de compuestos'!$A$2:$A$48,('Conciliacion de compuestos'!$D$2:$D$48="conciliado")*('Conciliacion de compuestos'!$E$2:$E$48="OK")*((('Conciliacion de compuestos'!$M$2:$M$48=A119)+('Conciliacion de compuestos'!$N$2:$N$48=A119)+('Conciliacion de compuestos'!$O$2:$O$48=A119))>0))),""),"") | G119: =IF(I119="conciliado","conciliado","por revisar") | I119: =IF(SUM(COUNTIFS('Conciliacion de compuestos'!$D$2:$D$48,"conciliado",'Conciliacion de compuestos'!$E$2:$E$48,"OK",'Conciliacion de compuestos'!$M$2:$M$48,A119),COUNTIFS('Conciliacion de compuestos'!$D$2:$D$48,"conciliado",'Conciliacion de compuestos'!$E$2:$E$48,"OK",'Conciliacion de compuestos'!$N$2:$N$48,A119),COUNTIFS('Conciliacion de compuestos'!$D$2:$D$48,"conciliado",'Conciliacion de compuestos'!$E$2:$E$48,"OK",'Conciliacion de compuestos'!$O$2:$O$48,A119))>0,"conciliado","por revisar")
A120: 149 | B120: 46006 | C120: cano martines sebast | D120: 32600 | E120: =IF(G120="conciliado","conciliado",I120) | F120: =IF(SUM(COUNTIFS('Conciliacion de compuestos'!$D$2:$D$48,"conciliado",'Conciliacion de compuestos'!$E$2:$E$48,"OK",'Conciliacion de compuestos'!$M$2:$M$48,A120),COUNTIFS('Conciliacion de compuestos'!$D$2:$D$48,"conciliado",'Conciliacion de compuestos'!$E$2:$E$48,"OK",'Conciliacion de compuestos'!$N$2:$N$48,A120),COUNTIFS('Conciliacion de compuestos'!$D$2:$D$48,"conciliado",'Conciliacion de compuestos'!$E$2:$E$48,"OK",'Conciliacion de compuestos'!$O$2:$O$48,A120))>0,IFERROR(TEXTJOIN(CHAR(10),TRUE,FILTER('Conciliacion de compuestos'!$A$2:$A$48,('Conciliacion de compuestos'!$D$2:$D$48="conciliado")*('Conciliacion de compuestos'!$E$2:$E$48="OK")*((('Conciliacion de compuestos'!$M$2:$M$48=A120)+('Conciliacion de compuestos'!$N$2:$N$48=A120)+('Conciliacion de compuestos'!$O$2:$O$48=A120))>0))),""),"") | G120: =IF(I120="conciliado","conciliado","por revisar") | I120: =IF(SUM(COUNTIFS('Conciliacion de compuestos'!$D$2:$D$48,"conciliado",'Conciliacion de compuestos'!$E$2:$E$48,"OK",'Conciliacion de compuestos'!$M$2:$M$48,A120),COUNTIFS('Conciliacion de compuestos'!$D$2:$D$48,"conciliado",'Conciliacion de compuestos'!$E$2:$E$48,"OK",'Conciliacion de compuestos'!$N$2:$N$48,A120),COUNTIFS('Conciliacion de compuestos'!$D$2:$D$48,"conciliado",'Conciliacion de compuestos'!$E$2:$E$48,"OK",'Conciliacion de compuestos'!$O$2:$O$48,A120))>0,"conciliado","por revisar")
A121: 147 | B121: 46006 | C121: arboleda burbano oma | D121: 39400 | E121: =IF(G121="conciliado","conciliado",I121) | F121: =IF(SUM(COUNTIFS('Conciliacion de compuestos'!$D$2:$D$48,"conciliado",'Conciliacion de compuestos'!$E$2:$E$48,"OK",'Conciliacion de compuestos'!$M$2:$M$48,A121),COUNTIFS('Conciliacion de compuestos'!$D$2:$D$48,"conciliado",'Conciliacion de compuestos'!$E$2:$E$48,"OK",'Conciliacion de compuestos'!$N$2:$N$48,A121),COUNTIFS('Conciliacion de compuestos'!$D$2:$D$48,"conciliado",'Conciliacion de compuestos'!$E$2:$E$48,"OK",'Conciliacion de compuestos'!$O$2:$O$48,A121))>0,IFERROR(TEXTJOIN(CHAR(10),TRUE,FILTER('Conciliacion de compuestos'!$A$2:$A$48,('Conciliacion de compuestos'!$D$2:$D$48="conciliado")*('Conciliacion de compuestos'!$E$2:$E$48="OK")*((('Conciliacion de compuestos'!$M$2:$M$48=A121)+('Conciliacion de compuestos'!$N$2:$N$48=A121)+('Conciliacion de compuestos'!$O$2:$O$48=A121))>0))),""),"") | G121: =IF(I121="conciliado","conciliado","por revisar") | I121: =IF(SUM(COUNTIFS('Conciliacion de compuestos'!$D$2:$D$48,"conciliado",'Conciliacion de compuestos'!$E$2:$E$48,"OK",'Conciliacion de compuestos'!$M$2:$M$48,A121),COUNTIFS('Conciliacion de compuestos'!$D$2:$D$48,"conciliado",'Conciliacion de compuestos'!$E$2:$E$48,"OK",'Conciliacion de compuestos'!$N$2:$N$48,A121),COUNTIFS('Conciliacion de compuestos'!$D$2:$D$48,"conciliado",'Conciliacion de compuestos'!$E$2:$E$48,"OK",'Conciliacion de compuestos'!$O$2:$O$48,A121))>0,"conciliado","por revisar")
A122: 144 | B122: 46006 | C122: caicedo car jimenez | D122: 303784 | E122: =IF(G122="conciliado","conciliado",I122) | F122: =IF(SUM(COUNTIFS('Conciliacion de compuestos'!$D$2:$D$48,"conciliado",'Conciliacion de compuestos'!$E$2:$E$48,"OK",'Conciliacion de compuestos'!$M$2:$M$48,A122),COUNTIFS('Conciliacion de compuestos'!$D$2:$D$48,"conciliado",'Conciliacion de compuestos'!$E$2:$E$48,"OK",'Conciliacion de compuestos'!$N$2:$N$48,A122),COUNTIFS('Conciliacion de compuestos'!$D$2:$D$48,"conciliado",'Conciliacion de compuestos'!$E$2:$E$48,"OK",'Conciliacion de compuestos'!$O$2:$O$48,A122))>0,IFERROR(TEXTJOIN(CHAR(10),TRUE,FILTER('Conciliacion de compuestos'!$A$2:$A$48,('Conciliacion de compuestos'!$D$2:$D$48="conciliado")*('Conciliacion de compuestos'!$E$2:$E$48="OK")*((('Conciliacion de compuestos'!$M$2:$M$48=A122)+('Conciliacion de compuestos'!$N$2:$N$48=A122)+('Conciliacion de compuestos'!$O$2:$O$48=A122))>0))),""),"") | G122: =IF(I122="conciliado","conciliado","por revisar") | I122: =IF(SUM(COUNTIFS('Conciliacion de compuestos'!$D$2:$D$48,"conciliado",'Conciliacion de compuestos'!$E$2:$E$48,"OK",'Conciliacion de compuestos'!$M$2:$M$48,A122),COUNTIFS('Conciliacion de compuestos'!$D$2:$D$48,"conciliado",'Conciliacion de compuestos'!$E$2:$E$48,"OK",'Conciliacion de compuestos'!$N$2:$N$48,A122),COUNTIFS('Conciliacion de compuestos'!$D$2:$D$48,"conciliado",'Conciliacion de compuestos'!$E$2:$E$48,"OK",'Conciliacion de compuestos'!$O$2:$O$48,A122))>0,"conciliado","por revisar")
A123: 142 | B123: 46006 | C123: a cruz garces manuel | D123: 45600 | E123: =IF(G123="conciliado","conciliado",I123) | F123: =IF(SUM(COUNTIFS('Conciliacion de compuestos'!$D$2:$D$48,"conciliado",'Conciliacion de compuestos'!$E$2:$E$48,"OK",'Conciliacion de compuestos'!$M$2:$M$48,A123),COUNTIFS('Conciliacion de compuestos'!$D$2:$D$48,"conciliado",'Conciliacion de compuestos'!$E$2:$E$48,"OK",'Conciliacion de compuestos'!$N$2:$N$48,A123),COUNTIFS('Conciliacion de compuestos'!$D$2:$D$48,"conciliado",'Conciliacion de compuestos'!$E$2:$E$48,"OK",'Conciliacion de compuestos'!$O$2:$O$48,A123))>0,IFERROR(TEXTJOIN(CHAR(10),TRUE,FILTER('Conciliacion de compuestos'!$A$2:$A$48,('Conciliacion de compuestos'!$D$2:$D$48="conciliado")*('Conciliacion de compuestos'!$E$2:$E$48="OK")*((('Conciliacion de compuestos'!$M$2:$M$48=A123)+('Conciliacion de compuestos'!$N$2:$N$48=A123)+('Conciliacion de compuestos'!$O$2:$O$48=A123))>0))),""),"") | G123: =IF(I123="conciliado","conciliado","por revisar") | I123: =IF(SUM(COUNTIFS('Conciliacion de compuestos'!$D$2:$D$48,"conciliado",'Conciliacion de compuestos'!$E$2:$E$48,"OK",'Conciliacion de compuestos'!$M$2:$M$48,A123),COUNTIFS('Conciliacion de compuestos'!$D$2:$D$48,"conciliado",'Conciliacion de compuestos'!$E$2:$E$48,"OK",'Conciliacion de compuestos'!$N$2:$N$48,A123),COUNTIFS('Conciliacion de compuestos'!$D$2:$D$48,"conciliado",'Conciliacion de compuestos'!$E$2:$E$48,"OK",'Conciliacion de compuestos'!$O$2:$O$48,A123))>0,"conciliado","por revisar")
A124: 141 | B124: 46006 | C124: alexand aragon rubio | D124: 321600 | E124: =IF(G124="conciliado","conciliado",I124) | F124: =IF(SUM(COUNTIFS('Conciliacion de compuestos'!$D$2:$D$48,"conciliado",'Conciliacion de compuestos'!$E$2:$E$48,"OK",'Conciliacion de compuestos'!$M$2:$M$48,A124),COUNTIFS('Conciliacion de compuestos'!$D$2:$D$48,"conciliado",'Conciliacion de compuestos'!$E$2:$E$48,"OK",'Conciliacion de compuestos'!$N$2:$N$48,A124),COUNTIFS('Conciliacion de compuestos'!$D$2:$D$48,"conciliado",'Conciliacion de compuestos'!$E$2:$E$48,"OK",'Conciliacion de compuestos'!$O$2:$O$48,A124))>0,IFERROR(TEXTJOIN(CHAR(10),TRUE,FILTER('Conciliacion de compuestos'!$A$2:$A$48,('Conciliacion de compuestos'!$D$2:$D$48="conciliado")*('Conciliacion de compuestos'!$E$2:$E$48="OK")*((('Conciliacion de compuestos'!$M$2:$M$48=A124)+('Conciliacion de compuestos'!$N$2:$N$48=A124)+('Conciliacion de compuestos'!$O$2:$O$48=A124))>0))),""),"") | G124: =IF(I124="conciliado","conciliado","por revisar") | I124: =IF(SUM(COUNTIFS('Conciliacion de compuestos'!$D$2:$D$48,"conciliado",'Conciliacion de compuestos'!$E$2:$E$48,"OK",'Conciliacion de compuestos'!$M$2:$M$48,A124),COUNTIFS('Conciliacion de compuestos'!$D$2:$D$48,"conciliado",'Conciliacion de compuestos'!$E$2:$E$48,"OK",'Conciliacion de compuestos'!$N$2:$N$48,A124),COUNTIFS('Conciliacion de compuestos'!$D$2:$D$48,"conciliado",'Conciliacion de compuestos'!$E$2:$E$48,"OK",'Conciliacion de compuestos'!$O$2:$O$48,A124))>0,"conciliado","por revisar")
A125: 148 | B125: 46006 | C125: guzman hortua victor | D125: 63236 | E125: =IF(G125="conciliado","conciliado",I125) | F125: =IF(SUM(COUNTIFS('Conciliacion de compuestos'!$D$2:$D$48,"conciliado",'Conciliacion de compuestos'!$E$2:$E$48,"OK",'Conciliacion de compuestos'!$M$2:$M$48,A125),COUNTIFS('Conciliacion de compuestos'!$D$2:$D$48,"conciliado",'Conciliacion de compuestos'!$E$2:$E$48,"OK",'Conciliacion de compuestos'!$N$2:$N$48,A125),COUNTIFS('Conciliacion de compuestos'!$D$2:$D$48,"conciliado",'Conciliacion de compuestos'!$E$2:$E$48,"OK",'Conciliacion de compuestos'!$O$2:$O$48,A125))>0,IFERROR(TEXTJOIN(CHAR(10),TRUE,FILTER('Conciliacion de compuestos'!$A$2:$A$48,('Conciliacion de compuestos'!$D$2:$D$48="conciliado")*('Conciliacion de compuestos'!$E$2:$E$48="OK")*((('Conciliacion de compuestos'!$M$2:$M$48=A125)+('Conciliacion de compuestos'!$N$2:$N$48=A125)+('Conciliacion de compuestos'!$O$2:$O$48=A125))>0))),""),"") | G125: =IF(I125="conciliado","conciliado","por revisar") | I125: =IF(SUM(COUNTIFS('Conciliacion de compuestos'!$D$2:$D$48,"conciliado",'Conciliacion de compuestos'!$E$2:$E$48,"OK",'Conciliacion de compuestos'!$M$2:$M$48,A125),COUNTIFS('Conciliacion de compuestos'!$D$2:$D$48,"conciliado",'Conciliacion de compuestos'!$E$2:$E$48,"OK",'Conciliacion de compuestos'!$N$2:$N$48,A125),COUNTIFS('Conciliacion de compuestos'!$D$2:$D$48,"conciliado",'Conciliacion de compuestos'!$E$2:$E$48,"OK",'Conciliacion de compuestos'!$O$2:$O$48,A125))>0,"conciliado","por revisar")
A126: 145 | B126: 46006 | C126: betancourt cano luz | D126: 27600 | E126: =IF(G126="conciliado","conciliado",I126) | F126: =IF(SUM(COUNTIFS('Conciliacion de compuestos'!$D$2:$D$48,"conciliado",'Conciliacion de compuestos'!$E$2:$E$48,"OK",'Conciliacion de compuestos'!$M$2:$M$48,A126),COUNTIFS('Conciliacion de compuestos'!$D$2:$D$48,"conciliado",'Conciliacion de compuestos'!$E$2:$E$48,"OK",'Conciliacion de compuestos'!$N$2:$N$48,A126),COUNTIFS('Conciliacion de compuestos'!$D$2:$D$48,"conciliado",'Conciliacion de compuestos'!$E$2:$E$48,"OK",'Conciliacion de compuestos'!$O$2:$O$48,A126))>0,IFERROR(TEXTJOIN(CHAR(10),TRUE,FILTER('Conciliacion de compuestos'!$A$2:$A$48,('Conciliacion de compuestos'!$D$2:$D$48="conciliado")*('Conciliacion de compuestos'!$E$2:$E$48="OK")*((('Conciliacion de compuestos'!$M$2:$M$48=A126)+('Conciliacion de compuestos'!$N$2:$N$48=A126)+('Conciliacion de compuestos'!$O$2:$O$48=A126))>0))),""),"") | G126: =IF(I126="conciliado","conciliado","por revisar") | I126: =IF(SUM(COUNTIFS('Conciliacion de compuestos'!$D$2:$D$48,"conciliado",'Conciliacion de compuestos'!$E$2:$E$48,"OK",'Conciliacion de compuestos'!$M$2:$M$48,A126),COUNTIFS('Conciliacion de compuestos'!$D$2:$D$48,"conciliado",'Conciliacion de compuestos'!$E$2:$E$48,"OK",'Conciliacion de compuestos'!$N$2:$N$48,A126),COUNTIFS('Conciliacion de compuestos'!$D$2:$D$48,"conciliado",'Conciliacion de compuestos'!$E$2:$E$48,"OK",'Conciliacion de compuestos'!$O$2:$O$48,A126))>0,"conciliado","por revisar")
A127: 154 | B127: 46007 | C127: ciro gonzalez santos | D127: 44900 | E127: =IF(G127="conciliado","conciliado",I127) | F127: =IF(SUM(COUNTIFS('Conciliacion de compuestos'!$D$2:$D$48,"conciliado",'Conciliacion de compuestos'!$E$2:$E$48,"OK",'Conciliacion de compuestos'!$M$2:$M$48,A127),COUNTIFS('Conciliacion de compuestos'!$D$2:$D$48,"conciliado",'Conciliacion de compuestos'!$E$2:$E$48,"OK",'Conciliacion de compuestos'!$N$2:$N$48,A127),COUNTIFS('Conciliacion de compuestos'!$D$2:$D$48,"conciliado",'Conciliacion de compuestos'!$E$2:$E$48,"OK",'Conciliacion de compuestos'!$O$2:$O$48,A127))>0,IFERROR(TEXTJOIN(CHAR(10),TRUE,FILTER('Conciliacion de compuestos'!$A$2:$A$48,('Conciliacion de compuestos'!$D$2:$D$48="conciliado")*('Conciliacion de compuestos'!$E$2:$E$48="OK")*((('Conciliacion de compuestos'!$M$2:$M$48=A127)+('Conciliacion de compuestos'!$N$2:$N$48=A127)+('Conciliacion de compuestos'!$O$2:$O$48=A127))>0))),""),"") | G127: =IF(I127="conciliado","conciliado","por revisar") | I127: =IF(SUM(COUNTIFS('Conciliacion de compuestos'!$D$2:$D$48,"conciliado",'Conciliacion de compuestos'!$E$2:$E$48,"OK",'Conciliacion de compuestos'!$M$2:$M$48,A127),COUNTIFS('Conciliacion de compuestos'!$D$2:$D$48,"conciliado",'Conciliacion de compuestos'!$E$2:$E$48,"OK",'Conciliacion de compuestos'!$N$2:$N$48,A127),COUNTIFS('Conciliacion de compuestos'!$D$2:$D$48,"conciliado",'Conciliacion de compuestos'!$E$2:$E$48,"OK",'Conciliacion de compuestos'!$O$2:$O$48,A127))>0,"conciliado","por revisar")
A128: 156 | B128: 46007 | C128: al enriquez yaguapaz | D128: 36284 | E128: =IF(G128="conciliado","conciliado",I128) | F128: =IF(SUM(COUNTIFS('Conciliacion de compuestos'!$D$2:$D$48,"conciliado",'Conciliacion de compuestos'!$E$2:$E$48,"OK",'Conciliacion de compuestos'!$M$2:$M$48,A128),COUNTIFS('Conciliacion de compuestos'!$D$2:$D$48,"conciliado",'Conciliacion de compuestos'!$E$2:$E$48,"OK",'Conciliacion de compuestos'!$N$2:$N$48,A128),COUNTIFS('Conciliacion de compuestos'!$D$2:$D$48,"conciliado",'Conciliacion de compuestos'!$E$2:$E$48,"OK",'Conciliacion de compuestos'!$O$2:$O$48,A128))>0,IFERROR(TEXTJOIN(CHAR(10),TRUE,FILTER('Conciliacion de compuestos'!$A$2:$A$48,('Conciliacion de compuestos'!$D$2:$D$48="conciliado")*('Conciliacion de compuestos'!$E$2:$E$48="OK")*((('Conciliacion de compuestos'!$M$2:$M$48=A128)+('Conciliacion de compuestos'!$N$2:$N$48=A128)+('Conciliacion de compuestos'!$O$2:$O$48=A128))>0))),""),"") | G128: =IF(I128="conciliado","conciliado","por revisar") | I128: =IF(SUM(COUNTIFS('Conciliacion de compuestos'!$D$2:$D$48,"conciliado",'Conciliacion de compuestos'!$E$2:$E$48,"OK",'Conciliacion de compuestos'!$M$2:$M$48,A128),COUNTIFS('Conciliacion de compuestos'!$D$2:$D$48,"conciliado",'Conciliacion de compuestos'!$E$2:$E$48,"OK",'Conciliacion de compuestos'!$N$2:$N$48,A128),COUNTIFS('Conciliacion de compuestos'!$D$2:$D$48,"conciliado",'Conciliacion de compuestos'!$E$2:$E$48,"OK",'Conciliacion de compuestos'!$O$2:$O$48,A128))>0,"conciliado","por revisar")
A129: 157 | B129: 46007 | C129: luna munoz pa sandra | D129: 226800 | E129: =IF(G129="conciliado","conciliado",I129) | F129: =IF(SUM(COUNTIFS('Conciliacion de compuestos'!$D$2:$D$48,"conciliado",'Conciliacion de compuestos'!$E$2:$E$48,"OK",'Conciliacion de compuestos'!$M$2:$M$48,A129),COUNTIFS('Conciliacion de compuestos'!$D$2:$D$48,"conciliado",'Conciliacion de compuestos'!$E$2:$E$48,"OK",'Conciliacion de compuestos'!$N$2:$N$48,A129),COUNTIFS('Conciliacion de compuestos'!$D$2:$D$48,"conciliado",'Conciliacion de compuestos'!$E$2:$E$48,"OK",'Conciliacion de compuestos'!$O$2:$O$48,A129))>0,IFERROR(TEXTJOIN(CHAR(10),TRUE,FILTER('Conciliacion de compuestos'!$A$2:$A$48,('Conciliacion de compuestos'!$D$2:$D$48="conciliado")*('Conciliacion de compuestos'!$E$2:$E$48="OK")*((('Conciliacion de compuestos'!$M$2:$M$48=A129)+('Conciliacion de compuestos'!$N$2:$N$48=A129)+('Conciliacion de compuestos'!$O$2:$O$48=A129))>0))),""),"") | G129: =IF(I129="conciliado","conciliado","por revisar") | I129: =IF(SUM(COUNTIFS('Conciliacion de compuestos'!$D$2:$D$48,"conciliado",'Conciliacion de compuestos'!$E$2:$E$48,"OK",'Conciliacion de compuestos'!$M$2:$M$48,A129),COUNTIFS('Conciliacion de compuestos'!$D$2:$D$48,"conciliado",'Conciliacion de compuestos'!$E$2:$E$48,"OK",'Conciliacion de compuestos'!$N$2:$N$48,A129),COUNTIFS('Conciliacion de compuestos'!$D$2:$D$48,"conciliado",'Conciliacion de compuestos'!$E$2:$E$48,"OK",'Conciliacion de compuestos'!$O$2:$O$48,A129))>0,"conciliado","por revisar")
A130: 155 | B130: 46007 | C130: ka maturana renteria | D130: 132500 | E130: =IF(G130="conciliado","conciliado",I130) | F130: =IF(SUM(COUNTIFS('Conciliacion de compuestos'!$D$2:$D$48,"conciliado",'Conciliacion de compuestos'!$E$2:$E$48,"OK",'Conciliacion de compuestos'!$M$2:$M$48,A130),COUNTIFS('Conciliacion de compuestos'!$D$2:$D$48,"conciliado",'Conciliacion de compuestos'!$E$2:$E$48,"OK",'Conciliacion de compuestos'!$N$2:$N$48,A130),COUNTIFS('Conciliacion de compuestos'!$D$2:$D$48,"conciliado",'Conciliacion de compuestos'!$E$2:$E$48,"OK",'Conciliacion de compuestos'!$O$2:$O$48,A130))>0,IFERROR(TEXTJOIN(CHAR(10),TRUE,FILTER('Conciliacion de compuestos'!$A$2:$A$48,('Conciliacion de compuestos'!$D$2:$D$48="conciliado")*('Conciliacion de compuestos'!$E$2:$E$48="OK")*((('Conciliacion de compuestos'!$M$2:$M$48=A130)+('Conciliacion de compuestos'!$N$2:$N$48=A130)+('Conciliacion de compuestos'!$O$2:$O$48=A130))>0))),""),"") | G130: =IF(I130="conciliado","conciliado","por revisar") | I130: =IF(SUM(COUNTIFS('Conciliacion de compuestos'!$D$2:$D$48,"conciliado",'Conciliacion de compuestos'!$E$2:$E$48,"OK",'Conciliacion de compuestos'!$M$2:$M$48,A130),COUNTIFS('Conciliacion de compuestos'!$D$2:$D$48,"conciliado",'Conciliacion de compuestos'!$E$2:$E$48,"OK",'Conciliacion de compuestos'!$N$2:$N$48,A130),COUNTIFS('Conciliacion de compuestos'!$D$2:$D$48,"conciliado",'Conciliacion de compuestos'!$E$2:$E$48,"OK",'Conciliacion de compuestos'!$O$2:$O$48,A130))>0,"conciliado","por revisar")
A131: 159 | B131: 46008 | C131: aportes en linea s | D131: -2592200 | E131: =IF(G131="conciliado","conciliado",I131) | F131: 945 | 2025-12-17 | -2,592,200 | compra internet nd por pse | G131: =IF(I131="conciliado","conciliado","por revisar") | I131: conciliado
A132: 173 | B132: 46008 | C132: industriales meta | D132: 156000 | E132: =IF(G132="conciliado","conciliado",I132) | F132: =IF(SUM(COUNTIFS('Conciliacion de compuestos'!$D$2:$D$48,"conciliado",'Conciliacion de compuestos'!$E$2:$E$48,"OK",'Conciliacion de compuestos'!$M$2:$M$48,A132),COUNTIFS('Conciliacion de compuestos'!$D$2:$D$48,"conciliado",'Conciliacion de compuestos'!$E$2:$E$48,"OK",'Conciliacion de compuestos'!$N$2:$N$48,A132),COUNTIFS('Conciliacion de compuestos'!$D$2:$D$48,"conciliado",'Conciliacion de compuestos'!$E$2:$E$48,"OK",'Conciliacion de compuestos'!$O$2:$O$48,A132))>0,IFERROR(TEXTJOIN(CHAR(10),TRUE,FILTER('Conciliacion de compuestos'!$A$2:$A$48,('Conciliacion de compuestos'!$D$2:$D$48="conciliado")*('Conciliacion de compuestos'!$E$2:$E$48="OK")*((('Conciliacion de compuestos'!$M$2:$M$48=A132)+('Conciliacion de compuestos'!$N$2:$N$48=A132)+('Conciliacion de compuestos'!$O$2:$O$48=A132))>0))),""),"") | G132: =IF(I132="conciliado","conciliado","por revisar") | I132: =IF(SUM(COUNTIFS('Conciliacion de compuestos'!$D$2:$D$48,"conciliado",'Conciliacion de compuestos'!$E$2:$E$48,"OK",'Conciliacion de compuestos'!$M$2:$M$48,A132),COUNTIFS('Conciliacion de compuestos'!$D$2:$D$48,"conciliado",'Conciliacion de compuestos'!$E$2:$E$48,"OK",'Conciliacion de compuestos'!$N$2:$N$48,A132),COUNTIFS('Conciliacion de compuestos'!$D$2:$D$48,"conciliado",'Conciliacion de compuestos'!$E$2:$E$48,"OK",'Conciliacion de compuestos'!$O$2:$O$48,A132))>0,"conciliado","por revisar")
...

Sheet Conciliacion de compuestos
A1: Movimientos banco | B1: Movimientos libro_aux | C1: Diferencia | D1: Estado | E1: Validacion | F1: Descripcion | G1: Observacion | H1: ids banco | I1: ids libro_aux | J1: id banco 1 | K1: id banco 2 | L1: id banco 3 | M1: id libro_aux 1 | N1: id libro_aux 2 | O1: id libro_aux 3
A2: 1943 | 2025-12-30 | -27,932 | compra internet nd por pse 1945 | 2025-12-30 | -1,094,362 | compra internet nd por pse 1947 | 2025-12-30 | -6,295,213 | compra internet nd por pse | B2: 351 | 2025-12-30 | -7,417,507 | d de empresa energia | C2: 0 | D2: por revisar | E2: =IF(D2<>"conciliado","Pendiente",IF(C2<>0,"ERROR: diferencia distinta de cero",IF(OR(AND(J2<>"",SUM(COUNTIFS($D$2:$D$48,"conciliado",$J$2:$J$48,J2),COUNTIFS($D$2:$D$48,"conciliado",$K$2:$K$48,J2),COUNTIFS($D$2:$D$48,"conciliado",$L$2:$L$48,J2))>1),AND(K2<>"",SUM(COUNTIFS($D$2:$D$48,"conciliado",$J$2:$J$48,K2),COUNTIFS($D$2:$D$48,"conciliado",$K$2:$K$48,K2),COUNTIFS($D$2:$D$48,"conciliado",$L$2:$L$48,K2))>1),AND(L2<>"",SUM(COUNTIFS($D$2:$D$48,"conciliado",$J$2:$J$48,L2),COUNTIFS($D$2:$D$48,"conciliado",$K$2:$K$48,L2),COUNTIFS($D$2:$D$48,"conciliado",$L$2:$L$48,L2))>1)),"ERROR: banco ya usado en otro compuesto conciliado",IF(OR(AND(M2<>"",SUM(COUNTIFS($D$2:$D$48,"conciliado",$M$2:$M$48,M2),COUNTIFS($D$2:$D$48,"conciliado",$N$2:$N$48,M2),COUNTIFS($D$2:$D$48,"conciliado",$O$2:$O$48,M2))>1),AND(N2<>"",SUM(COUNTIFS($D$2:$D$48,"conciliado",$M$2:$M$48,N2),COUNTIFS($D$2:$D$48,"conciliado",$N$2:$N$48,N2),COUNTIFS($D$2:$D$48,"conciliado",$O$2:$O$48,N2))>1),AND(O2<>"",SUM(COUNTIFS($D$2:$D$48,"conciliado",$M$2:$M$48,O2),COUNTIFS($D$2:$D$48,"conciliado",$N$2:$N$48,O2),COUNTIFS($D$2:$D$48,"conciliado",$O$2:$O$48,O2))>1)),"ERROR: libro_aux ya usado en otro compuesto conciliado","OK")))) | F2: Posible compuesto detectado por suma exacta en la misma fecha. Revisar antes de conciliar. | H2: 1943, 1945, 1947 | I2: 351 | J2: 1943 | K2: 1945 | L2: 1947 | M2: 351
A3: 1007 | 2025-12-18 | 58,400 | depositos electronicos masterca transaccion 1012 | 2025-12-18 | 29,400 | depositos electronicos masterca transaccion | B3: 183 | 2025-12-18 | 87,800 | luz ma manzano ortiz | C3: 0 | D3: por revisar | E3: =IF(D3<>"conciliado","Pendiente",IF(C3<>0,"ERROR: diferencia distinta de cero",IF(OR(AND(J3<>"",SUM(COUNTIFS($D$2:$D$48,"conciliado",$J$2:$J$48,J3),COUNTIFS($D$2:$D$48,"conciliado",$K$2:$K$48,J3),COUNTIFS($D$2:$D$48,"conciliado",$L$2:$L$48,J3))>1),AND(K3<>"",SUM(COUNTIFS($D$2:$D$48,"conciliado",$J$2:$J$48,K3),COUNTIFS($D$2:$D$48,"conciliado",$K$2:$K$48,K3),COUNTIFS($D$2:$D$48,"conciliado",$L$2:$L$48,K3))>1),AND(L3<>"",SUM(COUNTIFS($D$2:$D$48,"conciliado",$J$2:$J$48,L3),COUNTIFS($D$2:$D$48,"conciliado",$K$2:$K$48,L3),COUNTIFS($D$2:$D$48,"conciliado",$L$2:$L$48,L3))>1)),"ERROR: banco ya usado en otro compuesto conciliado",IF(OR(AND(M3<>"",SUM(COUNTIFS($D$2:$D$48,"conciliado",$M$2:$M$48,M3),COUNTIFS($D$2:$D$48,"conciliado",$N$2:$N$48,M3),COUNTIFS($D$2:$D$48,"conciliado",$O$2:$O$48,M3))>1),AND(N3<>"",SUM(COUNTIFS($D$2:$D$48,"conciliado",$M$2:$M$48,N3),COUNTIFS($D$2:$D$48,"conciliado",$N$2:$N$48,N3),COUNTIFS($D$2:$D$48,"conciliado",$O$2:$O$48,N3))>1),AND(O3<>"",SUM(COUNTIFS($D$2:$D$48,"conciliado",$M$2:$M$48,O3),COUNTIFS($D$2:$D$48,"conciliado",$N$2:$N$48,O3),COUNTIFS($D$2:$D$48,"conciliado",$O$2:$O$48,O3))>1)),"ERROR: libro_aux ya usado en otro compuesto conciliado","OK")))) | F3: Posible compuesto detectado por suma exacta en la misma fecha. Revisar antes de conciliar. | H3: 1007, 1012 | I3: 183 | J3: 1007 | K3: 1012 | M3: 183
A4: 1024 | 2025-12-19 | 87,800 | depositos electronicos masterca transaccion 1034 | 2025-12-19 | 99,400 | depositos electronicos masterca transaccion | B4: 193 | 2025-12-19 | 187,200 | bolanos paladines st | C4: 0 | D4: por revisar | E4: =IF(D4<>"conciliado","Pendiente",IF(C4<>0,"ERROR: diferencia distinta de cero",IF(OR(AND(J4<>"",SUM(COUNTIFS($D$2:$D$48,"conciliado",$J$2:$J$48,J4),COUNTIFS($D$2:$D$48,"conciliado",$K$2:$K$48,J4),COUNTIFS($D$2:$D$48,"conciliado",$L$2:$L$48,J4))>1),AND(K4<>"",SUM(COUNTIFS($D$2:$D$48,"conciliado",$J$2:$J$48,K4),COUNTIFS($D$2:$D$48,"conciliado",$K$2:$K$48,K4),COUNTIFS($D$2:$D$48,"conciliado",$L$2:$L$48,K4))>1),AND(L4<>"",SUM(COUNTIFS($D$2:$D$48,"conciliado",$J$2:$J$48,L4),COUNTIFS($D$2:$D$48,"conciliado",$K$2:$K$48,L4),COUNTIFS($D$2:$D$48,"conciliado",$L$2:$L$48,L4))>1)),"ERROR: banco ya usado en otro compuesto conciliado",IF(OR(AND(M4<>"",SUM(COUNTIFS($D$2:$D$48,"conciliado",$M$2:$M$48,M4),COUNTIFS($D$2:$D$48,"conciliado",$N$2:$N$48,M4),COUNTIFS($D$2:$D$48,"conciliado",$O$2:$O$48,M4))>1),AND(N4<>"",SUM(COUNTIFS($D$2:$D$48,"conciliado",$M$2:$M$48,N4),COUNTIFS($D$2:$D$48,"conciliado",$N$2:$N$48,N4),COUNTIFS($D$2:$D$48,"conciliado",$O$2:$O$48,N4))>1),AND(O4<>"",SUM(COUNTIFS($D$2:$D$48,"conciliado",$M$2:$M$48,O4),COUNTIFS($D$2:$D$48,"conciliado",$N$2:$N$48,O4),COUNTIFS($D$2:$D$48,"conciliado",$O$2:$O$48,O4))>1)),"ERROR: libro_aux ya usado en otro compuesto conciliado","OK")))) | F4: Posible compuesto detectado por suma exacta en la misma fecha. Revisar antes de conciliar. | H4: 1024, 1034 | I4: 193 | J4: 1024 | K4: 1034 | M4: 193
A5: 1851 | 2025-12-29 | 39,200 | depositos electronicos masterca transaccion 1861 | 2025-12-29 | 28,200 | depositos electronicos masterca transaccion | B5: 344 | 2025-12-29 | 67,400 | gina m moncayo ponce | C5: 0 | D5: por revisar | E5: =IF(D5<>"conciliado","Pendiente",IF(C5<>0,"ERROR: diferencia distinta de cero",IF(OR(AND(J5<>"",SUM(COUNTIFS($D$2:$D$48,"conciliado",$J$2:$J$48,J5),COUNTIFS($D$2:$D$48,"conciliado",$K$2:$K$48,J5),COUNTIFS($D$2:$D$48,"conciliado",$L$2:$L$48,J5))>1),AND(K5<>"",SUM(COUNTIFS($D$2:$D$48,"conciliado",$J$2:$J$48,K5),COUNTIFS($D$2:$D$48,"conciliado",$K$2:$K$48,K5),COUNTIFS($D$2:$D$48,"conciliado",$L$2:$L$48,K5))>1),AND(L5<>"",SUM(COUNTIFS($D$2:$D$48,"conciliado",$J$2:$J$48,L5),COUNTIFS($D$2:$D$48,"conciliado",$K$2:$K$48,L5),COUNTIFS($D$2:$D$48,"conciliado",$L$2:$L$48,L5))>1)),"ERROR: banco ya usado en otro compuesto conciliado",IF(OR(AND(M5<>"",SUM(COUNTIFS($D$2:$D$48,"conciliado",$M$2:$M$48,M5),COUNTIFS($D$2:$D$48,"conciliado",$N$2:$N$48,M5),COUNTIFS($D$2:$D$48,"conciliado",$O$2:$O$48,M5))>1),AND(N5<>"",SUM(COUNTIFS($D$2:$D$48,"conciliado",$M$2:$M$48,N5),COUNTIFS($D$2:$D$48,"conciliado",$N$2:$N$48,N5),COUNTIFS($D$2:$D$48,"conciliado",$O$2:$O$48,N5))>1),AND(O5<>"",SUM(COUNTIFS($D$2:$D$48,"conciliado",$M$2:$M$48,O5),COUNTIFS($D$2:$D$48,"conciliado",$N$2:$N$48,O5),COUNTIFS($D$2:$D$48,"conciliado",$O$2:$O$48,O5))>1)),"ERROR: libro_aux ya usado en otro compuesto conciliado","OK")))) | F5: Posible compuesto detectado por suma exacta en la misma fecha. Revisar antes de conciliar. | H5: 1851, 1861 | I5: 344 | J5: 1851 | K5: 1861 | M5: 344
A6: 26 | 2025-12-01 | 22,800 | consignacion credibanco d e 56 | 2025-12-01 | 22,400 | consignacion credibanco d e 106 | 2025-12-01 | 23,600 | consignacion credibanco d e | B6: 3 | 2025-12-01 | 68,800 | buelvas diaz jose mi | C6: 0 | D6: por revisar | E6: =IF(D6<>"conciliado","Pendiente",IF(C6<>0,"ERROR: diferencia distinta de cero",IF(OR(AND(J6<>"",SUM(COUNTIFS($D$2:$D$48,"conciliado",$J$2:$J$48,J6),COUNTIFS($D$2:$D$48,"conciliado",$K$2:$K$48,J6),COUNTIFS($D$2:$D$48,"conciliado",$L$2:$L$48,J6))>1),AND(K6<>"",SUM(COUNTIFS($D$2:$D$48,"conciliado",$J$2:$J$48,K6),COUNTIFS($D$2:$D$48,"conciliado",$K$2:$K$48,K6),COUNTIFS($D$2:$D$48,"conciliado",$L$2:$L$48,K6))>1),AND(L6<>"",SUM(COUNTIFS($D$2:$D$48,"conciliado",$J$2:$J$48,L6),COUNTIFS($D$2:$D$48,"conciliado",$K$2:$K$48,L6),COUNTIFS($D$2:$D$48,"conciliado",$L$2:$L$48,L6))>1)),"ERROR: banco ya usado en otro compuesto conciliado",IF(OR(AND(M6<>"",SUM(COUNTIFS($D$2:$D$48,"conciliado",$M$2:$M$48,M6),COUNTIFS($D$2:$D$48,"conciliado",$N$2:$N$48,M6),COUNTIFS($D$2:$D$48,"conciliado",$O$2:$O$48,M6))>1),AND(N6<>"",SUM(COUNTIFS($D$2:$D$48,"conciliado",$M$2:$M$48,N6),COUNTIFS($D$2:$D$48,"conciliado",$N$2:$N$48,N6),COUNTIFS($D$2:$D$48,"conciliado",$O$2:$O$48,N6))>1),AND(O6<>"",SUM(COUNTIFS($D$2:$D$48,"conciliado",$M$2:$M$48,O6),COUNTIFS($D$2:$D$48,"conciliado",$N$2:$N$48,O6),COUNTIFS($D$2:$D$48,"conciliado",$O$2:$O$48,O6))>1)),"ERROR: libro_aux ya usado en otro compuesto conciliado","OK")))) | F6: Posible compuesto detectado por suma exacta en la misma fecha. Revisar antes de conciliar. | H6: 26, 56, 106 | I6: 3 | J6: 26 | K6: 56 | L6: 106 | M6: 3
A7: 487 | 2025-12-09 | -888 | comision depositos electronicos mastercard 522 | 2025-12-09 | -722 | comision depositos electronicos mastercard 546 | 2025-12-09 | 28,500 | depositos electronicos masterca transaccion | B7: 84 | 2025-12-09 | 26,890 | elm piaguaje riascos | C7: 0 | D7: por revisar | E7: =IF(D7<>"conciliado","Pendiente",IF(C7<>0,"ERROR: diferencia distinta de cero",IF(OR(AND(J7<>"",SUM(COUNTIFS($D$2:$D$48,"conciliado",$J$2:$J$48,J7),COUNTIFS($D$2:$D$48,"conciliado",$K$2:$K$48,J7),COUNTIFS($D$2:$D$48,"conciliado",$L$2:$L$48,J7))>1),AND(K7<>"",SUM(COUNTIFS($D$2:$D$48,"conciliado",$J$2:$J$48,K7),COUNTIFS($D$2:$D$48,"conciliado",$K$2:$K$48,K7),COUNTIFS($D$2:$D$48,"conciliado",$L$2:$L$48,K7))>1),AND(L7<>"",SUM(COUNTIFS($D$2:$D$48,"conciliado",$J$2:$J$48,L7),COUNTIFS($D$2:$D$48,"conciliado",$K$2:$K$48,L7),COUNTIFS($D$2:$D$48,"conciliado",$L$2:$L$48,L7))>1)),"ERROR: banco ya usado en otro compuesto conciliado",IF(OR(AND(M7<>"",SUM(COUNTIFS($D$2:$D$48,"conciliado",$M$2:$M$48,M7),COUNTIFS($D$2:$D$48,"conciliado",$N$2:$N$48,M7),COUNTIFS($D$2:$D$48,"conciliado",$O$2:$O$48,M7))>1),AND(N7<>"",SUM(COUNTIFS($D$2:$D$48,"conciliado",$M$2:$M$48,N7),COUNTIFS($D$2:$D$48,"conciliado",$N$2:$N$48,N7),COUNTIFS($D$2:$D$48,"conciliado",$O$2:$O$48,N7))>1),AND(O7<>"",SUM(COUNTIFS($D$2:$D$48,"conciliado",$M$2:$M$48,O7),COUNTIFS($D$2:$D$48,"conciliado",$N$2:$N$48,O7),COUNTIFS($D$2:$D$48,"conciliado",$O$2:$O$48,O7))>1)),"ERROR: libro_aux ya usado en otro compuesto conciliado","OK")))) | F7: Posible compuesto detectado por suma exacta en la misma fecha. Revisar antes de conciliar. | H7: 487, 522, 546 | I7: 84 | J7: 487 | K7: 522 | L7: 546 | M7: 84
A8: 1099 | 2025-12-22 | 24,400 | consignacion credibanco d e 1209 | 2025-12-22 | 20,900 | consignacion credibanco d e 1219 | 2025-12-22 | 54,000 | consignacion credibanco d e | B8: 248 | 2025-12-22 | 99,300 | alexa garcia varela | C8: 0 | D8: por revisar | E8: =IF(D8<>"conciliado","Pendiente",IF(C8<>0,"ERROR: diferencia distinta de cero",IF(OR(AND(J8<>"",SUM(COUNTIFS($D$2:$D$48,"conciliado",$J$2:$J$48,J8),COUNTIFS($D$2:$D$48,"conciliado",$K$2:$K$48,J8),COUNTIFS($D$2:$D$48,"conciliado",$L$2:$L$48,J8))>1),AND(K8<>"",SUM(COUNTIFS($D$2:$D$48,"conciliado",$J$2:$J$48,K8),COUNTIFS($D$2:$D$48,"conciliado",$K$2:$K$48,K8),COUNTIFS($D$2:$D$48,"conciliado",$L$2:$L$48,K8))>1),AND(L8<>"",SUM(COUNTIFS($D$2:$D$48,"conciliado",$J$2:$J$48,L8),COUNTIFS($D$2:$D$48,"conciliado",$K$2:$K$48,L8),COUNTIFS($D$2:$D$48,"conciliado",$L$2:$L$48,L8))>1)),"ERROR: banco ya usado en otro compuesto conciliado",IF(OR(AND(M8<>"",SUM(COUNTIFS($D$2:$D$48,"conciliado",$M$2:$M$48,M8),COUNTIFS($D$2:$D$48,"conciliado",$N$2:$N$48,M8),COUNTIFS($D$2:$D$48,"conciliado",$O$2:$O$48,M8))>1),AND(N8<>"",SUM(COUNTIFS($D$2:$D$48,"conciliado",$M$2:$M$48,N8),COUNTIFS($D$2:$D$48,"conciliado",$N$2:$N$48,N8),COUNTIFS($D$2:$D$48,"conciliado",$O$2:$O$48,N8))>1),AND(O8<>"",SUM(COUNTIFS($D$2:$D$48,"conciliado",$M$2:$M$48,O8),COUNTIFS($D$2:$D$48,"conciliado",$N$2:$N$48,O8),COUNTIFS($D$2:$D$48,"conciliado",$O$2:$O$48,O8))>1)),"ERROR: libro_aux ya usado en otro compuesto conciliado","OK")))) | F8: Posible compuesto detectado por suma exacta en la misma fecha. Revisar antes de conciliar. | H8: 1099, 1209, 1219 | I8: 248 | J8: 1099 | K8: 1209 | L8: 1219 | M8: 248
A9: 1139 | 2025-12-22 | 905,300 | consignacion credibanco d e 1189 | 2025-12-22 | 40,700 | consignacion credibanco d e 1219 | 2025-12-22 | 54,000 | consignacion credibanco d e | B9: 253 | 2025-12-22 | 1,000,000 | infor sio soluciones | C9: 0 | D9: por revisar | E9: =IF(D9<>"conciliado","Pendiente",IF(C9<>0,"ERROR: diferencia distinta de cero",IF(OR(AND(J9<>"",SUM(COUNTIFS($D$2:$D$48,"conciliado",$J$2:$J$48,J9),COUNTIFS($D$2:$D$48,"conciliado",$K$2:$K$48,J9),COUNTIFS($D$2:$D$48,"conciliado",$L$2:$L$48,J9))>1),AND(K9<>"",SUM(COUNTIFS($D$2:$D$48,"conciliado",$J$2:$J$48,K9),COUNTIFS($D$2:$D$48,"conciliado",$K$2:$K$48,K9),COUNTIFS($D$2:$D$48,"conciliado",$L$2:$L$48,K9))>1),AND(L9<>"",SUM(COUNTIFS($D$2:$D$48,"conciliado",$J$2:$J$48,L9),COUNTIFS($D$2:$D$48,"conciliado",$K$2:$K$48,L9),COUNTIFS($D$2:$D$48,"conciliado",$L$2:$L$48,L9))>1)),"ERROR: banco ya usado en otro compuesto conciliado",IF(OR(AND(M9<>"",SUM(COUNTIFS($D$2:$D$48,"conciliado",$M$2:$M$48,M9),COUNTIFS($D$2:$D$48,"conciliado",$N$2:$N$48,M9),COUNTIFS($D$2:$D$48,"conciliado",$O$2:$O$48,M9))>1),AND(N9<>"",SUM(COUNTIFS($D$2:$D$48,"conciliado",$M$2:$M$48,N9),COUNTIFS($D$2:$D$48,"conciliado",$N$2:$N$48,N9),COUNTIFS($D$2:$D$48,"conciliado",$O$2:$O$48,N9))>1),AND(O9<>"",SUM(COUNTIFS($D$2:$D$48,"conciliado",$M$2:$M$48,O9),COUNTIFS($D$2:$D$48,"conciliado",$N$2:$N$48,O9),COUNTIFS($D$2:$D$48,"conciliado",$O$2:$O$48,O9))>1)),"ERROR: libro_aux ya usado en otro compuesto conciliado","OK")))) | F9: Posible compuesto detectado por suma exacta en la misma fecha. Revisar antes de conciliar. | H9: 1139, 1189, 1219 | I9: 253 | J9: 1139 | K9: 1189 | L9: 1219 | M9: 253
A10: 1094 | 2025-12-22 | 65,900 | consignacion credibanco d e 1109 | 2025-12-22 | 31,100 | consignacion credibanco d e 1194 | 2025-12-22 | 72,600 | consignacion credibanco d e | B10: 239 | 2025-12-22 | 169,600 | bastidas cordoba nid | C10: 0 | D10: por revisar | E10: =IF(D10<>"conciliado","Pendiente",IF(C10<>0,"ERROR: diferencia distinta de cero",IF(OR(AND(J10<>"",SUM(COUNTIFS($D$2:$D$48,"conciliado",$J$2:$J$48,J10),COUNTIFS($D$2:$D$48,"conciliado",$K$2:$K$48,J10),COUNTIFS($D$2:$D$48,"conciliado",$L$2:$L$48,J10))>1),AND(K10<>"",SUM(COUNTIFS($D$2:$D$48,"conciliado",$J$2:$J$48,K10),COUNTIFS($D$2:$D$48,"conciliado",$K$2:$K$48,K10),COUNTIFS($D$2:$D$48,"conciliado",$L$2:$L$48,K10))>1),AND(L10<>"",SUM(COUNTIFS($D$2:$D$48,"conciliado",$J$2:$J$48,L10),COUNTIFS($D$2:$D$48,"conciliado",$K$2:$K$48,L10),COUNTIFS($D$2:$D$48,"conciliado",$L$2:$L$48,L10))>1)),"ERROR: banco ya usado en otro compuesto conciliado",IF(OR(AND(M10<>"",SUM(COUNTIFS($D$2:$D$48,"conciliado",$M$2:$M$48,M10),COUNTIFS($D$2:$D$48,"conciliado",$N$2:$N$48,M10),COUNTIFS($D$2:$D$48,"conciliado",$O$2:$O$48,M10))>1),AND(N10<>"",SUM(COUNTIFS($D$2:$D$48,"conciliado",$M$2:$M$48,N10),COUNTIFS($D$2:$D$48,"conciliado",$N$2:$N$48,N10),COUNTIFS($D$2:$D$48,"conciliado",$O$2:$O$48,N10))>1),AND(O10<>"",SUM(COUNTIFS($D$2:$D$48,"conciliado",$M$2:$M$48,O10),COUNTIFS($D$2:$D$48,"conciliado",$N$2:$N$48,O10),COUNTIFS($D$2:$D$48,"conciliado",$O$2:$O$48,O10))>1)),"ERROR: libro_aux ya usado en otro compuesto conciliado","OK")))) | F10: Posible compuesto detectado por suma exacta en la misma fecha. Revisar antes de conciliar. | H10: 1094, 1109, 1194 | I10: 239 | J10: 1094 | K10: 1109 | L10: 1194 | M10: 239
A11: 1466 | 2025-12-24 | 23,900 | consignacion credibanco d e 1471 | 2025-12-24 | 59,900 | consignacion credibanco d e | B11: 284 | 2025-12-24 | 83,800 | ortiz pai wanier | C11: 0 | D11: por revisar | E11: =IF(D11<>"conciliado","Pendiente",IF(C11<>0,"ERROR: diferencia distinta de cero",IF(OR(AND(J11<>"",SUM(COUNTIFS($D$2:$D$48,"conciliado",$J$2:$J$48,J11),COUNTIFS($D$2:$D$48,"conciliado",$K$2:$K$48,J11),COUNTIFS($D$2:$D$48,"conciliado",$L$2:$L$48,J11))>1),AND(K11<>"",SUM(COUNTIFS($D$2:$D$48,"conciliado",$J$2:$J$48,K11),COUNTIFS($D$2:$D$48,"conciliado",$K$2:$K$48,K11),COUNTIFS($D$2:$D$48,"conciliado",$L$2:$L$48,K11))>1),AND(L11<>"",SUM(COUNTIFS($D$2:$D$48,"conciliado",$J$2:$J$48,L11),COUNTIFS($D$2:$D$48,"conciliado",$K$2:$K$48,L11),COUNTIFS($D$2:$D$48,"conciliado",$L$2:$L$48,L11))>1)),"ERROR: banco ya usado en otro compuesto conciliado",IF(OR(AND(M11<>"",SUM(COUNTIFS($D$2:$D$48,"conciliado",$M$2:$M$48,M11),COUNTIFS($D$2:$D$48,"conciliado",$N$2:$N$48,M11),COUNTIFS($D$2:$D$48,"conciliado",$O$2:$O$48,M11))>1),AND(N11<>"",SUM(COUNTIFS($D$2:$D$48,"conciliado",$M$2:$M$48,N11),COUNTIFS($D$2:$D$48,"conciliado",$N$2:$N$48,N11),COUNTIFS($D$2:$D$48,"conciliado",$O$2:$O$48,N11))>1),AND(O11<>"",SUM(COUNTIFS($D$2:$D$48,"conciliado",$M$2:$M$48,O11),COUNTIFS($D$2:$D$48,"conciliado",$N$2:$N$48,O11),COUNTIFS($D$2:$D$48,"conciliado",$O$2:$O$48,O11))>1)),"ERROR: libro_aux ya usado en otro compuesto conciliado","OK")))) | F11: Posible compuesto detectado por suma exacta en la misma fecha. Revisar antes de conciliar. | H11: 1466, 1471 | I11: 284 | J11: 1466 | K11: 1471 | M11: 284
A12: 1436 | 2025-12-24 | 44,400 | consignacion credibanco d e 1466 | 2025-12-24 | 23,900 | consignacion credibanco d e | B12: 290 | 2025-12-24 | 68,300 | cabezas neyne rivera | C12: 0 | D12: por revisar | E12: =IF(D12<>"conciliado","Pendiente",IF(C12<>0,"ERROR: diferencia distinta de cero",IF(OR(AND(J12<>"",SUM(COUNTIFS($D$2:$D$48,"conciliado",$J$2:$J$48,J12),COUNTIFS($D$2:$D$48,"conciliado",$K$2:$K$48,J12),COUNTIFS($D$2:$D$48,"conciliado",$L$2:$L$48,J12))>1),AND(K12<>"",SUM(COUNTIFS($D$2:$D$48,"conciliado",$J$2:$J$48,K12),COUNTIFS($D$2:$D$48,"conciliado",$K$2:$K$48,K12),COUNTIFS($D$2:$D$48,"conciliado",$L$2:$L$48,K12))>1),AND(L12<>"",SUM(COUNTIFS($D$2:$D$48,"conciliado",$J$2:$J$48,L12),COUNTIFS($D$2:$D$48,"conciliado",$K$2:$K$48,L12),COUNTIFS($D$2:$D$48,"conciliado",$L$2:$L$48,L12))>1)),"ERROR: banco ya usado en otro compuesto conciliado",IF(OR(AND(M12<>"",SUM(COUNTIFS($D$2:$D$48,"conciliado",$M$2:$M$48,M12),COUNTIFS($D$2:$D$48,"conciliado",$N$2:$N$48,M12),COUNTIFS($D$2:$D$48,"conciliado",$O$2:$O$48,M12))>1),AND(N12<>"",SUM(COUNTIFS($D$2:$D$48,"conciliado",$M$2:$M$48,N12),COUNTIFS($D$2:$D$48,"conciliado",$N$2:$N$48,N12),COUNTIFS($D$2:$D$48,"conciliado",$O$2:$O$48,N12))>1),AND(O12<>"",SUM(COUNTIFS($D$2:$D$48,"conciliado",$M$2:$M$48,O12),COUNTIFS($D$2:$D$48,"conciliado",$N$2:$N$48,O12),COUNTIFS($D$2:$D$48,"conciliado",$O$2:$O$48,O12))>1)),"ERROR: libro_aux ya usado en otro compuesto conciliado","OK")))) | F12: Posible compuesto detectado por suma exacta en la misma fecha. Revisar antes de conciliar. | H12: 1436, 1466 | I12: 290 | J12: 1436 | K12: 1466 | M12: 290
A13: 1661 | 2025-12-26 | 135,000 | depositos electronicos masterca transaccion 1679 | 2025-12-26 | -600 | depositos electronicos mastercar retefuente | B13: 310 | 2025-12-26 | 134,400 | cruz espinoza manuel | C13: 0 | D13: por revisar | E13: =IF(D13<>"conciliado","Pendiente",IF(C13<>0,"ERROR: diferencia distinta de cero",IF(OR(AND(J13<>"",SUM(COUNTIFS($D$2:$D$48,"conciliado",$J$2:$J$48,J13),COUNTIFS($D$2:$D$48,"conciliado",$K$2:$K$48,J13),COUNTIFS($D$2:$D$48,"conciliado",$L$2:$L$48,J13))>1),AND(K13<>"",SUM(COUNTIFS($D$2:$D$48,"conciliado",$J$2:$J$48,K13),COUNTIFS($D$2:$D$48,"conciliado",$K$2:$K$48,K13),COUNTIFS($D$2:$D$48,"conciliado",$L$2:$L$48,K13))>1),AND(L13<>"",SUM(COUNTIFS($D$2:$D$48,"conciliado",$J$2:$J$48,L13),COUNTIFS($D$2:$D$48,"conciliado",$K$2:$K$48,L13),COUNTIFS($D$2:$D$48,"conciliado",$L$2:$L$48,L13))>1)),"ERROR: banco ya usado en otro compuesto conciliado",IF(OR(AND(M13<>"",SUM(COUNTIFS($D$2:$D$48,"conciliado",$M$2:$M$48,M13),COUNTIFS($D$2:$D$48,"conciliado",$N$2:$N$48,M13),COUNTIFS($D$2:$D$48,"conciliado",$O$2:$O$48,M13))>1),AND(N13<>"",SUM(COUNTIFS($D$2:$D$48,"conciliado",$M$2:$M$48,N13),COUNTIFS($D$2:$D$48,"conciliado",$N$2:$N$48,N13),COUNTIFS($D$2:$D$48,"conciliado",$O$2:$O$48,N13))>1),AND(O13<>"",SUM(COUNTIFS($D$2:$D$48,"conciliado",$M$2:$M$48,O13),COUNTIFS($D$2:$D$48,"conciliado",$N$2:$N$48,O13),COUNTIFS($D$2:$D$48,"conciliado",$O$2:$O$48,O13))>1)),"ERROR: libro_aux ya usado en otro compuesto conciliado","OK")))) | F13: Posible compuesto detectado por suma exacta en la misma fecha. Revisar antes de conciliar. | H13: 1661, 1679 | I13: 310 | J13: 1661 | K13: 1679 | M13: 310
A14: 1506 | 2025-12-26 | 46,000 | consignacion credibanco d e 1566 | 2025-12-26 | 62,300 | consignacion credibanco d e 1591 | 2025-12-26 | 170,000 | consignacion credibanco d e | B14: 305 | 2025-12-26 | 278,300 | cisneros edwi norena | C14: 0 | D14: por revisar | E14: =IF(D14<>"conciliado","Pendiente",IF(C14<>0,"ERROR: diferencia distinta de cero",IF(OR(AND(J14<>"",SUM(COUNTIFS($D$2:$D$48,"conciliado",$J$2:$J$48,J14),COUNTIFS($D$2:$D$48,"conciliado",$K$2:$K$48,J14),COUNTIFS($D$2:$D$48,"conciliado",$L$2:$L$48,J14))>1),AND(K14<>"",SUM(COUNTIFS($D$2:$D$48,"conciliado",$J$2:$J$48,K14),COUNTIFS($D$2:$D$48,"conciliado",$K$2:$K$48,K14),COUNTIFS($D$2:$D$48,"conciliado",$L$2:$L$48,K14))>1),AND(L14<>"",SUM(COUNTIFS($D$2:$D$48,"conciliado",$J$2:$J$48,L14),COUNTIFS($D$2:$D$48,"conciliado",$K$2:$K$48,L14),COUNTIFS($D$2:$D$48,"conciliado",$L$2:$L$48,L14))>1)),"ERROR: banco ya usado en otro compuesto conciliado",IF(OR(AND(M14<>"",SUM(COUNTIFS($D$2:$D$48,"conciliado",$M$2:$M$48,M14),COUNTIFS($D$2:$D$48,"conciliado",$N$2:$N$48,M14),COUNTIFS($D$2:$D$48,"conciliado",$O$2:$O$48,M14))>1),AND(N14<>"",SUM(COUNTIFS($D$2:$D$48,"conciliado",$M$2:$M$48,N14),COUNTIFS($D$2:$D$48,"conciliado",$N$2:$N$48,N14),COUNTIFS($D$2:$D$48,"conciliado",$O$2:$O$48,N14))>1),AND(O14<>"",SUM(COUNTIFS($D$2:$D$48,"conciliado",$M$2:$M$48,O14),COUNTIFS($D$2:$D$48,"conciliado",$N$2:$N$48,O14),COUNTIFS($D$2:$D$48,"conciliado",$O$2:$O$48,O14))>1)),"ERROR: libro_aux ya usado en otro compuesto conciliado","OK")))) | F14: Posible compuesto detectado por suma exacta en la misma fecha. Revisar antes de conciliar. | H14: 1506, 1566, 1591 | I14: 305 | J14: 1506 | K14: 1566 | L14: 1591 | M14: 305
A15: 1546 | 2025-12-26 | 20,600 | consignacion credibanco d e 1596 | 2025-12-26 | 25,800 | consignacion credibanco d e | B15: 306 | 2025-12-26 | 46,400 | cristian he pai vega | C15: 0 | D15: por revisar | E15: =IF(D15<>"conciliado","Pendiente",IF(C15<>0,"ERROR: diferencia distinta de cero",IF(OR(AND(J15<>"",SUM(COUNTIFS($D$2:$D$48,"conciliado",$J$2:$J$48,J15),COUNTIFS($D$2:$D$48,"conciliado",$K$2:$K$48,J15),COUNTIFS($D$2:$D$48,"conciliado",$L$2:$L$48,J15))>1),AND(K15<>"",SUM(COUNTIFS($D$2:$D$48,"conciliado",$J$2:$J$48,K15),COUNTIFS($D$2:$D$48,"conciliado",$K$2:$K$48,K15),COUNTIFS($D$2:$D$48,"conciliado",$L$2:$L$48,K15))>1),AND(L15<>"",SUM(COUNTIFS($D$2:$D$48,"conciliado",$J$2:$J$48,L15),COUNTIFS($D$2:$D$48,"conciliado",$K$2:$K$48,L15),COUNTIFS($D$2:$D$48,"conciliado",$L$2:$L$48,L15))>1)),"ERROR: banco ya usado en otro compuesto conciliado",IF(OR(AND(M15<>"",SUM(COUNTIFS($D$2:$D$48,"conciliado",$M$2:$M$48,M15),COUNTIFS($D$2:$D$48,"conciliado",$N$2:$N$48,M15),COUNTIFS($D$2:$D$48,"conciliado",$O$2:$O$48,M15))>1),AND(N15<>"",SUM(COUNTIFS($D$2:$D$48,"conciliado",$M$2:$M$48,N15),COUNTIFS($D$2:$D$48,"conciliado",$N$2:$N$48,N15),COUNTIFS($D$2:$D$48,"conciliado",$O$2:$O$48,N15))>1),AND(O15<>"",SUM(COUNTIFS($D$2:$D$48,"conciliado",$M$2:$M$48,O15),COUNTIFS($D$2:$D$48,"conciliado",$N$2:$N$48,O15),COUNTIFS($D$2:$D$48,"conciliado",$O$2:$O$48,O15))>1)),"ERROR: libro_aux ya usado en otro compuesto conciliado","OK")))) | F15: Posible compuesto detectado por suma exacta en la misma fecha. Revisar antes de conciliar. | H15: 1546, 1596 | I15: 306 | J15: 1546 | K15: 1596 | M15: 306
A16: 1552 | 2025-12-26 | -1,814 | cobro comision depositos electronicos 1567 | 2025-12-26 | -1,346 | cobro comision depositos electronicos 1646 | 2025-12-26 | 42,688 | depositos electronicos masterca transaccion | B16: 303 | 2025-12-26 | 39,528 | bastidas bolanos pao | C16: 0 | D16: por revisar | E16: =IF(D16<>"conciliado","Pendiente",IF(C16<>0,"ERROR: diferencia distinta de cero",IF(OR(AND(J16<>"",SUM(COUNTIFS($D$2:$D$48,"conciliado",$J$2:$J$48,J16),COUNTIFS($D$2:$D$48,"conciliado",$K$2:$K$48,J16),COUNTIFS($D$2:$D$48,"conciliado",$L$2:$L$48,J16))>1),AND(K16<>"",SUM(COUNTIFS($D$2:$D$48,"conciliado",$J$2:$J$48,K16),COUNTIFS($D$2:$D$48,"conciliado",$K$2:$K$48,K16),COUNTIFS($D$2:$D$48,"conciliado",$L$2:$L$48,K16))>1),AND(L16<>"",SUM(COUNTIFS($D$2:$D$48,"conciliado",$J$2:$J$48,L16),COUNTIFS($D$2:$D$48,"conciliado",$K$2:$K$48,L16),COUNTIFS($D$2:$D$48,"conciliado",$L$2:$L$48,L16))>1)),"ERROR: banco ya usado en otro compuesto conciliado",IF(OR(AND(M16<>"",SUM(COUNTIFS($D$2:$D$48,"conciliado",$M$2:$M$48,M16),COUNTIFS($D$2:$D$48,"conciliado",$N$2:$N$48,M16),COUNTIFS($D$2:$D$48,"conciliado",$O$2:$O$48,M16))>1),AND(N16<>"",SUM(COUNTIFS($D$2:$D$48,"conciliado",$M$2:$M$48,N16),COUNTIFS($D$2:$D$48,"conciliado",$N$2:$N$48,N16),COUNTIFS($D$2:$D$48,"conciliado",$O$2:$O$48,N16))>1),AND(O16<>"",SUM(COUNTIFS($D$2:$D$48,"conciliado",$M$2:$M$48,O16),COUNTIFS($D$2:$D$48,"conciliado",$N$2:$N$48,O16),COUNTIFS($D$2:$D$48,"conciliado",$O$2:$O$48,O16))>1)),"ERROR: libro_aux ya usado en otro compuesto conciliado","OK")))) | F16: Posible compuesto detectado por suma exacta en la misma fecha. Revisar antes de conciliar. | H16: 1552, 1567, 1646 | I16: 303 | J16: 1552 | K16: 1567 | L16: 1646 | M16: 303
A17: 1691 | 2025-12-29 | 94,100 | consignacion credibanco d e 1771 | 2025-12-29 | 22,000 | consignacion credibanco d e 1811 | 2025-12-29 | 20,500 | consignacion credibanco d e | B17: 343 | 2025-12-29 | 136,600 | benavides lopez sixt | C17: 0 | D17: por revisar | E17: =IF(D17<>"conciliado","Pendiente",IF(C17<>0,"ERROR: diferencia distinta de cero",IF(OR(AND(J17<>"",SUM(COUNTIFS($D$2:$D$48,"conciliado",$J$2:$J$48,J17),COUNTIFS($D$2:$D$48,"conciliado",$K$2:$K$48,J17),COUNTIFS($D$2:$D$48,"conciliado",$L$2:$L$48,J17))>1),AND(K17<>"",SUM(COUNTIFS($D$2:$D$48,"conciliado",$J$2:$J$48,K17),COUNTIFS($D$2:$D$48,"conciliado",$K$2:$K$48,K17),COUNTIFS($D$2:$D$48,"conciliado",$L$2:$L$48,K17))>1),AND(L17<>"",SUM(COUNTIFS($D$2:$D$48,"conciliado",$J$2:$J$48,L17),COUNTIFS($D$2:$D$48,"conciliado",$K$2:$K$48,L17),COUNTIFS($D$2:$D$48,"conciliado",$L$2:$L$48,L17))>1)),"ERROR: banco ya usado en otro compuesto conciliado",IF(OR(AND(M17<>"",SUM(COUNTIFS($D$2:$D$48,"conciliado",$M$2:$M$48,M17),COUNTIFS($D$2:$D$48,"conciliado",$N$2:$N$48,M17),COUNTIFS($D$2:$D$48,"conciliado",$O$2:$O$48,M17))>1),AND(N17<>"",SUM(COUNTIFS($D$2:$D$48,"conciliado",$M$2:$M$48,N17),COUNTIFS($D$2:$D$48,"conciliado",$N$2:$N$48,N17),COUNTIFS($D$2:$D$48,"conciliado",$O$2:$O$48,N17))>1),AND(O17<>"",SUM(COUNTIFS($D$2:$D$48,"conciliado",$M$2:$M$48,O17),COUNTIFS($D$2:$D$48,"conciliado",$N$2:$N$48,O17),COUNTIFS($D$2:$D$48,"conciliado",$O$2:$O$48,O17))>1)),"ERROR: libro_aux ya usado en otro compuesto conciliado","OK")))) | F17: Posible compuesto detectado por suma exacta en la misma fecha. Revisar antes de conciliar. | H17: 1691, 1771, 1811 | I17: 343 | J17: 1691 | K17: 1771 | L17: 1811 | M17: 343
A18: 1782 | 2025-12-29 | -554 | cobro comision depositos electronicos 1802 | 2025-12-29 | -8,346 | cobro comision depositos electronicos 1851 | 2025-12-29 | 39,200 | depositos electronicos masterca transaccion | B18: 342 | 2025-12-29 | 30,300 | au hector melo tobar | C18: 0 | D18: por revisar | E18: =IF(D18<>"conciliado","Pendiente",IF(C18<>0,"ERROR: diferencia distinta de cero",IF(OR(AND(J18<>"",SUM(COUNTIFS($D$2:$D$48,"conciliado",$J$2:$J$48,J18),COUNTIFS($D$2:$D$48,"conciliado",$K$2:$K$48,J18),COUNTIFS($D$2:$D$48,"conciliado",$L$2:$L$48,J18))>1),AND(K18<>"",SUM(COUNTIFS($D$2:$D$48,"conciliado",$J$2:$J$48,K18),COUNTIFS($D$2:$D$48,"conciliado",$K$2:$K$48,K18),COUNTIFS($D$2:$D$48,"conciliado",$L$2:$L$48,K18))>1),AND(L18<>"",SUM(COUNTIFS($D$2:$D$48,"conciliado",$J$2:$J$48,L18),COUNTIFS($D$2:$D$48,"conciliado",$K$2:$K$48,L18),COUNTIFS($D$2:$D$48,"conciliado",$L$2:$L$48,L18))>1)),"ERROR: banco ya usado en otro compuesto conciliado",IF(OR(AND(M18<>"",SUM(COUNTIFS($D$2:$D$48,"conciliado",$M$2:$M$48,M18),COUNTIFS($D$2:$D$48,"conciliado",$N$2:$N$48,M18),COUNTIFS($D$2:$D$48,"conciliado",$O$2:$O$48,M18))>1),AND(N18<>"",SUM(COUNTIFS($D$2:$D$48,"conciliado",$M$2:$M$48,N18),COUNTIFS($D$2:$D$48,"conciliado",$N$2:$N$48,N18),COUNTIFS($D$2:$D$48,"conciliado",$O$2:$O$48,N18))>1),AND(O18<>"",SUM(COUNTIFS($D$2:$D$48,"conciliado",$M$2:$M$48,O18),COUNTIFS($D$2:$D$48,"conciliado",$N$2:$N$48,O18),COUNTIFS($D$2:$D$48,"conciliado",$O$2:$O$48,O18))>1)),"ERROR: libro_aux ya usado en otro compuesto conciliado","OK")))) | F18: Posible compuesto detectado por suma exacta en la misma fecha. Revisar antes de conciliar. | H18: 1782, 1802, 1851 | I18: 342 | J18: 1782 | K18: 1802 | L18: 1851 | M18: 342
A19: 1084 | 2025-12-22 | 28,000 | consignacion credibanco d e 1104 | 2025-12-22 | 14,000 | consignacion credibanco d e | B19: 236 | 2025-12-22 | 42,000 | crist mafla palacios | C19: 0 | D19: por revisar | E19: =IF(D19<>"conciliado","Pendiente",IF(C19<>0,"ERROR: diferencia distinta de cero",IF(OR(AND(J19<>"",SUM(COUNTIFS($D$2:$D$48,"conciliado",$J$2:$J$48,J19),COUNTIFS($D$2:$D$48,"conciliado",$K$2:$K$48,J19),COUNTIFS($D$2:$D$48,"conciliado",$L$2:$L$48,J19))>1),AND(K19<>"",SUM(COUNTIFS($D$2:$D$48,"conciliado",$J$2:$J$48,K19),COUNTIFS($D$2:$D$48,"conciliado",$K$2:$K$48,K19),COUNTIFS($D$2:$D$48,"conciliado",$L$2:$L$48,K19))>1),AND(L19<>"",SUM(COUNTIFS($D$2:$D$48,"conciliado",$J$2:$J$48,L19),COUNTIFS($D$2:$D$48,"conciliado",$K$2:$K$48,L19),COUNTIFS($D$2:$D$48,"conciliado",$L$2:$L$48,L19))>1)),"ERROR: banco ya usado en otro compuesto conciliado",IF(OR(AND(M19<>"",SUM(COUNTIFS($D$2:$D$48,"conciliado",$M$2:$M$48,M19),COUNTIFS($D$2:$D$48,"conciliado",$N$2:$N$48,M19),COUNTIFS($D$2:$D$48,"conciliado",$O$2:$O$48,M19))>1),AND(N19<>"",SUM(COUNTIFS($D$2:$D$48,"conciliado",$M$2:$M$48,N19),COUNTIFS($D$2:$D$48,"conciliado",$N$2:$N$48,N19),COUNTIFS($D$2:$D$48,"conciliado",$O$2:$O$48,N19))>1),AND(O19<>"",SUM(COUNTIFS($D$2:$D$48,"conciliado",$M$2:$M$48,O19),COUNTIFS($D$2:$D$48,"conciliado",$N$2:$N$48,O19),COUNTIFS($D$2:$D$48,"conciliado",$O$2:$O$48,O19))>1)),"ERROR: libro_aux ya usado en otro compuesto conciliado","OK")))) | F19: Posible compuesto detectado por suma exacta en la misma fecha. Revisar antes de conciliar. | H19: 1084, 1104 | I19: 236 | J19: 1084 | K19: 1104 | M19: 236
A20: 26 | 2025-12-01 | 22,800 | consignacion credibanco d e 31 | 2025-12-01 | 41,900 | consignacion credibanco d e 104 | 2025-12-01 | -2,700 | credibanco d e retefuente voucher y | B20: 7 | 2025-12-01 | 62,000 | ca caicedo jimenez | C20: 0 | D20: por revisar | E20: =IF(D20<>"conciliado","Pendiente",IF(C20<>0,"ERROR: diferencia distinta de cero",IF(OR(AND(J20<>"",SUM(COUNTIFS($D$2:$D$48,"conciliado",$J$2:$J$48,J20),COUNTIFS($D$2:$D$48,"conciliado",$K$2:$K$48,J20),COUNTIFS($D$2:$D$48,"conciliado",$L$2:$L$48,J20))>1),AND(K20<>"",SUM(COUNTIFS($D$2:$D$48,"conciliado",$J$2:$J$48,K20),COUNTIFS($D$2:$D$48,"conciliado",$K$2:$K$48,K20),COUNTIFS($D$2:$D$48,"conciliado",$L$2:$L$48,K20))>1),AND(L20<>"",SUM(COUNTIFS($D$2:$D$48,"conciliado",$J$2:$J$48,L20),COUNTIFS($D$2:$D$48,"conciliado",$K$2:$K$48,L20),COUNTIFS($D$2:$D$48,"conciliado",$L$2:$L$48,L20))>1)),"ERROR: banco ya usado en otro compuesto conciliado",IF(OR(AND(M20<>"",SUM(COUNTIFS($D$2:$D$48,"conciliado",$M$2:$M$48,M20),COUNTIFS($D$2:$D$48,"conciliado",$N$2:$N$48,M20),COUNTIFS($D$2:$D$48,"conciliado",$O$2:$O$48,M20))>1),AND(N20<>"",SUM(COUNTIFS($D$2:$D$48,"conciliado",$M$2:$M$48,N20),COUNTIFS($D$2:$D$48,"conciliado",$N$2:$N$48,N20),COUNTIFS($D$2:$D$48,"conciliado",$O$2:$O$48,N20))>1),AND(O20<>"",SUM(COUNTIFS($D$2:$D$48,"conciliado",$M$2:$M$48,O20),COUNTIFS($D$2:$D$48,"conciliado",$N$2:$N$48,O20),COUNTIFS($D$2:$D$48,"conciliado",$O$2:$O$48,O20))>1)),"ERROR: libro_aux ya usado en otro compuesto conciliado","OK")))) | F20: Posible compuesto detectado por suma exacta en la misma fecha. Revisar antes de conciliar. | H20: 26, 31, 104 | I20: 7 | J20: 26 | K20: 31 | L20: 104 | M20: 7
A21: 26 | 2025-12-01 | 22,800 | consignacion credibanco d e 39 | 2025-12-01 | -320 | credibanco d e retefuente voucher y 56 | 2025-12-01 | 22,400 | consignacion credibanco d e | B21: 2 | 2025-12-01 | 44,880 | gomez jimenez judith | C21: 0 | D21: por revisar | E21: =IF(D21<>"conciliado","Pendiente",IF(C21<>0,"ERROR: diferencia distinta de cero",IF(OR(AND(J21<>"",SUM(COUNTIFS($D$2:$D$48,"conciliado",$J$2:$J$48,J21),COUNTIFS($D$2:$D$48,"conciliado",$K$2:$K$48,J21),COUNTIFS($D$2:$D$48,"conciliado",$L$2:$L$48,J21))>1),AND(K21<>"",SUM(COUNTIFS($D$2:$D$48,"conciliado",$J$2:$J$48,K21),COUNTIFS($D$2:$D$48,"conciliado",$K$2:$K$48,K21),COUNTIFS($D$2:$D$48,"conciliado",$L$2:$L$48,K21))>1),AND(L21<>"",SUM(COUNTIFS($D$2:$D$48,"conciliado",$J$2:$J$48,L21),COUNTIFS($D$2:$D$48,"conciliado",$K$2:$K$48,L21),COUNTIFS($D$2:$D$48,"conciliado",$L$2:$L$48,L21))>1)),"ERROR: banco ya usado en otro compuesto conciliado",IF(OR(AND(M21<>"",SUM(COUNTIFS($D$2:$D$48,"conciliado",$M$2:$M$48,M21),COUNTIFS($D$2:$D$48,"conciliado",$N$2:$N$48,M21),COUNTIFS($D$2:$D$48,"conciliado",$O$2:$O$48,M21))>1),AND(N21<>"",SUM(COUNTIFS($D$2:$D$48,"conciliado",$M$2:$M$48,N21),COUNTIFS($D$2:$D$48,"conciliado",$N$2:$N$48,N21),COUNTIFS($D$2:$D$48,"conciliado",$O$2:$O$48,N21))>1),AND(O21<>"",SUM(COUNTIFS($D$2:$D$48,"conciliado",$M$2:$M$48,O21),COUNTIFS($D$2:$D$48,"conciliado",$N$2:$N$48,O21),COUNTIFS($D$2:$D$48,"conciliado",$O$2:$O$48,O21))>1)),"ERROR: libro_aux ya usado en otro compuesto conciliado","OK")))) | F21: Posible compuesto detectado por suma exacta en la misma fecha. Revisar antes de conciliar. | H21: 26, 39, 56 | I21: 2 | J21: 26 | K21: 39 | L21: 56 | M21: 2
A22: 753 | 2025-12-15 | 45,900 | consignacion credibanco d e 791 | 2025-12-15 | -300 | credibanco d e retefuente voucher y | B22: 142 | 2025-12-15 | 45,600 | a cruz garces manuel | C22: 0 | D22: por revisar | E22: =IF(D22<>"conciliado","Pendiente",IF(C22<>0,"ERROR: diferencia distinta de cero",IF(OR(AND(J22<>"",SUM(COUNTIFS($D$2:$D$48,"conciliado",$J$2:$J$48,J22),COUNTIFS($D$2:$D$48,"conciliado",$K$2:$K$48,J22),COUNTIFS($D$2:$D$48,"conciliado",$L$2:$L$48,J22))>1),AND(K22<>"",SUM(COUNTIFS($D$2:$D$48,"conciliado",$J$2:$J$48,K22),COUNTIFS($D$2:$D$48,"conciliado",$K$2:$K$48,K22),COUNTIFS($D$2:$D$48,"conciliado",$L$2:$L$48,K22))>1),AND(L22<>"",SUM(COUNTIFS($D$2:$D$48,"conciliado",$J$2:$J$48,L22),COUNTIFS($D$2:$D$48,"conciliado",$K$2:$K$48,L22),COUNTIFS($D$2:$D$48,"conciliado",$L$2:$L$48,L22))>1)),"ERROR: banco ya usado en otro compuesto conciliado",IF(OR(AND(M22<>"",SUM(COUNTIFS($D$2:$D$48,"conciliado",$M$2:$M$48,M22),COUNTIFS($D$2:$D$48,"conciliado",$N$2:$N$48,M22),COUNTIFS($D$2:$D$48,"conciliado",$O$2:$O$48,M22))>1),AND(N22<>"",SUM(COUNTIFS($D$2:$D$48,"conciliado",$M$2:$M$48,N22),COUNTIFS($D$2:$D$48,"conciliado",$N$2:$N$48,N22),COUNTIFS($D$2:$D$48,"conciliado",$O$2:$O$48,N22))>1),AND(O22<>"",SUM(COUNTIFS($D$2:$D$48,"conciliado",$M$2:$M$48,O22),COUNTIFS($D$2:$D$48,"conciliado",$N$2:$N$48,O22),COUNTIFS($D$2:$D$48,"conciliado",$O$2:$O$48,O22))>1)),"ERROR: libro_aux ya usado en otro compuesto conciliado","OK")))) | F22: Posible compuesto detectado por suma exacta en la misma fecha. Revisar antes de conciliar. | H22: 753, 791 | I22: 142 | J22: 753 | K22: 791 | M22: 142
A23: 738 | 2025-12-15 | 70,800 | consignacion credibanco d e 773 | 2025-12-15 | 26,500 | consignacion credibanco d e 791 | 2025-12-15 | -300 | credibanco d e retefuente voucher y | B23: 150 | 2025-12-15 | 97,000 | hernandez lopez paol | C23: 0 | D23: por revisar | E23: =IF(D23<>"conciliado","Pendiente",IF(C23<>0,"ERROR: diferencia distinta de cero",IF(OR(AND(J23<>"",SUM(COUNTIFS($D$2:$D$48,"conciliado",$J$2:$J$48,J23),COUNTIFS($D$2:$D$48,"conciliado",$K$2:$K$48,J23),COUNTIFS($D$2:$D$48,"conciliado",$L$2:$L$48,J23))>1),AND(K23<>"",SUM(COUNTIFS($D$2:$D$48,"conciliado",$J$2:$J$48,K23),COUNTIFS($D$2:$D$48,"conciliado",$K$2:$K$48,K23),COUNTIFS($D$2:$D$48,"conciliado",$L$2:$L$48,K23))>1),AND(L23<>"",SUM(COUNTIFS($D$2:$D$48,"conciliado",$J$2:$J$48,L23),COUNTIFS($D$2:$D$48,"conciliado",$K$2:$K$48,L23),COUNTIFS($D$2:$D$48,"conciliado",$L$2:$L$48,L23))>1)),"ERROR: banco ya usado en otro compuesto conciliado",IF(OR(AND(M23<>"",SUM(COUNTIFS($D$2:$D$48,"conciliado",$M$2:$M$48,M23),COUNTIFS($D$2:$D$48,"conciliado",$N$2:$N$48,M23),COUNTIFS($D$2:$D$48,"conciliado",$O$2:$O$48,M23))>1),AND(N23<>"",SUM(COUNTIFS($D$2:$D$48,"conciliado",$M$2:$M$48,N23),COUNTIFS($D$2:$D$48,"conciliado",$N$2:$N$48,N23),COUNTIFS($D$2:$D$48,"conciliado",$O$2:$O$48,N23))>1),AND(O23<>"",SUM(COUNTIFS($D$2:$D$48,"conciliado",$M$2:$M$48,O23),COUNTIFS($D$2:$D$48,"conciliado",$N$2:$N$48,O23),COUNTIFS($D$2:$D$48,"conciliado",$O$2:$O$48,O23))>1)),"ERROR: libro_aux ya usado en otro compuesto conciliado","OK")))) | F23: Posible compuesto detectado por suma exacta en la misma fecha. Revisar antes de conciliar. | H23: 738, 773, 791 | I23: 150 | J23: 738 | K23: 773 | L23: 791 | M23: 150
A24: 1117 | 2025-12-22 | -1,020 | credibanco d e retefuente voucher y 1119 | 2025-12-22 | 71,100 | consignacion credibanco d e 1142 | 2025-12-22 | -13,580 | credibanco d e retefuente voucher y | B24: 240 | 2025-12-22 | 56,500 | cuartas egas sandra | C24: 0 | D24: por revisar | E24: =IF(D24<>"conciliado","Pendiente",IF(C24<>0,"ERROR: diferencia distinta de cero",IF(OR(AND(J24<>"",SUM(COUNTIFS($D$2:$D$48,"conciliado",$J$2:$J$48,J24),COUNTIFS($D$2:$D$48,"conciliado",$K$2:$K$48,J24),COUNTIFS($D$2:$D$48,"conciliado",$L$2:$L$48,J24))>1),AND(K24<>"",SUM(COUNTIFS($D$2:$D$48,"conciliado",$J$2:$J$48,K24),COUNTIFS($D$2:$D$48,"conciliado",$K$2:$K$48,K24),COUNTIFS($D$2:$D$48,"conciliado",$L$2:$L$48,K24))>1),AND(L24<>"",SUM(COUNTIFS($D$2:$D$48,"conciliado",$J$2:$J$48,L24),COUNTIFS($D$2:$D$48,"conciliado",$K$2:$K$48,L24),COUNTIFS($D$2:$D$48,"conciliado",$L$2:$L$48,L24))>1)),"ERROR: banco ya usado en otro compuesto conciliado",IF(OR(AND(M24<>"",SUM(COUNTIFS($D$2:$D$48,"conciliado",$M$2:$M$48,M24),COUNTIFS($D$2:$D$48,"conciliado",$N$2:$N$48,M24),COUNTIFS($D$2:$D$48,"conciliado",$O$2:$O$48,M24))>1),AND(N24<>"",SUM(COUNTIFS($D$2:$D$48,"conciliado",$M$2:$M$48,N24),COUNTIFS($D$2:$D$48,"conciliado",$N$2:$N$48,N24),COUNTIFS($D$2:$D$48,"conciliado",$O$2:$O$48,N24))>1),AND(O24<>"",SUM(COUNTIFS($D$2:$D$48,"conciliado",$M$2:$M$48,O24),COUNTIFS($D$2:$D$48,"conciliado",$N$2:$N$48,O24),COUNTIFS($D$2:$D$48,"conciliado",$O$2:$O$48,O24))>1)),"ERROR: libro_aux ya usado en otro compuesto conciliado","OK")))) | F24: Posible compuesto detectado por suma exacta en la misma fecha. Revisar antes de conciliar. | H24: 1117, 1119, 1142 | I24: 240 | J24: 1117 | K24: 1119 | L24: 1142 | M24: 240
A25: 1561 | 2025-12-26 | 60,000 | consignacion credibanco d e 1564 | 2025-12-26 | -900 | credibanco d e retefuente voucher y 1589 | 2025-12-26 | -2,600 | credibanco d e retefuente voucher y | B25: 307 | 2025-12-26 | 56,500 | aislamiento mantenim | C25: 0 | D25: por revisar | E25: =IF(D25<>"conciliado","Pendiente",IF(C25<>0,"ERROR: diferencia distinta de cero",IF(OR(AND(J25<>"",SUM(COUNTIFS($D$2:$D$48,"conciliado",$J$2:$J$48,J25),COUNTIFS($D$2:$D$48,"conciliado",$K$2:$K$48,J25),COUNTIFS($D$2:$D$48,"conciliado",$L$2:$L$48,J25))>1),AND(K25<>"",SUM(COUNTIFS($D$2:$D$48,"conciliado",$J$2:$J$48,K25),COUNTIFS($D$2:$D$48,"conciliado",$K$2:$K$48,K25),COUNTIFS($D$2:$D$48,"conciliado",$L$2:$L$48,K25))>1),AND(L25<>"",SUM(COUNTIFS($D$2:$D$48,"conciliado",$J$2:$J$48,L25),COUNTIFS($D$2:$D$48,"conciliado",$K$2:$K$48,L25),COUNTIFS($D$2:$D$48,"conciliado",$L$2:$L$48,L25))>1)),"ERROR: banco ya usado en otro compuesto conciliado",IF(OR(AND(M25<>"",SUM(COUNTIFS($D$2:$D$48,"conciliado",$M$2:$M$48,M25),COUNTIFS($D$2:$D$48,"conciliado",$N$2:$N$48,M25),COUNTIFS($D$2:$D$48,"conciliado",$O$2:$O$48,M25))>1),AND(N25<>"",SUM(COUNTIFS($D$2:$D$48,"conciliado",$M$2:$M$48,N25),COUNTIFS($D$2:$D$48,"conciliado",$N$2:$N$48,N25),COUNTIFS($D$2:$D$48,"conciliado",$O$2:$O$48,N25))>1),AND(O25<>"",SUM(COUNTIFS($D$2:$D$48,"conciliado",$M$2:$M$48,O25),COUNTIFS($D$2:$D$48,"conciliado",$N$2:$N$48,O25),COUNTIFS($D$2:$D$48,"conciliado",$O$2:$O$48,O25))>1)),"ERROR: libro_aux ya usado en otro compuesto conciliado","OK")))) | F25: Posible compuesto detectado por suma exacta en la misma fecha. Revisar antes de conciliar. | H25: 1561, 1564, 1589 | I25: 307 | J25: 1561 | K25: 1564 | L25: 1589 | M25: 307
A26: 1894 | 2025-12-30 | -519 | credibanco d e retefuente voucher y 1901 | 2025-12-30 | 47,000 | consignacion credibanco d e 1948 | 2025-12-30 | -25,181 | a financiero gravamen movimiento | B26: 366 | 2025-12-30 | 21,300 | barrera garcia harol | C26: 0 | D26: por revisar | E26: =IF(D26<>"conciliado","Pendiente",IF(C26<>0,"ERROR: diferencia distinta de cero",IF(OR(AND(J26<>"",SUM(COUNTIFS($D$2:$D$48,"conciliado",$J$2:$J$48,J26),COUNTIFS($D$2:$D$48,"conciliado",$K$2:$K$48,J26),COUNTIFS($D$2:$D$48,"conciliado",$L$2:$L$48,J26))>1),AND(K26<>"",SUM(COUNTIFS($D$2:$D$48,"conciliado",$J$2:$J$48,K26),COUNTIFS($D$2:$D$48,"conciliado",$K$2:$K$48,K26),COUNTIFS($D$2:$D$48,"conciliado",$L$2:$L$48,K26))>1),AND(L26<>"",SUM(COUNTIFS($D$2:$D$48,"conciliado",$J$2:$J$48,L26),COUNTIFS($D$2:$D$48,"conciliado",$K$2:$K$48,L26),COUNTIFS($D$2:$D$48,"conciliado",$L$2:$L$48,L26))>1)),"ERROR: banco ya usado en otro compuesto conciliado",IF(OR(AND(M26<>"",SUM(COUNTIFS($D$2:$D$48,"conciliado",$M$2:$M$48,M26),COUNTIFS($D$2:$D$48,"conciliado",$N$2:$N$48,M26),COUNTIFS($D$2:$D$48,"conciliado",$O$2:$O$48,M26))>1),AND(N26<>"",SUM(COUNTIFS($D$2:$D$48,"conciliado",$M$2:$M$48,N26),COUNTIFS($D$2:$D$48,"conciliado",$N$2:$N$48,N26),COUNTIFS($D$2:$D$48,"conciliado",$O$2:$O$48,N26))>1),AND(O26<>"",SUM(COUNTIFS($D$2:$D$48,"conciliado",$M$2:$M$48,O26),COUNTIFS($D$2:$D$48,"conciliado",$N$2:$N$48,O26),COUNTIFS($D$2:$D$48,"conciliado",$O$2:$O$48,O26))>1)),"ERROR: libro_aux ya usado en otro compuesto conciliado","OK")))) | F26: Posible compuesto detectado por suma exacta en la misma fecha. Revisar antes de conciliar. | H26: 1894, 1901, 1948 | I26: 366 | J26: 1894 | K26: 1901 | L26: 1948 | M26: 366
A27: 11 | 2025-12-01 | 48,700 | consignacion credibanco d e 79 | 2025-12-01 | -5,418 | credibanco d e retefuente voucher y 107 | 2025-12-01 | -517 | cobro comision depositos electronicos | B27: 6 | 2025-12-01 | 42,765 | gomez rene roque | C27: 0 | D27: por revisar | E27: =IF(D27<>"conciliado","Pendiente",IF(C27<>0,"ERROR: diferencia distinta de cero",IF(OR(AND(J27<>"",SUM(COUNTIFS($D$2:$D$48,"conciliado",$J$2:$J$48,J27),COUNTIFS($D$2:$D$48,"conciliado",$K$2:$K$48,J27),COUNTIFS($D$2:$D$48,"conciliado",$L$2:$L$48,J27))>1),AND(K27<>"",SUM(COUNTIFS($D$2:$D$48,"conciliado",$J$2:$J$48,K27),COUNTIFS($D$2:$D$48,"conciliado",$K$2:$K$48,K27),COUNTIFS($D$2:$D$48,"conciliado",$L$2:$L$48,K27))>1),AND(L27<>"",SUM(COUNTIFS($D$2:$D$48,"conciliado",$J$2:$J$48,L27),COUNTIFS($D$2:$D$48,"conciliado",$K$2:$K$48,L27),COUNTIFS($D$2:$D$48,"conciliado",$L$2:$L$48,L27))>1)),"ERROR: banco ya usado en otro compuesto conciliado",IF(OR(AND(M27<>"",SUM(COUNTIFS($D$2:$D$48,"conciliado",$M$2:$M$48,M27),COUNTIFS($D$2:$D$48,"conciliado",$N$2:$N$48,M27),COUNTIFS($D$2:$D$48,"conciliado",$O$2:$O$48,M27))>1),AND(N27<>"",SUM(COUNTIFS($D$2:$D$48,"conciliado",$M$2:$M$48,N27),COUNTIFS($D$2:$D$48,"conciliado",$N$2:$N$48,N27),COUNTIFS($D$2:$D$48,"conciliado",$O$2:$O$48,N27))>1),AND(O27<>"",SUM(COUNTIFS($D$2:$D$48,"conciliado",$M$2:$M$48,O27),COUNTIFS($D$2:$D$48,"conciliado",$N$2:$N$48,O27),COUNTIFS($D$2:$D$48,"conciliado",$O$2:$O$48,O27))>1)),"ERROR: libro_aux ya usado en otro compuesto conciliado","OK")))) | F27: Posible compuesto detectado por suma exacta en la misma fecha. Revisar antes de conciliar. | H27: 11, 79, 107 | I27: 6 | J27: 11 | K27: 79 | L27: 107 | M27: 6
A28: 655 | 2025-12-12 | -22 | a financiero gravamen movimiento 671 | 2025-12-12 | -2,178 | credibanco d e retefuente voucher y 673 | 2025-12-12 | 73,000 | consignacion credibanco d e | B28: 114 | 2025-12-12 | 70,800 | claudi diaz zandobal | C28: 0 | D28: por revisar | E28: =IF(D28<>"conciliado","Pendiente",IF(C28<>0,"ERROR: diferencia distinta de cero",IF(OR(AND(J28<>"",SUM(COUNTIFS($D$2:$D$48,"conciliado",$J$2:$J$48,J28),COUNTIFS($D$2:$D$48,"conciliado",$K$2:$K$48,J28),COUNTIFS($D$2:$D$48,"conciliado",$L$2:$L$48,J28))>1),AND(K28<>"",SUM(COUNTIFS($D$2:$D$48,"conciliado",$J$2:$J$48,K28),COUNTIFS($D$2:$D$48,"conciliado",$K$2:$K$48,K28),COUNTIFS($D$2:$D$48,"conciliado",$L$2:$L$48,K28))>1),AND(L28<>"",SUM(COUNTIFS($D$2:$D$48,"conciliado",$J$2:$J$48,L28),COUNTIFS($D$2:$D$48,"conciliado",$K$2:$K$48,L28),COUNTIFS($D$2:$D$48,"conciliado",$L$2:$L$48,L28))>1)),"ERROR: banco ya usado en otro compuesto conciliado",IF(OR(AND(M28<>"",SUM(COUNTIFS($D$2:$D$48,"conciliado",$M$2:$M$48,M28),COUNTIFS($D$2:$D$48,"conciliado",$N$2:$N$48,M28),COUNTIFS($D$2:$D$48,"conciliado",$O$2:$O$48,M28))>1),AND(N28<>"",SUM(COUNTIFS($D$2:$D$48,"conciliado",$M$2:$M$48,N28),COUNTIFS($D$2:$D$48,"conciliado",$N$2:$N$48,N28),COUNTIFS($D$2:$D$48,"conciliado",$O$2:$O$48,N28))>1),AND(O28<>"",SUM(COUNTIFS($D$2:$D$48,"conciliado",$M$2:$M$48,O28),COUNTIFS($D$2:$D$48,"conciliado",$N$2:$N$48,O28),COUNTIFS($D$2:$D$48,"conciliado",$O$2:$O$48,O28))>1)),"ERROR: libro_aux ya usado en otro compuesto conciliado","OK")))) | F28: Posible compuesto detectado por suma exacta en la misma fecha. Revisar antes de conciliar. | H28: 655, 671, 673 | I28: 114 | J28: 655 | K28: 671 | L28: 673 | M28: 114
A29: 734 | 2025-12-15 | -546 | cobro comision depositos electronicos 749 | 2025-12-15 | -12,154 | cobro comision depositos electronicos 793 | 2025-12-15 | 45,300 | consignacion credibanco d e | B29: 149 | 2025-12-15 | 32,600 | cano martines sebast | C29: 0 | D29: por revisar | E29: =IF(D29<>"conciliado","Pendiente",IF(C29<>0,"ERROR: diferencia distinta de cero",IF(OR(AND(J29<>"",SUM(COUNTIFS($D$2:$D$48,"conciliado",$J$2:$J$48,J29),COUNTIFS($D$2:$D$48,"conciliado",$K$2:$K$48,J29),COUNTIFS($D$2:$D$48,"conciliado",$L$2:$L$48,J29))>1),AND(K29<>"",SUM(COUNTIFS($D$2:$D$48,"conciliado",$J$2:$J$48,K29),COUNTIFS($D$2:$D$48,"conciliado",$K$2:$K$48,K29),COUNTIFS($D$2:$D$48,"conciliado",$L$2:$L$48,K29))>1),AND(L29<>"",SUM(COUNTIFS($D$2:$D$48,"conciliado",$J$2:$J$48,L29),COUNTIFS($D$2:$D$48,"conciliado",$K$2:$K$48,L29),COUNTIFS($D$2:$D$48,"conciliado",$L$2:$L$48,L29))>1)),"ERROR: banco ya usado en otro compuesto conciliado",IF(OR(AND(M29<>"",SUM(COUNTIFS($D$2:$D$48,"conciliado",$M$2:$M$48,M29),COUNTIFS($D$2:$D$48,"conciliado",$N$2:$N$48,M29),COUNTIFS($D$2:$D$48,"conciliado",$O$2:$O$48,M29))>1),AND(N29<>"",SUM(COUNTIFS($D$2:$D$48,"conciliado",$M$2:$M$48,N29),COUNTIFS($D$2:$D$48,"conciliado",$N$2:$N$48,N29),COUNTIFS($D$2:$D$48,"conciliado",$O$2:$O$48,N29))>1),AND(O29<>"",SUM(COUNTIFS($D$2:$D$48,"conciliado",$M$2:$M$48,O29),COUNTIFS($D$2:$D$48,"conciliado",$N$2:$N$48,O29),COUNTIFS($D$2:$D$48,"conciliado",$O$2:$O$48,O29))>1)),"ERROR: libro_aux ya usado en otro compuesto conciliado","OK")))) | F29: Posible compuesto detectado por suma exacta en la misma fecha. Revisar antes de conciliar. | H29: 734, 749, 793 | I29: 149 | J29: 734 | K29: 749 | L29: 793 | M29: 149
A30: 915 | 2025-12-17 | 23,500 | consignacion credibanco d e 940 | 2025-12-17 | 132,500 | depositos electronicos masterca transaccion | B30: 173 | 2025-12-17 | 156,000 | industriales meta | C30: 0 | D30: por revisar | E30: =IF(D30<>"conciliado","Pendiente",IF(C30<>0,"ERROR: diferencia distinta de cero",IF(OR(AND(J30<>"",SUM(COUNTIFS($D$2:$D$48,"conciliado",$J$2:$J$48,J30),COUNTIFS($D$2:$D$48,"conciliado",$K$2:$K$48,J30),COUNTIFS($D$2:$D$48,"conciliado",$L$2:$L$48,J30))>1),AND(K30<>"",SUM(COUNTIFS($D$2:$D$48,"conciliado",$J$2:$J$48,K30),COUNTIFS($D$2:$D$48,"conciliado",$K$2:$K$48,K30),COUNTIFS($D$2:$D$48,"conciliado",$L$2:$L$48,K30))>1),AND(L30<>"",SUM(COUNTIFS($D$2:$D$48,"conciliado",$J$2:$J$48,L30),COUNTIFS($D$2:$D$48,"conciliado",$K$2:$K$48,L30),COUNTIFS($D$2:$D$48,"conciliado",$L$2:$L$48,L30))>1)),"ERROR: banco ya usado en otro compuesto conciliado",IF(OR(AND(M30<>"",SUM(COUNTIFS($D$2:$D$48,"conciliado",$M$2:$M$48,M30),COUNTIFS($D$2:$D$48,"conciliado",$N$2:$N$48,M30),COUNTIFS($D$2:$D$48,"conciliado",$O$2:$O$48,M30))>1),AND(N30<>"",SUM(COUNTIFS($D$2:$D$48,"conciliado",$M$2:$M$48,N30),COUNTIFS($D$2:$D$48,"conciliado",$N$2:$N$48,N30),COUNTIFS($D$2:$D$48,"conciliado",$O$2:$O$48,N30))>1),AND(O30<>"",SUM(COUNTIFS($D$2:$D$48,"conciliado",$M$2:$M$48,O30),COUNTIFS($D$2:$D$48,"conciliado",$N$2:$N$48,O30),COUNTIFS($D$2:$D$48,"conciliado",$O$2:$O$48,O30))>1)),"ERROR: libro_aux ya usado en otro compuesto conciliado","OK")))) | F30: Posible compuesto detectado por suma exacta en la misma fecha. Revisar antes de conciliar. | H30: 915, 940 | I30: 173 | J30: 915 | K30: 940 | M30: 173
A31: 1431 | 2025-12-24 | 127,200 | consignacion credibanco d e 1471 | 2025-12-24 | 59,900 | consignacion credibanco d e 1487 | 2025-12-24 | -17,100 | comision depositos electronicos mastercard | B31: 268 | 2025-12-24 | 170,000 | gomez karina urbina | C31: 0 | D31: por revisar | E31: =IF(D31<>"conciliado","Pendiente",IF(C31<>0,"ERROR: diferencia distinta de cero",IF(OR(AND(J31<>"",SUM(COUNTIFS($D$2:$D$48,"conciliado",$J$2:$J$48,J31),COUNTIFS($D$2:$D$48,"conciliado",$K$2:$K$48,J31),COUNTIFS($D$2:$D$48,"conciliado",$L$2:$L$48,J31))>1),AND(K31<>"",SUM(COUNTIFS($D$2:$D$48,"conciliado",$J$2:$J$48,K31),COUNTIFS($D$2:$D$48,"conciliado",$K$2:$K$48,K31),COUNTIFS($D$2:$D$48,"conciliado",$L$2:$L$48,K31))>1),AND(L31<>"",SUM(COUNTIFS($D$2:$D$48,"conciliado",$J$2:$J$48,L31),COUNTIFS($D$2:$D$48,"conciliado",$K$2:$K$48,L31),COUNTIFS($D$2:$D$48,"conciliado",$L$2:$L$48,L31))>1)),"ERROR: banco ya usado en otro compuesto conciliado",IF(OR(AND(M31<>"",SUM(COUNTIFS($D$2:$D$48,"conciliado",$M$2:$M$48,M31),COUNTIFS($D$2:$D$48,"conciliado",$N$2:$N$48,M31),COUNTIFS($D$2:$D$48,"conciliado",$O$2:$O$48,M31))>1),AND(N31<>"",SUM(COUNTIFS($D$2:$D$48,"conciliado",$M$2:$M$48,N31),COUNTIFS($D$2:$D$48,"conciliado",$N$2:$N$48,N31),COUNTIFS($D$2:$D$48,"conciliado",$O$2:$O$48,N31))>1),AND(O31<>"",SUM(COUNTIFS($D$2:$D$48,"conciliado",$M$2:$M$48,O31),COUNTIFS($D$2:$D$48,"conciliado",$N$2:$N$48,O31),COUNTIFS($D$2:$D$48,"conciliado",$O$2:$O$48,O31))>1)),"ERROR: libro_aux ya usado en otro compuesto conciliado","OK")))) | F31: Posible compuesto detectado por suma exacta en la misma fecha. Revisar antes de conciliar. | H31: 1431, 1471, 1487 | I31: 268 | J31: 1431 | K31: 1471 | L31: 1487 | M31: 268
A32: 1462 | 2025-12-24 | -453 | cobro comision depositos electronicos 1469 | 2025-12-24 | -359 | credibanco d e retefuente voucher y 1481 | 2025-12-24 | 43,500 | depositos electronicos masterca transaccion | B32: 269 | 2025-12-24 | 42,688 | buelvas diaz jose mi | C32: 0 | D32: por revisar | E32: =IF(D32<>"conciliado","Pendiente",IF(C32<>0,"ERROR: diferencia distinta de cero",IF(OR(AND(J32<>"",SUM(COUNTIFS($D$2:$D$48,"conciliado",$J$2:$J$48,J32),COUNTIFS($D$2:$D$48,"conciliado",$K$2:$K$48,J32),COUNTIFS($D$2:$D$48,"conciliado",$L$2:$L$48,J32))>1),AND(K32<>"",SUM(COUNTIFS($D$2:$D$48,"conciliado",$J$2:$J$48,K32),COUNTIFS($D$2:$D$48,"conciliado",$K$2:$K$48,K32),COUNTIFS($D$2:$D$48,"conciliado",$L$2:$L$48,K32))>1),AND(L32<>"",SUM(COUNTIFS($D$2:$D$48,"conciliado",$J$2:$J$48,L32),COUNTIFS($D$2:$D$48,"conciliado",$K$2:$K$48,L32),COUNTIFS($D$2:$D$48,"conciliado",$L$2:$L$48,L32))>1)),"ERROR: banco ya usado en otro compuesto conciliado",IF(OR(AND(M32<>"",SUM(COUNTIFS($D$2:$D$48,"conciliado",$M$2:$M$48,M32),COUNTIFS($D$2:$D$48,"conciliado",$N$2:$N$48,M32),COUNTIFS($D$2:$D$48,"conciliado",$O$2:$O$48,M32))>1),AND(N32<>"",SUM(COUNTIFS($D$2:$D$48,"conciliado",$M$2:$M$48,N32),COUNTIFS($D$2:$D$48,"conciliado",$N$2:$N$48,N32),COUNTIFS($D$2:$D$48,"conciliado",$O$2:$O$48,N32))>1),AND(O32<>"",SUM(COUNTIFS($D$2:$D$48,"conciliado",$M$2:$M$48,O32),COUNTIFS($D$2:$D$48,"conciliado",$N$2:$N$48,O32),COUNTIFS($D$2:$D$48,"conciliado",$O$2:$O$48,O32))>1)),"ERROR: libro_aux ya usado en otro compuesto conciliado","OK")))) | F32: Posible compuesto detectado por suma exacta en la misma fecha. Revisar antes de conciliar. | H32: 1462, 1469, 1481 | I32: 269 | J32: 1462 | K32: 1469 | L32: 1481 | M32: 269
A33: 1526 | 2025-12-26 | 23,700 | consignacion credibanco d e 1586 | 2025-12-26 | 173,300 | consignacion credibanco d e 1661 | 2025-12-26 | 135,000 | depositos electronicos masterca transaccion | B33: 302 | 2025-12-26 | 332,000 | canticus delgado hei | C33: 0 | D33: por revisar | E33: =IF(D33<>"conciliado","Pendiente",IF(C33<>0,"ERROR: diferencia distinta de cero",IF(OR(AND(J33<>"",SUM(COUNTIFS($D$2:$D$48,"conciliado",$J$2:$J$48,J33),COUNTIFS($D$2:$D$48,"conciliado",$K$2:$K$48,J33),COUNTIFS($D$2:$D$48,"conciliado",$L$2:$L$48,J33))>1),AND(K33<>"",SUM(COUNTIFS($D$2:$D$48,"conciliado",$J$2:$J$48,K33),COUNTIFS($D$2:$D$48,"conciliado",$K$2:$K$48,K33),COUNTIFS($D$2:$D$48,"conciliado",$L$2:$L$48,K33))>1),AND(L33<>"",SUM(COUNTIFS($D$2:$D$48,"conciliado",$J$2:$J$48,L33),COUNTIFS($D$2:$D$48,"conciliado",$K$2:$K$48,L33),COUNTIFS($D$2:$D$48,"conciliado",$L$2:$L$48,L33))>1)),"ERROR: banco ya usado en otro compuesto conciliado",IF(OR(AND(M33<>"",SUM(COUNTIFS($D$2:$D$48,"conciliado",$M$2:$M$48,M33),COUNTIFS($D$2:$D$48,"conciliado",$N$2:$N$48,M33),COUNTIFS($D$2:$D$48,"conciliado",$O$2:$O$48,M33))>1),AND(N33<>"",SUM(COUNTIFS($D$2:$D$48,"conciliado",$M$2:$M$48,N33),COUNTIFS($D$2:$D$48,"conciliado",$N$2:$N$48,N33),COUNTIFS($D$2:$D$48,"conciliado",$O$2:$O$48,N33))>1),AND(O33<>"",SUM(COUNTIFS($D$2:$D$48,"conciliado",$M$2:$M$48,O33),COUNTIFS($D$2:$D$48,"conciliado",$N$2:$N$48,O33),COUNTIFS($D$2:$D$48,"conciliado",$O$2:$O$48,O33))>1)),"ERROR: libro_aux ya usado en otro compuesto conciliado","OK")))) | F33: Posible compuesto detectado por suma exacta en la misma fecha. Revisar antes de conciliar. | H33: 1526, 1586, 1661 | I33: 302 | J33: 1526 | K33: 1586 | L33: 1661 | M33: 302
A34: 593 | 2025-12-11 | 20,000 | consignacion credibanco d e 633 | 2025-12-11 | 60,700 | depositos electronicos masterca transaccion 638 | 2025-12-11 | 30,000 | depositos electronicos masterca transaccion | B34: 108 | 2025-12-11 | 110,700 | gomez montenegro san | C34: 0 | D34: por revisar | E34: =IF(D34<>"conciliado","Pendiente",IF(C34<>0,"ERROR: diferencia distinta de cero",IF(OR(AND(J34<>"",SUM(COUNTIFS($D$2:$D$48,"conciliado",$J$2:$J$48,J34),COUNTIFS($D$2:$D$48,"conciliado",$K$2:$K$48,J34),COUNTIFS($D$2:$D$48,"conciliado",$L$2:$L$48,J34))>1),AND(K34<>"",SUM(COUNTIFS($D$2:$D$48,"conciliado",$J$2:$J$48,K34),COUNTIFS($D$2:$D$48,"conciliado",$K$2:$K$48,K34),COUNTIFS($D$2:$D$48,"conciliado",$L$2:$L$48,K34))>1),AND(L34<>"",SUM(COUNTIFS($D$2:$D$48,"conciliado",$J$2:$J$48,L34),COUNTIFS($D$2:$D$48,"conciliado",$K$2:$K$48,L34),COUNTIFS($D$2:$D$48,"conciliado",$L$2:$L$48,L34))>1)),"ERROR: banco ya usado en otro compuesto conciliado",IF(OR(AND(M34<>"",SUM(COUNTIFS($D$2:$D$48,"conciliado",$M$2:$M$48,M34),COUNTIFS($D$2:$D$48,"conciliado",$N$2:$N$48,M34),COUNTIFS($D$2:$D$48,"conciliado",$O$2:$O$48,M34))>1),AND(N34<>"",SUM(COUNTIFS($D$2:$D$48,"conciliado",$M$2:$M$48,N34),COUNTIFS($D$2:$D$48,"conciliado",$N$2:$N$48,N34),COUNTIFS($D$2:$D$48,"conciliado",$O$2:$O$48,N34))>1),AND(O34<>"",SUM(COUNTIFS($D$2:$D$48,"conciliado",$M$2:$M$48,O34),COUNTIFS($D$2:$D$48,"conciliado",$N$2:$N$48,O34),COUNTIFS($D$2:$D$48,"conciliado",$O$2:$O$48,O34))>1)),"ERROR: libro_aux ya usado en otro compuesto conciliado","OK")))) | F34: Posible compuesto detectado por suma exacta en la misma fecha. Revisar antes de conciliar. | H34: 593, 633, 638 | I34: 108 | J34: 593 | K34: 633 | L34: 638 | M34: 108
A35: 1381 | 2025-12-23 | 42,000 | consignacion credibanco d e 1391 | 2025-12-23 | 25,900 | consignacion credibanco d e 1417 | 2025-12-23 | -23,500 | comision depositos electronicos mastercard | B35: 262 | 2025-12-23 | 44,400 | alvarez mar zambrano | C35: 0 | D35: por revisar | E35: =IF(D35<>"conciliado","Pendiente",IF(C35<>0,"ERROR: diferencia distinta de cero",IF(OR(AND(J35<>"",SUM(COUNTIFS($D$2:$D$48,"conciliado",$J$2:$J$48,J35),COUNTIFS($D$2:$D$48,"conciliado",$K$2:$K$48,J35),COUNTIFS($D$2:$D$48,"conciliado",$L$2:$L$48,J35))>1),AND(K35<>"",SUM(COUNTIFS($D$2:$D$48,"conciliado",$J$2:$J$48,K35),COUNTIFS($D$2:$D$48,"conciliado",$K$2:$K$48,K35),COUNTIFS($D$2:$D$48,"conciliado",$L$2:$L$48,K35))>1),AND(L35<>"",SUM(COUNTIFS($D$2:$D$48,"conciliado",$J$2:$J$48,L35),COUNTIFS($D$2:$D$48,"conciliado",$K$2:$K$48,L35),COUNTIFS($D$2:$D$48,"conciliado",$L$2:$L$48,L35))>1)),"ERROR: banco ya usado en otro compuesto conciliado",IF(OR(AND(M35<>"",SUM(COUNTIFS($D$2:$D$48,"conciliado",$M$2:$M$48,M35),COUNTIFS($D$2:$D$48,"conciliado",$N$2:$N$48,M35),COUNTIFS($D$2:$D$48,"conciliado",$O$2:$O$48,M35))>1),AND(N35<>"",SUM(COUNTIFS($D$2:$D$48,"conciliado",$M$2:$M$48,N35),COUNTIFS($D$2:$D$48,"conciliado",$N$2:$N$48,N35),COUNTIFS($D$2:$D$48,"conciliado",$O$2:$O$48,N35))>1),AND(O35<>"",SUM(COUNTIFS($D$2:$D$48,"conciliado",$M$2:$M$48,O35),COUNTIFS($D$2:$D$48,"conciliado",$N$2:$N$48,O35),COUNTIFS($D$2:$D$48,"conciliado",$O$2:$O$48,O35))>1)),"ERROR: libro_aux ya usado en otro compuesto conciliado","OK")))) | F35: Posible compuesto detectado por suma exacta en la misma fecha. Revisar antes de conciliar. | H35: 1381, 1391, 1417 | I35: 262 | J35: 1381 | K35: 1391 | L35: 1417 | M35: 262
A36: 1441 | 2025-12-24 | 28,000 | consignacion credibanco d e 1479 | 2025-12-24 | -8,946 | credibanco d e retefuente voucher y 1490 | 2025-12-24 | -54 | a financiero gravamen movimiento | B36: 283 | 2025-12-24 | 19,000 | casanova m rodriguez | C36: 0 | D36: por revisar | E36: =IF(D36<>"conciliado","Pendiente",IF(C36<>0,"ERROR: diferencia distinta de cero",IF(OR(AND(J36<>"",SUM(COUNTIFS($D$2:$D$48,"conciliado",$J$2:$J$48,J36),COUNTIFS($D$2:$D$48,"conciliado",$K$2:$K$48,J36),COUNTIFS($D$2:$D$48,"conciliado",$L$2:$L$48,J36))>1),AND(K36<>"",SUM(COUNTIFS($D$2:$D$48,"conciliado",$J$2:$J$48,K36),COUNTIFS($D$2:$D$48,"conciliado",$K$2:$K$48,K36),COUNTIFS($D$2:$D$48,"conciliado",$L$2:$L$48,K36))>1),AND(L36<>"",SUM(COUNTIFS($D$2:$D$48,"conciliado",$J$2:$J$48,L36),COUNTIFS($D$2:$D$48,"conciliado",$K$2:$K$48,L36),COUNTIFS($D$2:$D$48,"conciliado",$L$2:$L$48,L36))>1)),"ERROR: banco ya usado en otro compuesto conciliado",IF(OR(AND(M36<>"",SUM(COUNTIFS($D$2:$D$48,"conciliado",$M$2:$M$48,M36),COUNTIFS($D$2:$D$48,"conciliado",$N$2:$N$48,M36),COUNTIFS($D$2:$D$48,"conciliado",$O$2:$O$48,M36))>1),AND(N36<>"",SUM(COUNTIFS($D$2:$D$48,"conciliado",$M$2:$M$48,N36),COUNTIFS($D$2:$D$48,"conciliado",$N$2:$N$48,N36),COUNTIFS($D$2:$D$48,"conciliado",$O$2:$O$48,N36))>1),AND(O36<>"",SUM(COUNTIFS($D$2:$D$48,"conciliado",$M$2:$M$48,O36),COUNTIFS($D$2:$D$48,"conciliado",$N$2:$N$48,O36),COUNTIFS($D$2:$D$48,"conciliado",$O$2:$O$48,O36))>1)),"ERROR: libro_aux ya usado en otro compuesto conciliado","OK")))) | F36: Posible compuesto detectado por suma exacta en la misma fecha. Revisar antes de conciliar. | H36: 1441, 1479, 1490 | I36: 283 | J36: 1441 | K36: 1479 | L36: 1490 | M36: 283
A37: 1771 | 2025-12-29 | 22,000 | consignacion credibanco d e 1806 | 2025-12-29 | 41,460 | consignacion credibanco d e 1844 | 2025-12-29 | -7,260 | depositos electronicos mastercar retefuente | B37: 341 | 2025-12-29 | 56,200 | herrera ruales victo | C37: 0 | D37: por revisar | E37: =IF(D37<>"conciliado","Pendiente",IF(C37<>0,"ERROR: diferencia distinta de cero",IF(OR(AND(J37<>"",SUM(COUNTIFS($D$2:$D$48,"conciliado",$J$2:$J$48,J37),COUNTIFS($D$2:$D$48,"conciliado",$K$2:$K$48,J37),COUNTIFS($D$2:$D$48,"conciliado",$L$2:$L$48,J37))>1),AND(K37<>"",SUM(COUNTIFS($D$2:$D$48,"conciliado",$J$2:$J$48,K37),COUNTIFS($D$2:$D$48,"conciliado",$K$2:$K$48,K37),COUNTIFS($D$2:$D$48,"conciliado",$L$2:$L$48,K37))>1),AND(L37<>"",SUM(COUNTIFS($D$2:$D$48,"conciliado",$J$2:$J$48,L37),COUNTIFS($D$2:$D$48,"conciliado",$K$2:$K$48,L37),COUNTIFS($D$2:$D$48,"conciliado",$L$2:$L$48,L37))>1)),"ERROR: banco ya usado en otro compuesto conciliado",IF(OR(AND(M37<>"",SUM(COUNTIFS($D$2:$D$48,"conciliado",$M$2:$M$48,M37),COUNTIFS($D$2:$D$48,"conciliado",$N$2:$N$48,M37),COUNTIFS($D$2:$D$48,"conciliado",$O$2:$O$48,M37))>1),AND(N37<>"",SUM(COUNTIFS($D$2:$D$48,"conciliado",$M$2:$M$48,N37),COUNTIFS($D$2:$D$48,"conciliado",$N$2:$N$48,N37),COUNTIFS($D$2:$D$48,"conciliado",$O$2:$O$48,N37))>1),AND(O37<>"",SUM(COUNTIFS($D$2:$D$48,"conciliado",$M$2:$M$48,O37),COUNTIFS($D$2:$D$48,"conciliado",$N$2:$N$48,O37),COUNTIFS($D$2:$D$48,"conciliado",$O$2:$O$48,O37))>1)),"ERROR: libro_aux ya usado en otro compuesto conciliado","OK")))) | F37: Posible compuesto detectado por suma exacta en la misma fecha. Revisar antes de conciliar. | H37: 1771, 1806, 1844 | I37: 341 | J37: 1771 | K37: 1806 | L37: 1844 | M37: 341
A38: 1709 | 2025-12-29 | -2,325 | credibanco d e retefuente voucher y 1739 | 2025-12-29 | -975 | credibanco d e retefuente voucher y 1836 | 2025-12-29 | 55,400 | depositos electronicos masterca transaccion | B38: 345 | 2025-12-29 | 52,100 | al enriquez yaguapaz | C38: 0 | D38: por revisar | E38: =IF(D38<>"conciliado","Pendiente",IF(C38<>0,"ERROR: diferencia distinta de cero",IF(OR(AND(J38<>"",SUM(COUNTIFS($D$2:$D$48,"conciliado",$J$2:$J$48,J38),COUNTIFS($D$2:$D$48,"conciliado",$K$2:$K$48,J38),COUNTIFS($D$2:$D$48,"conciliado",$L$2:$L$48,J38))>1),AND(K38<>"",SUM(COUNTIFS($D$2:$D$48,"conciliado",$J$2:$J$48,K38),COUNTIFS($D$2:$D$48,"conciliado",$K$2:$K$48,K38),COUNTIFS($D$2:$D$48,"conciliado",$L$2:$L$48,K38))>1),AND(L38<>"",SUM(COUNTIFS($D$2:$D$48,"conciliado",$J$2:$J$48,L38),COUNTIFS($D$2:$D$48,"conciliado",$K$2:$K$48,L38),COUNTIFS($D$2:$D$48,"conciliado",$L$2:$L$48,L38))>1)),"ERROR: banco ya usado en otro compuesto conciliado",IF(OR(AND(M38<>"",SUM(COUNTIFS($D$2:$D$48,"conciliado",$M$2:$M$48,M38),COUNTIFS($D$2:$D$48,"conciliado",$N$2:$N$48,M38),COUNTIFS($D$2:$D$48,"conciliado",$O$2:$O$48,M38))>1),AND(N38<>"",SUM(COUNTIFS($D$2:$D$48,"conciliado",$M$2:$M$48,N38),COUNTIFS($D$2:$D$48,"conciliado",$N$2:$N$48,N38),COUNTIFS($D$2:$D$48,"conciliado",$O$2:$O$48,N38))>1),AND(O38<>"",SUM(COUNTIFS($D$2:$D$48,"conciliado",$M$2:$M$48,O38),COUNTIFS($D$2:$D$48,"conciliado",$N$2:$N$48,O38),COUNTIFS($D$2:$D$48,"conciliado",$O$2:$O$48,O38))>1)),"ERROR: libro_aux ya usado en otro compuesto conciliado","OK")))) | F38: Posible compuesto detectado por suma exacta en la misma fecha. Revisar antes de conciliar. | H38: 1709, 1739, 1836 | I38: 345 | J38: 1709 | K38: 1739 | L38: 1836 | M38: 345
A39: 1686 | 2025-12-29 | 41,600 | consignacion credibanco d e 1751 | 2025-12-29 | 29,900 | consignacion credibanco d e 1851 | 2025-12-29 | 39,200 | depositos electronicos masterca transaccion | B39: 346 | 2025-12-29 | 110,700 | angulo rayo sofi yul | C39: 0 | D39: por revisar | E39: =IF(D39<>"conciliado","Pendiente",IF(C39<>0,"ERROR: diferencia distinta de cero",IF(OR(AND(J39<>"",SUM(COUNTIFS($D$2:$D$48,"conciliado",$J$2:$J$48,J39),COUNTIFS($D$2:$D$48,"conciliado",$K$2:$K$48,J39),COUNTIFS($D$2:$D$48,"conciliado",$L$2:$L$48,J39))>1),AND(K39<>"",SUM(COUNTIFS($D$2:$D$48,"conciliado",$J$2:$J$48,K39),COUNTIFS($D$2:$D$48,"conciliado",$K$2:$K$48,K39),COUNTIFS($D$2:$D$48,"conciliado",$L$2:$L$48,K39))>1),AND(L39<>"",SUM(COUNTIFS($D$2:$D$48,"conciliado",$J$2:$J$48,L39),COUNTIFS($D$2:$D$48,"conciliado",$K$2:$K$48,L39),COUNTIFS($D$2:$D$48,"conciliado",$L$2:$L$48,L39))>1)),"ERROR: banco ya usado en otro compuesto conciliado",IF(OR(AND(M39<>"",SUM(COUNTIFS($D$2:$D$48,"conciliado",$M$2:$M$48,M39),COUNTIFS($D$2:$D$48,"conciliado",$N$2:$N$48,M39),COUNTIFS($D$2:$D$48,"conciliado",$O$2:$O$48,M39))>1),AND(N39<>"",SUM(COUNTIFS($D$2:$D$48,"conciliado",$M$2:$M$48,N39),COUNTIFS($D$2:$D$48,"conciliado",$N$2:$N$48,N39),COUNTIFS($D$2:$D$48,"conciliado",$O$2:$O$48,N39))>1),AND(O39<>"",SUM(COUNTIFS($D$2:$D$48,"conciliado",$M$2:$M$48,O39),COUNTIFS($D$2:$D$48,"conciliado",$N$2:$N$48,O39),COUNTIFS($D$2:$D$48,"conciliado",$O$2:$O$48,O39))>1)),"ERROR: libro_aux ya usado en otro compuesto conciliado","OK")))) | F39: Posible compuesto detectado por suma exacta en la misma fecha. Revisar antes de conciliar. | H39: 1686, 1751, 1851 | I39: 346 | J39: 1686 | K39: 1751 | L39: 1851 | M39: 346
A40: 1871 | 2025-12-30 | 136,600 | consignacion credibanco d e 1896 | 2025-12-30 | 119,900 | consignacion credibanco d e 1927 | 2025-12-30 | -23,500 | comision depositos electronicos mastercard | B40: 360 | 2025-12-30 | 233,000 | aguirre al diaz luis | C40: 0 | D40: por revisar | E40: =IF(D40<>"conciliado","Pendiente",IF(C40<>0,"ERROR: diferencia distinta de cero",IF(OR(AND(J40<>"",SUM(COUNTIFS($D$2:$D$48,"conciliado",$J$2:$J$48,J40),COUNTIFS($D$2:$D$48,"conciliado",$K$2:$K$48,J40),COUNTIFS($D$2:$D$48,"conciliado",$L$2:$L$48,J40))>1),AND(K40<>"",SUM(COUNTIFS($D$2:$D$48,"conciliado",$J$2:$J$48,K40),COUNTIFS($D$2:$D$48,"conciliado",$K$2:$K$48,K40),COUNTIFS($D$2:$D$48,"conciliado",$L$2:$L$48,K40))>1),AND(L40<>"",SUM(COUNTIFS($D$2:$D$48,"conciliado",$J$2:$J$48,L40),COUNTIFS($D$2:$D$48,"conciliado",$K$2:$K$48,L40),COUNTIFS($D$2:$D$48,"conciliado",$L$2:$L$48,L40))>1)),"ERROR: banco ya usado en otro compuesto conciliado",IF(OR(AND(M40<>"",SUM(COUNTIFS($D$2:$D$48,"conciliado",$M$2:$M$48,M40),COUNTIFS($D$2:$D$48,"conciliado",$N$2:$N$48,M40),COUNTIFS($D$2:$D$48,"conciliado",$O$2:$O$48,M40))>1),AND(N40<>"",SUM(COUNTIFS($D$2:$D$48,"conciliado",$M$2:$M$48,N40),COUNTIFS($D$2:$D$48,"conciliado",$N$2:$N$48,N40),COUNTIFS($D$2:$D$48,"conciliado",$O$2:$O$48,N40))>1),AND(O40<>"",SUM(COUNTIFS($D$2:$D$48,"conciliado",$M$2:$M$48,O40),COUNTIFS($D$2:$D$48,"conciliado",$N$2:$N$48,O40),COUNTIFS($D$2:$D$48,"conciliado",$O$2:$O$48,O40))>1)),"ERROR: libro_aux ya usado en otro compuesto conciliado","OK")))) | F40: Posible compuesto detectado por suma exacta en la misma fecha. Revisar antes de conciliar. | H40: 1871, 1896, 1927 | I40: 360 | J40: 1871 | K40: 1896 | L40: 1927 | M40: 360
A41: 1880 | 2025-12-30 | -21 | a financiero gravamen movimiento 1891 | 2025-12-30 | 34,620 | consignacion credibanco d e 1899 | 2025-12-30 | -1,799 | credibanco d e retefuente voucher y | B41: 368 | 2025-12-30 | 32,800 | david marino segura | C41: 0 | D41: por revisar | E41: =IF(D41<>"conciliado","Pendiente",IF(C41<>0,"ERROR: diferencia distinta de cero",IF(OR(AND(J41<>"",SUM(COUNTIFS($D$2:$D$48,"conciliado",$J$2:$J$48,J41),COUNTIFS($D$2:$D$48,"conciliado",$K$2:$K$48,J41),COUNTIFS($D$2:$D$48,"conciliado",$L$2:$L$48,J41))>1),AND(K41<>"",SUM(COUNTIFS($D$2:$D$48,"conciliado",$J$2:$J$48,K41),COUNTIFS($D$2:$D$48,"conciliado",$K$2:$K$48,K41),COUNTIFS($D$2:$D$48,"conciliado",$L$2:$L$48,K41))>1),AND(L41<>"",SUM(COUNTIFS($D$2:$D$48,"conciliado",$J$2:$J$48,L41),COUNTIFS($D$2:$D$48,"conciliado",$K$2:$K$48,L41),COUNTIFS($D$2:$D$48,"conciliado",$L$2:$L$48,L41))>1)),"ERROR: banco ya usado en otro compuesto conciliado",IF(OR(AND(M41<>"",SUM(COUNTIFS($D$2:$D$48,"conciliado",$M$2:$M$48,M41),COUNTIFS($D$2:$D$48,"conciliado",$N$2:$N$48,M41),COUNTIFS($D$2:$D$48,"conciliado",$O$2:$O$48,M41))>1),AND(N41<>"",SUM(COUNTIFS($D$2:$D$48,"conciliado",$M$2:$M$48,N41),COUNTIFS($D$2:$D$48,"conciliado",$N$2:$N$48,N41),COUNTIFS($D$2:$D$48,"conciliado",$O$2:$O$48,N41))>1),AND(O41<>"",SUM(COUNTIFS($D$2:$D$48,"conciliado",$M$2:$M$48,O41),COUNTIFS($D$2:$D$48,"conciliado",$N$2:$N$48,O41),COUNTIFS($D$2:$D$48,"conciliado",$O$2:$O$48,O41))>1)),"ERROR: libro_aux ya usado en otro compuesto conciliado","OK")))) | F41: Posible compuesto detectado por suma exacta en la misma fecha. Revisar antes de conciliar. | H41: 1880, 1891, 1899 | I41: 368 | J41: 1880 | K41: 1891 | L41: 1899 | M41: 368
A42: 668 | 2025-12-12 | 145,200 | consignacion credibanco d e | B42: 116 | 2025-12-12 | 77,800 | d luis ruiz tarapuez 119 | 2025-12-12 | 67,400 | angulo cristhi gomez | C42: 0 | D42: por revisar | E42: =IF(D42<>"conciliado","Pendiente",IF(C42<>0,"ERROR: diferencia distinta de cero",IF(OR(AND(J42<>"",SUM(COUNTIFS($D$2:$D$48,"conciliado",$J$2:$J$48,J42),COUNTIFS($D$2:$D$48,"conciliado",$K$2:$K$48,J42),COUNTIFS($D$2:$D$48,"conciliado",$L$2:$L$48,J42))>1),AND(K42<>"",SUM(COUNTIFS($D$2:$D$48,"conciliado",$J$2:$J$48,K42),COUNTIFS($D$2:$D$48,"conciliado",$K$2:$K$48,K42),COUNTIFS($D$2:$D$48,"conciliado",$L$2:$L$48,K42))>1),AND(L42<>"",SUM(COUNTIFS($D$2:$D$48,"conciliado",$J$2:$J$48,L42),COUNTIFS($D$2:$D$48,"conciliado",$K$2:$K$48,L42),COUNTIFS($D$2:$D$48,"conciliado",$L$2:$L$48,L42))>1)),"ERROR: banco ya usado en otro compuesto conciliado",IF(OR(AND(M42<>"",SUM(COUNTIFS($D$2:$D$48,"conciliado",$M$2:$M$48,M42),COUNTIFS($D$2:$D$48,"conciliado",$N$2:$N$48,M42),COUNTIFS($D$2:$D$48,"conciliado",$O$2:$O$48,M42))>1),AND(N42<>"",SUM(COUNTIFS($D$2:$D$48,"conciliado",$M$2:$M$48,N42),COUNTIFS($D$2:$D$48,"conciliado",$N$2:$N$48,N42),COUNTIFS($D$2:$D$48,"conciliado",$O$2:$O$48,N42))>1),AND(O42<>"",SUM(COUNTIFS($D$2:$D$48,"conciliado",$M$2:$M$48,O42),COUNTIFS($D$2:$D$48,"conciliado",$N$2:$N$48,O42),COUNTIFS($D$2:$D$48,"conciliado",$O$2:$O$48,O42))>1)),"ERROR: libro_aux ya usado en otro compuesto conciliado","OK")))) | F42: Posible compuesto detectado por suma exacta en la misma fecha. Revisar antes de conciliar. | H42: 668 | I42: 116, 119 | J42: 668 | M42: 116 | N42: 119
A43: 803 | 2025-12-15 | 114,000 | depositos electronicos masterca transaccion | B43: 149 | 2025-12-15 | 32,600 | cano martines sebast 147 | 2025-12-15 | 39,400 | arboleda burbano oma 146 | 2025-12-15 | 42,000 | au hector melo tobar | C43: 0 | D43: por revisar | E43: =IF(D43<>"conciliado","Pendiente",IF(C43<>0,"ERROR: diferencia distinta de cero",IF(OR(AND(J43<>"",SUM(COUNTIFS($D$2:$D$48,"conciliado",$J$2:$J$48,J43),COUNTIFS($D$2:$D$48,"conciliado",$K$2:$K$48,J43),COUNTIFS($D$2:$D$48,"conciliado",$L$2:$L$48,J43))>1),AND(K43<>"",SUM(COUNTIFS($D$2:$D$48,"conciliado",$J$2:$J$48,K43),COUNTIFS($D$2:$D$48,"conciliado",$K$2:$K$48,K43),COUNTIFS($D$2:$D$48,"conciliado",$L$2:$L$48,K43))>1),AND(L43<>"",SUM(COUNTIFS($D$2:$D$48,"conciliado",$J$2:$J$48,L43),COUNTIFS($D$2:$D$48,"conciliado",$K$2:$K$48,L43),COUNTIFS($D$2:$D$48,"conciliado",$L$2:$L$48,L43))>1)),"ERROR: banco ya usado en otro compuesto conciliado",IF(OR(AND(M43<>"",SUM(COUNTIFS($D$2:$D$48,"conciliado",$M$2:$M$48,M43),COUNTIFS($D$2:$D$48,"conciliado",$N$2:$N$48,M43),COUNTIFS($D$2:$D$48,"conciliado",$O$2:$O$48,M43))>1),AND(N43<>"",SUM(COUNTIFS($D$2:$D$48,"conciliado",$M$2:$M$48,N43),COUNTIFS($D$2:$D$48,"conciliado",$N$2:$N$48,N43),COUNTIFS($D$2:$D$48,"conciliado",$O$2:$O$48,N43))>1),AND(O43<>"",SUM(COUNTIFS($D$2:$D$48,"conciliado",$M$2:$M$48,O43),COUNTIFS($D$2:$D$48,"conciliado",$N$2:$N$48,O43),COUNTIFS($D$2:$D$48,"conciliado",$O$2:$O$48,O43))>1)),"ERROR: libro_aux ya usado en otro compuesto conciliado","OK")))) | F43: Posible compuesto detectado por suma exacta en la misma fecha. Revisar antes de conciliar. | H43: 803 | I43: 149, 147, 146 | J43: 803 | M43: 149 | N43: 147 | O43: 146
