Workbook

Sheet Libro auxiliar vs banco
A1: Conciliacion Bancaria
A2: Libro Auxiliar | E2: Conciliacion Automatica | G2: Conciliacion manual
A3: ID | B3: Fecha | C3: Nombre | D3: Valor | E3: Estado | F3: Conciliado del banco con registros: | G3: Estado | H3: Conciliado del banco con registros: | I3: Estado automatico base
A4: 144 | B4: 46038 | C4: m mata nubia rosales | D4: 37700 | E4: =IF(G4="conciliado","conciliado",I4) | F4: =IF(SUM(COUNTIFS('Conciliacion de compuestos'!$D$2:$D$13,"conciliado",'Conciliacion de compuestos'!$E$2:$E$13,"OK",'Conciliacion de compuestos'!$M$2:$M$13,A4),COUNTIFS('Conciliacion de compuestos'!$D$2:$D$13,"conciliado",'Conciliacion de compuestos'!$E$2:$E$13,"OK",'Conciliacion de compuestos'!$N$2:$N$13,A4),COUNTIFS('Conciliacion de compuestos'!$D$2:$D$13,"conciliado",'Conciliacion de compuestos'!$E$2:$E$13,"OK",'Conciliacion de compuestos'!$O$2:$O$13,A4))>0,IFERROR(TEXTJOIN(CHAR(10),TRUE,FILTER('Conciliacion de compuestos'!$A$2:$A$13,('Conciliacion de compuestos'!$D$2:$D$13="conciliado")*('Conciliacion de compuestos'!$E$2:$E$13="OK")*((('Conciliacion de compuestos'!$M$2:$M$13=A4)+('Conciliacion de compuestos'!$N$2:$N$13=A4)+('Conciliacion de compuestos'!$O$2:$O$13=A4))>0))),""),"") | G4: =IF(I4="conciliado","conciliado","por revisar") | I4: =IF(SUM(COUNTIFS('Conciliacion de compuestos'!$D$2:$D$13,"conciliado",'Conciliacion de compuestos'!$E$2:$E$13,"OK",'Conciliacion de compuestos'!$M$2:$M$13,A4),COUNTIFS('Conciliacion de compuestos'!$D$2:$D$13,"conciliado",'Conciliacion de compuestos'!$E$2:$E$13,"OK",'Conciliacion de compuestos'!$N$2:$N$13,A4),COUNTIFS('Conciliacion de compuestos'!$D$2:$D$13,"conciliado",'Conciliacion de compuestos'!$E$2:$E$13,"OK",'Conciliacion de compuestos'!$O$2:$O$13,A4))>0,"conciliado","por revisar")
A5: 148 | B5: 46038 | C5: f luis moreno romero | D5: 22400 | E5: =IF(G5="conciliado","conciliado",I5) | F5: =IF(SUM(COUNTIFS('Conciliacion de compuestos'!$D$2:$D$13,"conciliado",'Conciliacion de compuestos'!$E$2:$E$13,"OK",'Conciliacion de compuestos'!$M$2:$M$13,A5),COUNTIFS('Conciliacion de compuestos'!$D$2:$D$13,"conciliado",'Conciliacion de compuestos'!$E$2:$E$13,"OK",'Conciliacion de compuestos'!$N$2:$N$13,A5),COUNTIFS('Conciliacion de compuestos'!$D$2:$D$13,"conciliado",'Conciliacion de compuestos'!$E$2:$E$13,"OK",'Conciliacion de compuestos'!$O$2:$O$13,A5))>0,IFERROR(TEXTJOIN(CHAR(10),TRUE,FILTER('Conciliacion de compuestos'!$A$2:$A$13,('Conciliacion de compuestos'!$D$2:$D$13="conciliado")*('Conciliacion de compuestos'!$E$2:$E$13="OK")*((('Conciliacion de compuestos'!$M$2:$M$13=A5)+('Conciliacion de compuestos'!$N$2:$N$13=A5)+('Conciliacion de compuestos'!$O$2:$O$13=A5))>0))),""),"") | G5: =IF(I5="conciliado","conciliado","por revisar") | I5: =IF(SUM(COUNTIFS('Conciliacion de compuestos'!$D$2:$D$13,"conciliado",'Conciliacion de compuestos'!$E$2:$E$13,"OK",'Conciliacion de compuestos'!$M$2:$M$13,A5),COUNTIFS('Conciliacion de compuestos'!$D$2:$D$13,"conciliado",'Conciliacion de compuestos'!$E$2:$E$13,"OK",'Conciliacion de compuestos'!$N$2:$N$13,A5),COUNTIFS('Conciliacion de compuestos'!$D$2:$D$13,"conciliado",'Conciliacion de compuestos'!$E$2:$E$13,"OK",'Conciliacion de compuestos'!$O$2:$O$13,A5))>0,"conciliado","por revisar")
A6: 100 | B6: 46032 | C6: hernandez jaid silva | D6: 50200 | E6: =IF(G6="conciliado","conciliado",I6) | F6: =IF(SUM(COUNTIFS('Conciliacion de compuestos'!$D$2:$D$13,"conciliado",'Conciliacion de compuestos'!$E$2:$E$13,"OK",'Conciliacion de compuestos'!$M$2:$M$13,A6),COUNTIFS('Conciliacion de compuestos'!$D$2:$D$13,"conciliado",'Conciliacion de compuestos'!$E$2:$E$13,"OK",'Conciliacion de compuestos'!$N$2:$N$13,A6),COUNTIFS('Conciliacion de compuestos'!$D$2:$D$13,"conciliado",'Conciliacion de compuestos'!$E$2:$E$13,"OK",'Conciliacion de compuestos'!$O$2:$O$13,A6))>0,IFERROR(TEXTJOIN(CHAR(10),TRUE,FILTER('Conciliacion de compuestos'!$A$2:$A$13,('Conciliacion de compuestos'!$D$2:$D$13="conciliado")*('Conciliacion de compuestos'!$E$2:$E$13="OK")*((('Conciliacion de compuestos'!$M$2:$M$13=A6)+('Conciliacion de compuestos'!$N$2:$N$13=A6)+('Conciliacion de compuestos'!$O$2:$O$13=A6))>0))),""),"") | G6: =IF(I6="conciliado","conciliado","por revisar") | I6: =IF(SUM(COUNTIFS('Conciliacion de compuestos'!$D$2:$D$13,"conciliado",'Conciliacion de compuestos'!$E$2:$E$13,"OK",'Conciliacion de compuestos'!$M$2:$M$13,A6),COUNTIFS('Conciliacion de compuestos'!$D$2:$D$13,"conciliado",'Conciliacion de compuestos'!$E$2:$E$13,"OK",'Conciliacion de compuestos'!$N$2:$N$13,A6),COUNTIFS('Conciliacion de compuestos'!$D$2:$D$13,"conciliado",'Conciliacion de compuestos'!$E$2:$E$13,"OK",'Conciliacion de compuestos'!$O$2:$O$13,A6))>0,"conciliado","por revisar")
A7: 180 | B7: 46042 | C7: dony norve pantoja | D7: 24800 | E7: =IF(G7="conciliado","conciliado",I7) | F7: =IF(SUM(COUNTIFS('Conciliacion de compuestos'!$D$2:$D$13,"conciliado",'Conciliacion de compuestos'!$E$2:$E$13,"OK",'Conciliacion de compuestos'!$M$2:$M$13,A7),COUNTIFS('Conciliacion de compuestos'!$D$2:$D$13,"conciliado",'Conciliacion de compuestos'!$E$2:$E$13,"OK",'Conciliacion de compuestos'!$N$2:$N$13,A7),COUNTIFS('Conciliacion de compuestos'!$D$2:$D$13,"conciliado",'Conciliacion de compuestos'!$E$2:$E$13,"OK",'Conciliacion de compuestos'!$O$2:$O$13,A7))>0,IFERROR(TEXTJOIN(CHAR(10),TRUE,FILTER('Conciliacion de compuestos'!$A$2:$A$13,('Conciliacion de compuestos'!$D$2:$D$13="conciliado")*('Conciliacion de compuestos'!$E$2:$E$13="OK")*((('Conciliacion de compuestos'!$M$2:$M$13=A7)+('Conciliacion de compuestos'!$N$2:$N$13=A7)+('Conciliacion de compuestos'!$O$2:$O$13=A7))>0))),""),"") | G7: =IF(I7="conciliado","conciliado","por revisar") | I7: =IF(SUM(COUNTIFS('Conciliacion de compuestos'!$D$2:$D$13,"conciliado",'Conciliacion de compuestos'!$E$2:$E$13,"OK",'Conciliacion de compuestos'!$M$2:$M$13,A7),COUNTIFS('Conciliacion de compuestos'!$D$2:$D$13,"conciliado",'Conciliacion de compuestos'!$E$2:$E$13,"OK",'Conciliacion de compuestos'!$N$2:$N$13,A7),COUNTIFS('Conciliacion de compuestos'!$D$2:$D$13,"conciliado",'Conciliacion de compuestos'!$E$2:$E$13,"OK",'Conciliacion de compuestos'!$O$2:$O$13,A7))>0,"conciliado","por revisar")
A8: 34 | B8: 46026 | C8: abela ortiz zambrano | D8: 69200 | E8: =IF(G8="conciliado","conciliado",I8) | F8: =IF(SUM(COUNTIFS('Conciliacion de compuestos'!$D$2:$D$13,"conciliado",'Conciliacion de compuestos'!$E$2:$E$13,"OK",'Conciliacion de compuestos'!$M$2:$M$13,A8),COUNTIFS('Conciliacion de compuestos'!$D$2:$D$13,"conciliado",'Conciliacion de compuestos'!$E$2:$E$13,"OK",'Conciliacion de compuestos'!$N$2:$N$13,A8),COUNTIFS('Conciliacion de compuestos'!$D$2:$D$13,"conciliado",'Conciliacion de compuestos'!$E$2:$E$13,"OK",'Conciliacion de compuestos'!$O$2:$O$13,A8))>0,IFERROR(TEXTJOIN(CHAR(10),TRUE,FILTER('Conciliacion de compuestos'!$A$2:$A$13,('Conciliacion de compuestos'!$D$2:$D$13="conciliado")*('Conciliacion de compuestos'!$E$2:$E$13="OK")*((('Conciliacion de compuestos'!$M$2:$M$13=A8)+('Conciliacion de compuestos'!$N$2:$N$13=A8)+('Conciliacion de compuestos'!$O$2:$O$13=A8))>0))),""),"") | G8: =IF(I8="conciliado","conciliado","por revisar") | I8: =IF(SUM(COUNTIFS('Conciliacion de compuestos'!$D$2:$D$13,"conciliado",'Conciliacion de compuestos'!$E$2:$E$13,"OK",'Conciliacion de compuestos'!$M$2:$M$13,A8),COUNTIFS('Conciliacion de compuestos'!$D$2:$D$13,"conciliado",'Conciliacion de compuestos'!$E$2:$E$13,"OK",'Conciliacion de compuestos'!$N$2:$N$13,A8),COUNTIFS('Conciliacion de compuestos'!$D$2:$D$13,"conciliado",'Conciliacion de compuestos'!$E$2:$E$13,"OK",'Conciliacion de compuestos'!$O$2:$O$13,A8))>0,"conciliado","por revisar")
A9: 27 | B9: 46026 | C9: fernan salazar silva | D9: 85500 | E9: =IF(G9="conciliado","conciliado",I9) | F9: =IF(SUM(COUNTIFS('Conciliacion de compuestos'!$D$2:$D$13,"conciliado",'Conciliacion de compuestos'!$E$2:$E$13,"OK",'Conciliacion de compuestos'!$M$2:$M$13,A9),COUNTIFS('Conciliacion de compuestos'!$D$2:$D$13,"conciliado",'Conciliacion de compuestos'!$E$2:$E$13,"OK",'Conciliacion de compuestos'!$N$2:$N$13,A9),COUNTIFS('Conciliacion de compuestos'!$D$2:$D$13,"conciliado",'Conciliacion de compuestos'!$E$2:$E$13,"OK",'Conciliacion de compuestos'!$O$2:$O$13,A9))>0,IFERROR(TEXTJOIN(CHAR(10),TRUE,FILTER('Conciliacion de compuestos'!$A$2:$A$13,('Conciliacion de compuestos'!$D$2:$D$13="conciliado")*('Conciliacion de compuestos'!$E$2:$E$13="OK")*((('Conciliacion de compuestos'!$M$2:$M$13=A9)+('Conciliacion de compuestos'!$N$2:$N$13=A9)+('Conciliacion de compuestos'!$O$2:$O$13=A9))>0))),""),"") | G9: =IF(I9="conciliado","conciliado","por revisar") | I9: =IF(SUM(COUNTIFS('Conciliacion de compuestos'!$D$2:$D$13,"conciliado",'Conciliacion de compuestos'!$E$2:$E$13,"OK",'Conciliacion de compuestos'!$M$2:$M$13,A9),COUNTIFS('Conciliacion de compuestos'!$D$2:$D$13,"conciliado",'Conciliacion de compuestos'!$E$2:$E$13,"OK",'Conciliacion de compuestos'!$N$2:$N$13,A9),COUNTIFS('Conciliacion de compuestos'!$D$2:$D$13,"conciliado",'Conciliacion de compuestos'!$E$2:$E$13,"OK",'Conciliacion de compuestos'!$O$2:$O$13,A9))>0,"conciliado","por revisar")
A10: 239 | B10: 46049 | C10: bastidas cordoba yol | D10: 60000 | E10: =IF(G10="conciliado","conciliado",I10) | F10: =IF(SUM(COUNTIFS('Conciliacion de compuestos'!$D$2:$D$13,"conciliado",'Conciliacion de compuestos'!$E$2:$E$13,"OK",'Conciliacion de compuestos'!$M$2:$M$13,A10),COUNTIFS('Conciliacion de compuestos'!$D$2:$D$13,"conciliado",'Conciliacion de compuestos'!$E$2:$E$13,"OK",'Conciliacion de compuestos'!$N$2:$N$13,A10),COUNTIFS('Conciliacion de compuestos'!$D$2:$D$13,"conciliado",'Conciliacion de compuestos'!$E$2:$E$13,"OK",'Conciliacion de compuestos'!$O$2:$O$13,A10))>0,IFERROR(TEXTJOIN(CHAR(10),TRUE,FILTER('Conciliacion de compuestos'!$A$2:$A$13,('Conciliacion de compuestos'!$D$2:$D$13="conciliado")*('Conciliacion de compuestos'!$E$2:$E$13="OK")*((('Conciliacion de compuestos'!$M$2:$M$13=A10)+('Conciliacion de compuestos'!$N$2:$N$13=A10)+('Conciliacion de compuestos'!$O$2:$O$13=A10))>0))),""),"") | G10: =IF(I10="conciliado","conciliado","por revisar") | I10: =IF(SUM(COUNTIFS('Conciliacion de compuestos'!$D$2:$D$13,"conciliado",'Conciliacion de compuestos'!$E$2:$E$13,"OK",'Conciliacion de compuestos'!$M$2:$M$13,A10),COUNTIFS('Conciliacion de compuestos'!$D$2:$D$13,"conciliado",'Conciliacion de compuestos'!$E$2:$E$13,"OK",'Conciliacion de compuestos'!$N$2:$N$13,A10),COUNTIFS('Conciliacion de compuestos'!$D$2:$D$13,"conciliado",'Conciliacion de compuestos'!$E$2:$E$13,"OK",'Conciliacion de compuestos'!$O$2:$O$13,A10))>0,"conciliado","por revisar")
A11: 31 | B11: 46026 | C11: alvarez mon quintero | D11: 226100 | E11: =IF(G11="conciliado","conciliado",I11) | F11: =IF(SUM(COUNTIFS('Conciliacion de compuestos'!$D$2:$D$13,"conciliado",'Conciliacion de compuestos'!$E$2:$E$13,"OK",'Conciliacion de compuestos'!$M$2:$M$13,A11),COUNTIFS('Conciliacion de compuestos'!$D$2:$D$13,"conciliado",'Conciliacion de compuestos'!$E$2:$E$13,"OK",'Conciliacion de compuestos'!$N$2:$N$13,A11),COUNTIFS('Conciliacion de compuestos'!$D$2:$D$13,"conciliado",'Conciliacion de compuestos'!$E$2:$E$13,"OK",'Conciliacion de compuestos'!$O$2:$O$13,A11))>0,IFERROR(TEXTJOIN(CHAR(10),TRUE,FILTER('Conciliacion de compuestos'!$A$2:$A$13,('Conciliacion de compuestos'!$D$2:$D$13="conciliado")*('Conciliacion de compuestos'!$E$2:$E$13="OK")*((('Conciliacion de compuestos'!$M$2:$M$13=A11)+('Conciliacion de compuestos'!$N$2:$N$13=A11)+('Conciliacion de compuestos'!$O$2:$O$13=A11))>0))),""),"") | G11: =IF(I11="conciliado","conciliado","por revisar") | I11: =IF(SUM(COUNTIFS('Conciliacion de compuestos'!$D$2:$D$13,"conciliado",'Conciliacion de compuestos'!$E$2:$E$13,"OK",'Conciliacion de compuestos'!$M$2:$M$13,A11),COUNTIFS('Conciliacion de compuestos'!$D$2:$D$13,"conciliado",'Conciliacion de compuestos'!$E$2:$E$13,"OK",'Conciliacion de compuestos'!$N$2:$N$13,A11),COUNTIFS('Conciliacion de compuestos'!$D$2:$D$13,"conciliado",'Conciliacion de compuestos'!$E$2:$E$13,"OK",'Conciliacion de compuestos'!$O$2:$O$13,A11))>0,"conciliado","por revisar")
A12: 36 | B12: 46026 | C12: hernadez valencia | D12: 84100 | E12: =IF(G12="conciliado","conciliado",I12) | F12: =IF(SUM(COUNTIFS('Conciliacion de compuestos'!$D$2:$D$13,"conciliado",'Conciliacion de compuestos'!$E$2:$E$13,"OK",'Conciliacion de compuestos'!$M$2:$M$13,A12),COUNTIFS('Conciliacion de compuestos'!$D$2:$D$13,"conciliado",'Conciliacion de compuestos'!$E$2:$E$13,"OK",'Conciliacion de compuestos'!$N$2:$N$13,A12),COUNTIFS('Conciliacion de compuestos'!$D$2:$D$13,"conciliado",'Conciliacion de compuestos'!$E$2:$E$13,"OK",'Conciliacion de compuestos'!$O$2:$O$13,A12))>0,IFERROR(TEXTJOIN(CHAR(10),TRUE,FILTER('Conciliacion de compuestos'!$A$2:$A$13,('Conciliacion de compuestos'!$D$2:$D$13="conciliado")*('Conciliacion de compuestos'!$E$2:$E$13="OK")*((('Conciliacion de compuestos'!$M$2:$M$13=A12)+('Conciliacion de compuestos'!$N$2:$N$13=A12)+('Conciliacion de compuestos'!$O$2:$O$13=A12))>0))),""),"") | G12: =IF(I12="conciliado","conciliado","por revisar") | I12: =IF(SUM(COUNTIFS('Conciliacion de compuestos'!$D$2:$D$13,"conciliado",'Conciliacion de compuestos'!$E$2:$E$13,"OK",'Conciliacion de compuestos'!$M$2:$M$13,A12),COUNTIFS('Conciliacion de compuestos'!$D$2:$D$13,"conciliado",'Conciliacion de compuestos'!$E$2:$E$13,"OK",'Conciliacion de compuestos'!$N$2:$N$13,A12),COUNTIFS('Conciliacion de compuestos'!$D$2:$D$13,"conciliado",'Conciliacion de compuestos'!$E$2:$E$13,"OK",'Conciliacion de compuestos'!$O$2:$O$13,A12))>0,"conciliado","por revisar")
A13: 32 | B13: 46026 | C13: coral jorge l rosero | D13: 42300 | E13: =IF(G13="conciliado","conciliado",I13) | F13: =IF(SUM(COUNTIFS('Conciliacion de compuestos'!$D$2:$D$13,"conciliado",'Conciliacion de compuestos'!$E$2:$E$13,"OK",'Conciliacion de compuestos'!$M$2:$M$13,A13),COUNTIFS('Conciliacion de compuestos'!$D$2:$D$13,"conciliado",'Conciliacion de compuestos'!$E$2:$E$13,"OK",'Conciliacion de compuestos'!$N$2:$N$13,A13),COUNTIFS('Conciliacion de compuestos'!$D$2:$D$13,"conciliado",'Conciliacion de compuestos'!$E$2:$E$13,"OK",'Conciliacion de compuestos'!$O$2:$O$13,A13))>0,IFERROR(TEXTJOIN(CHAR(10),TRUE,FILTER('Conciliacion de compuestos'!$A$2:$A$13,('Conciliacion de compuestos'!$D$2:$D$13="conciliado")*('Conciliacion de compuestos'!$E$2:$E$13="OK")*((('Conciliacion de compuestos'!$M$2:$M$13=A13)+('Conciliacion de compuestos'!$N$2:$N$13=A13)+('Conciliacion de compuestos'!$O$2:$O$13=A13))>0))),""),"") | G13: =IF(I13="conciliado","conciliado","por revisar") | I13: =IF(SUM(COUNTIFS('Conciliacion de compuestos'!$D$2:$D$13,"conciliado",'Conciliacion de compuestos'!$E$2:$E$13,"OK",'Conciliacion de compuestos'!$M$2:$M$13,A13),COUNTIFS('Conciliacion de compuestos'!$D$2:$D$13,"conciliado",'Conciliacion de compuestos'!$E$2:$E$13,"OK",'Conciliacion de compuestos'!$N$2:$N$13,A13),COUNTIFS('Conciliacion de compuestos'!$D$2:$D$13,"conciliado",'Conciliacion de compuestos'!$E$2:$E$13,"OK",'Conciliacion de compuestos'!$O$2:$O$13,A13))>0,"conciliado","por revisar")
A14: 10 | B14: 46024 | C14: cristian rosero | D14: 88000 | E14: =IF(G14="conciliado","conciliado",I14) | F14: =IF(SUM(COUNTIFS('Conciliacion de compuestos'!$D$2:$D$13,"conciliado",'Conciliacion de compuestos'!$E$2:$E$13,"OK",'Conciliacion de compuestos'!$M$2:$M$13,A14),COUNTIFS('Conciliacion de compuestos'!$D$2:$D$13,"conciliado",'Conciliacion de compuestos'!$E$2:$E$13,"OK",'Conciliacion de compuestos'!$N$2:$N$13,A14),COUNTIFS('Conciliacion de compuestos'!$D$2:$D$13,"conciliado",'Conciliacion de compuestos'!$E$2:$E$13,"OK",'Conciliacion de compuestos'!$O$2:$O$13,A14))>0,IFERROR(TEXTJOIN(CHAR(10),TRUE,FILTER('Conciliacion de compuestos'!$A$2:$A$13,('Conciliacion de compuestos'!$D$2:$D$13="conciliado")*('Conciliacion de compuestos'!$E$2:$E$13="OK")*((('Conciliacion de compuestos'!$M$2:$M$13=A14)+('Conciliacion de compuestos'!$N$2:$N$13=A14)+('Conciliacion de compuestos'!$O$2:$O$13=A14))>0))),""),"") | G14: =IF(I14="conciliado","conciliado","por revisar") | I14: =IF(SUM(COUNTIFS('Conciliacion de compuestos'!$D$2:$D$13,"conciliado",'Conciliacion de compuestos'!$E$2:$E$13,"OK",'Conciliacion de compuestos'!$M$2:$M$13,A14),COUNTIFS('Conciliacion de compuestos'!$D$2:$D$13,"conciliado",'Conciliacion de compuestos'!$E$2:$E$13,"OK",'Conciliacion de compuestos'!$N$2:$N$13,A14),COUNTIFS('Conciliacion de compuestos'!$D$2:$D$13,"conciliado",'Conciliacion de compuestos'!$E$2:$E$13,"OK",'Conciliacion de compuestos'!$O$2:$O$13,A14))>0,"conciliado","por revisar")
A15: 3 | B15: 46024 | C15: laso linsay pachucan | D15: 43200 | E15: =IF(G15="conciliado","conciliado",I15) | F15: =IF(SUM(COUNTIFS('Conciliacion de compuestos'!$D$2:$D$13,"conciliado",'Conciliacion de compuestos'!$E$2:$E$13,"OK",'Conciliacion de compuestos'!$M$2:$M$13,A15),COUNTIFS('Conciliacion de compuestos'!$D$2:$D$13,"conciliado",'Conciliacion de compuestos'!$E$2:$E$13,"OK",'Conciliacion de compuestos'!$N$2:$N$13,A15),COUNTIFS('Conciliacion de compuestos'!$D$2:$D$13,"conciliado",'Conciliacion de compuestos'!$E$2:$E$13,"OK",'Conciliacion de compuestos'!$O$2:$O$13,A15))>0,IFERROR(TEXTJOIN(CHAR(10),TRUE,FILTER('Conciliacion de compuestos'!$A$2:$A$13,('Conciliacion de compuestos'!$D$2:$D$13="conciliado")*('Conciliacion de compuestos'!$E$2:$E$13="OK")*((('Conciliacion de compuestos'!$M$2:$M$13=A15)+('Conciliacion de compuestos'!$N$2:$N$13=A15)+('Conciliacion de compuestos'!$O$2:$O$13=A15))>0))),""),"") | G15: =IF(I15="conciliado","conciliado","por revisar") | I15: =IF(SUM(COUNTIFS('Conciliacion de compuestos'!$D$2:$D$13,"conciliado",'Conciliacion de compuestos'!$E$2:$E$13,"OK",'Conciliacion de compuestos'!$M$2:$M$13,A15),COUNTIFS('Conciliacion de compuestos'!$D$2:$D$13,"conciliado",'Conciliacion de compuestos'!$E$2:$E$13,"OK",'Conciliacion de compuestos'!$N$2:$N$13,A15),COUNTIFS('Conciliacion de compuestos'!$D$2:$D$13,"conciliado",'Conciliacion de compuestos'!$E$2:$E$13,"OK",'Conciliacion de compuestos'!$O$2:$O$13,A15))>0,"conciliado","por revisar")
... A48: 55 | B48: 46028 | C48: lenin sousa tribaldo | D48: 96500 | E48: =IF(G48="conciliado","conciliado",I48) | F48: =IF(SUM(COUNTIFS('Conciliacion de compuestos'!$D$2:$D$13,"conciliado",'Conciliacion de compuestos'!$E$2:$E$13,"OK",'Conciliacion de compuestos'!$M$2:$M$13,A48),COUNTIFS('Conciliacion de compuestos'!$D$2:$D$13,"conciliado",'Conciliacion de compuestos'!$E$2:$E$13,"OK",'Conciliacion de compuestos'!$N$2:$N$13,A48),COUNTIFS('Conciliacion de compuestos'!$D$2:$D$13,"conciliado",'Conciliacion de compuestos'!$E$2:$E$13,"OK",'Conciliacion de compuestos'!$O$2:$O$13,A48))>0,IFERROR(TEXTJOIN(CHAR(10),TRUE,FILTER('Conciliacion de compuestos'!$A$2:$A$13,('Conciliacion de compuestos'!$D$2:$D$13="conciliado")*('Conciliacion de compuestos'!$E$2:$E$13="OK")*((('Conciliacion de compuestos'!$M$2:$M$13=A48)+('Conciliacion de compuestos'!$N$2:$N$13=A48)+('Conciliacion de compuestos'!$O$2:$O$13=A48))>0))),""),"") | G48: =IF(I48="conciliado","conciliado","por revisar") | I48: =IF(SUM(COUNTIFS('Conciliacion de compuestos'!$D$2:$D$13,"conciliado",'Conciliacion de compuestos'!$E$2:$E$13,"OK",'Conciliacion de compuestos'!$M$2:$M$13,A48),COUNTIFS('Conciliacion de compuestos'!$D$2:$D$13,"conciliado",'Conciliacion de compuestos'!$E$2:$E$13,"OK",'Conciliacion de compuestos'!$N$2:$N$13,A48),COUNTIFS('Conciliacion de compuestos'!$D$2:$D$13,"conciliado",'Conciliacion de compuestos'!$E$2:$E$13,"OK",'Conciliacion de compuestos'!$O$2:$O$13,A48))>0,"conciliado","por revisar")
A49: 80 | B49: 46030 | C49: lukumi mosquera | D49: 33200 | E49: =IF(G49="conciliado","conciliado",I49) | F49: 540 | 2026-01-08 | 33,200 | consignacion credibanco d e | G49: =IF(I49="conciliado","conciliado","por revisar") | I49: conciliado
A50: 62 | B50: 46029 | C50: giraldo luis medina | D50: 110300 | E50: =IF(G50="conciliado","conciliado",I50) | F50: =IF(SUM(COUNTIFS('Conciliacion de compuestos'!$D$2:$D$13,"conciliado",'Conciliacion de compuestos'!$E$2:$E$13,"OK",'Conciliacion de compuestos'!$M$2:$M$13,A50),COUNTIFS('Conciliacion de compuestos'!$D$2:$D$13,"conciliado",'Conciliacion de compuestos'!$E$2:$E$13,"OK",'Conciliacion de compuestos'!$N$2:$N$13,A50),COUNTIFS('Conciliacion de compuestos'!$D$2:$D$13,"conciliado",'Conciliacion de compuestos'!$E$2:$E$13,"OK",'Conciliacion de compuestos'!$O$2:$O$13,A50))>0,IFERROR(TEXTJOIN(CHAR(10),TRUE,FILTER('Conciliacion de compuestos'!$A$2:$A$13,('Conciliacion de compuestos'!$D$2:$D$13="conciliado")*('Conciliacion de compuestos'!$E$2:$E$13="OK")*((('Conciliacion de compuestos'!$M$2:$M$13=A50)+('Conciliacion de compuestos'!$N$2:$N$13=A50)+('Conciliacion de compuestos'!$O$2:$O$13=A50))>0))),""),"") | G50: =IF(I50="conciliado","conciliado","por revisar") | I50: =IF(SUM(COUNTIFS('Conciliacion de compuestos'!$D$2:$D$13,"conciliado",'Conciliacion de compuestos'!$E$2:$E$13,"OK",'Conciliacion de compuestos'!$M$2:$M$13,A50),COUNTIFS('Conciliacion de compuestos'!$D$2:$D$13,"conciliado",'Conciliacion de compuestos'!$E$2:$E$13,"OK",'Conciliacion de compuestos'!$N$2:$N$13,A50),COUNTIFS('Conciliacion de compuestos'!$D$2:$D$13,"conciliado",'Conciliacion de compuestos'!$E$2:$E$13,"OK",'Conciliacion de compuestos'!$O$2:$O$13,A50))>0,"conciliado","por revisar")
A51: 59 | B51: 46029 | C51: marquez nanc narvaez | D51: 28000 | E51: =IF(G51="conciliado","conciliado",I51) | F51: =IF(SUM(COUNTIFS('Conciliacion de compuestos'!$D$2:$D$13,"conciliado",'Conciliacion de compuestos'!$E$2:$E$13,"OK",'Conciliacion de compuestos'!$M$2:$M$13,A51),COUNTIFS('Conciliacion de compuestos'!$D$2:$D$13,"conciliado",'Conciliacion de compuestos'!$E$2:$E$13,"OK",'Conciliacion de compuestos'!$N$2:$N$13,A51),COUNTIFS('Conciliacion de compuestos'!$D$2:$D$13,"conciliado",'Conciliacion de compuestos'!$E$2:$E$13,"OK",'Conciliacion de compuestos'!$O$2:$O$13,A51))>0,IFERROR(TEXTJOIN(CHAR(10),TRUE,FILTER('Conciliacion de compuestos'!$A$2:$A$13,('Conciliacion de compuestos'!$D$2:$D$13="conciliado")*('Conciliacion de compuestos'!$E$2:$E$13="OK")*((('Conciliacion de compuestos'!$M$2:$M$13=A51)+('Conciliacion de compuestos'!$N$2:$N$13=A51)+('Conciliacion de compuestos'!$O$2:$O$13=A51))>0))),""),"") | G51: =IF(I51="conciliado","conciliado","por revisar") | I51: =IF(SUM(COUNTIFS('Conciliacion de compuestos'!$D$2:$D$13,"conciliado",'Conciliacion de compuestos'!$E$2:$E$13,"OK",'Conciliacion de compuestos'!$M$2:$M$13,A51),COUNTIFS('Conciliacion de compuestos'!$D$2:$D$13,"conciliado",'Conciliacion de compuestos'!$E$2:$E$13,"OK",'Conciliacion de compuestos'!$N$2:$N$13,A51),COUNTIFS('Conciliacion de compuestos'!$D$2:$D$13,"conciliado",'Conciliacion de compuestos'!$E$2:$E$13,"OK",'Conciliacion de compuestos'!$O$2:$O$13,A51))>0,"conciliado","por revisar")
A52: 60 | B52: 46029 | C52: lemus martinez pasto | D52: 52600 | E52: =IF(G52="conciliado","conciliado",I52) | F52: =IF(SUM(COUNTIFS('Conciliacion de compuestos'!$D$2:$D$13,"conciliado",'Conciliacion de compuestos'!$E$2:$E$13,"OK",'Conciliacion de compuestos'!$M$2:$M$13,A52),COUNTIFS('Conciliacion de compuestos'!$D$2:$D$13,"conciliado",'Conciliacion de compuestos'!$E$2:$E$13,"OK",'Conciliacion de compuestos'!$N$2:$N$13,A52),COUNTIFS('Conciliacion de compuestos'!$D$2:$D$13,"conciliado",'Conciliacion de compuestos'!$E$2:$E$13,"OK",'Conciliacion de compuestos'!$O$2:$O$13,A52))>0,IFERROR(TEXTJOIN(CHAR(10),TRUE,FILTER('Conciliacion de compuestos'!$A$2:$A$13,('Conciliacion de compuestos'!$D$2:$D$13="conciliado")*('Conciliacion de compuestos'!$E$2:$E$13="OK")*((('Conciliacion de compuestos'!$M$2:$M$13=A52)+('Conciliacion de compuestos'!$N$2:$N$13=A52)+('Conciliacion de compuestos'!$O$2:$O$13=A52))>0))),""),"") | G52: =IF(I52="conciliado","conciliado","por revisar") | I52: =IF(SUM(COUNTIFS('Conciliacion de compuestos'!$D$2:$D$13,"conciliado",'Conciliacion de compuestos'!$E$2:$E$13,"OK",'Conciliacion de compuestos'!$M$2:$M$13,A52),COUNTIFS('Conciliacion de compuestos'!$D$2:$D$13,"conciliado",'Conciliacion de compuestos'!$E$2:$E$13,"OK",'Conciliacion de compuestos'!$N$2:$N$13,A52),COUNTIFS('Conciliacion de compuestos'!$D$2:$D$13,"conciliado",'Conciliacion de compuestos'!$E$2:$E$13,"OK",'Conciliacion de compuestos'!$O$2:$O$13,A52))>0,"conciliado","por revisar")
A53: 63 | B53: 46029 | C53: buelvas diaz jose mi | D53: 55800 | E53: =IF(G53="conciliado","conciliado",I53) | F53: =IF(SUM(COUNTIFS('Conciliacion de compuestos'!$D$2:$D$13,"conciliado",'Conciliacion de compuestos'!$E$2:$E$13,"OK",'Conciliacion de compuestos'!$M$2:$M$13,A53),COUNTIFS('Conciliacion de compuestos'!$D$2:$D$13,"conciliado",'Conciliacion de compuestos'!$E$2:$E$13,"OK",'Conciliacion de compuestos'!$N$2:$N$13,A53),COUNTIFS('Conciliacion de compuestos'!$D$2:$D$13,"conciliado",'Conciliacion de compuestos'!$E$2:$E$13,"OK",'Conciliacion de compuestos'!$O$2:$O$13,A53))>0,IFERROR(TEXTJOIN(CHAR(10),TRUE,FILTER('Conciliacion de compuestos'!$A$2:$A$13,('Conciliacion de compuestos'!$D$2:$D$13="conciliado")*('Conciliacion de compuestos'!$E$2:$E$13="OK")*((('Conciliacion de compuestos'!$M$2:$M$13=A53)+('Conciliacion de compuestos'!$N$2:$N$13=A53)+('Conciliacion de compuestos'!$O$2:$O$13=A53))>0))),""),"") | G53: =IF(I53="conciliado","conciliado","por revisar") | I53: =IF(SUM(COUNTIFS('Conciliacion de compuestos'!$D$2:$D$13,"conciliado",'Conciliacion de compuestos'!$E$2:$E$13,"OK",'Conciliacion de compuestos'!$M$2:$M$13,A53),COUNTIFS('Conciliacion de compuestos'!$D$2:$D$13,"conciliado",'Conciliacion de compuestos'!$E$2:$E$13,"OK",'Conciliacion de compuestos'!$N$2:$N$13,A53),COUNTIFS('Conciliacion de compuestos'!$D$2:$D$13,"conciliado",'Conciliacion de compuestos'!$E$2:$E$13,"OK",'Conciliacion de compuestos'!$O$2:$O$13,A53))>0,"conciliado","por revisar")
A54: 58 | B54: 46029 | C54: jorge mosquera ramos | D54: 429310 | E54: =IF(G54="conciliado","conciliado",I54) | F54: =IF(SUM(COUNTIFS('Conciliacion de compuestos'!$D$2:$D$13,"conciliado",'Conciliacion de compuestos'!$E$2:$E$13,"OK",'Conciliacion de compuestos'!$M$2:$M$13,A54),COUNTIFS('Conciliacion de compuestos'!$D$2:$D$13,"conciliado",'Conciliacion de compuestos'!$E$2:$E$13,"OK",'Conciliacion de compuestos'!$N$2:$N$13,A54),COUNTIFS('Conciliacion de compuestos'!$D$2:$D$13,"conciliado",'Conciliacion de compuestos'!$E$2:$E$13,"OK",'Conciliacion de compuestos'!$O$2:$O$13,A54))>0,IFERROR(TEXTJOIN(CHAR(10),TRUE,FILTER('Conciliacion de compuestos'!$A$2:$A$13,('Conciliacion de compuestos'!$D$2:$D$13="conciliado")*('Conciliacion de compuestos'!$E$2:$E$13="OK")*((('Conciliacion de compuestos'!$M$2:$M$13=A54)+('Conciliacion de compuestos'!$N$2:$N$13=A54)+('Conciliacion de compuestos'!$O$2:$O$13=A54))>0))),""),"") | G54: =IF(I54="conciliado","conciliado","por revisar") | I54: =IF(SUM(COUNTIFS('Conciliacion de compuestos'!$D$2:$D$13,"conciliado",'Conciliacion de compuestos'!$E$2:$E$13,"OK",'Conciliacion de compuestos'!$M$2:$M$13,A54),COUNTIFS('Conciliacion de compuestos'!$D$2:$D$13,"conciliado",'Conciliacion de compuestos'!$E$2:$E$13,"OK",'Conciliacion de compuestos'!$N$2:$N$13,A54),COUNTIFS('Conciliacion de compuestos'!$D$2:$D$13,"conciliado",'Conciliacion de compuestos'!$E$2:$E$13,"OK",'Conciliacion de compuestos'!$O$2:$O$13,A54))>0,"conciliado","por revisar")
A55: 67 | B55: 46029 | C55: aragon diego salazar | D55: 80500 | E55: =IF(G55="conciliado","conciliado",I55) | F55: =IF(SUM(COUNTIFS('Conciliacion de compuestos'!$D$2:$D$13,"conciliado",'Conciliacion de compuestos'!$E$2:$E$13,"OK",'Conciliacion de compuestos'!$M$2:$M$13,A55),COUNTIFS('Conciliacion de compuestos'!$D$2:$D$13,"conciliado",'Conciliacion de compuestos'!$E$2:$E$13,"OK",'Conciliacion de compuestos'!$N$2:$N$13,A55),COUNTIFS('Conciliacion de compuestos'!$D$2:$D$13,"conciliado",'Conciliacion de compuestos'!$E$2:$E$13,"OK",'Conciliacion de compuestos'!$O$2:$O$13,A55))>0,IFERROR(TEXTJOIN(CHAR(10),TRUE,FILTER('Conciliacion de compuestos'!$A$2:$A$13,('Conciliacion de compuestos'!$D$2:$D$13="conciliado")*('Conciliacion de compuestos'!$E$2:$E$13="OK")*((('Conciliacion de compuestos'!$M$2:$M$13=A55)+('Conciliacion de compuestos'!$N$2:$N$13=A55)+('Conciliacion de compuestos'!$O$2:$O$13=A55))>0))),""),"") | G55: =IF(I55="conciliado","conciliado","por revisar") | I55: =IF(SUM(COUNTIFS('Conciliacion de compuestos'!$D$2:$D$13,"conciliado",'Conciliacion de compuestos'!$E$2:$E$13,"OK",'Conciliacion de compuestos'!$M$2:$M$13,A55),COUNTIFS('Conciliacion de compuestos'!$D$2:$D$13,"conciliado",'Conciliacion de compuestos'!$E$2:$E$13,"OK",'Conciliacion de compuestos'!$N$2:$N$13,A55),COUNTIFS('Conciliacion de compuestos'!$D$2:$D$13,"conciliado",'Conciliacion de compuestos'!$E$2:$E$13,"OK",'Conciliacion de compuestos'!$O$2:$O$13,A55))>0,"conciliado","por revisar")
A56: 65 | B56: 46029 | C56: bastidas edi jurado | D56: 52800 | E56: =IF(G56="conciliado","conciliado",I56) | F56: =IF(SUM(COUNTIFS('Conciliacion de compuestos'!$D$2:$D$13,"conciliado",'Conciliacion de compuestos'!$E$2:$E$13,"OK",'Conciliacion de compuestos'!$M$2:$M$13,A56),COUNTIFS('Conciliacion de compuestos'!$D$2:$D$13,"conciliado",'Conciliacion de compuestos'!$E$2:$E$13,"OK",'Conciliacion de compuestos'!$N$2:$N$13,A56),COUNTIFS('Conciliacion de compuestos'!$D$2:$D$13,"conciliado",'Conciliacion de compuestos'!$E$2:$E$13,"OK",'Conciliacion de compuestos'!$O$2:$O$13,A56))>0,IFERROR(TEXTJOIN(CHAR(10),TRUE,FILTER('Conciliacion de compuestos'!$A$2:$A$13,('Conciliacion de compuestos'!$D$2:$D$13="conciliado")*('Conciliacion de compuestos'!$E$2:$E$13="OK")*((('Conciliacion de compuestos'!$M$2:$M$13=A56)+('Conciliacion de compuestos'!$N$2:$N$13=A56)+('Conciliacion de compuestos'!$O$2:$O$13=A56))>0))),""),"") | G56: =IF(I56="conciliado","conciliado","por revisar") | I56: =IF(SUM(COUNTIFS('Conciliacion de compuestos'!$D$2:$D$13,"conciliado",'Conciliacion de compuestos'!$E$2:$E$13,"OK",'Conciliacion de compuestos'!$M$2:$M$13,A56),COUNTIFS('Conciliacion de compuestos'!$D$2:$D$13,"conciliado",'Conciliacion de compuestos'!$E$2:$E$13,"OK",'Conciliacion de compuestos'!$N$2:$N$13,A56),COUNTIFS('Conciliacion de compuestos'!$D$2:$D$13,"conciliado",'Conciliacion de compuestos'!$E$2:$E$13,"OK",'Conciliacion de compuestos'!$O$2:$O$13,A56))>0,"conciliado","por revisar")
A57: 61 | B57: 46029 | C57: acosta jaiber rosero | D57: 120400 | E57: =IF(G57="conciliado","conciliado",I57) | F57: =IF(SUM(COUNTIFS('Conciliacion de compuestos'!$D$2:$D$13,"conciliado",'Conciliacion de compuestos'!$E$2:$E$13,"OK",'Conciliacion de compuestos'!$M$2:$M$13,A57),COUNTIFS('Conciliacion de compuestos'!$D$2:$D$13,"conciliado",'Conciliacion de compuestos'!$E$2:$E$13,"OK",'Conciliacion de compuestos'!$N$2:$N$13,A57),COUNTIFS('Conciliacion de compuestos'!$D$2:$D$13,"conciliado",'Conciliacion de compuestos'!$E$2:$E$13,"OK",'Conciliacion de compuestos'!$O$2:$O$13,A57))>0,IFERROR(TEXTJOIN(CHAR(10),TRUE,FILTER('Conciliacion de compuestos'!$A$2:$A$13,('Conciliacion de compuestos'!$D$2:$D$13="conciliado")*('Conciliacion de compuestos'!$E$2:$E$13="OK")*((('Conciliacion de compuestos'!$M$2:$M$13=A57)+('Conciliacion de compuestos'!$N$2:$N$13=A57)+('Conciliacion de compuestos'!$O$2:$O$13=A57))>0))),""),"") | G57: =IF(I57="conciliado","conciliado","por revisar") | I57: =IF(SUM(COUNTIFS('Conciliacion de compuestos'!$D$2:$D$13,"conciliado",'Conciliacion de compuestos'!$E$2:$E$13,"OK",'Conciliacion de compuestos'!$M$2:$M$13,A57),COUNTIFS('Conciliacion de compuestos'!$D$2:$D$13,"conciliado",'Conciliacion de compuestos'!$E$2:$E$13,"OK",'Conciliacion de compuestos'!$N$2:$N$13,A57),COUNTIFS('Conciliacion de compuestos'!$D$2:$D$13,"conciliado",'Conciliacion de compuestos'!$E$2:$E$13,"OK",'Conciliacion de compuestos'!$O$2:$O$13,A57))>0,"conciliado","por revisar")
A58: 78 | B58: 46030 | C58: arenas bray melendez | D58: 38900 | E58: =IF(G58="conciliado","conciliado",I58) | F58: =IF(SUM(COUNTIFS('Conciliacion de compuestos'!$D$2:$D$13,"conciliado",'Conciliacion de compuestos'!$E$2:$E$13,"OK",'Conciliacion de compuestos'!$M$2:$M$13,A58),COUNTIFS('Conciliacion de compuestos'!$D$2:$D$13,"conciliado",'Conciliacion de compuestos'!$E$2:$E$13,"OK",'Conciliacion de compuestos'!$N$2:$N$13,A58),COUNTIFS('Conciliacion de compuestos'!$D$2:$D$13,"conciliado",'Conciliacion de compuestos'!$E$2:$E$13,"OK",'Conciliacion de compuestos'!$O$2:$O$13,A58))>0,IFERROR(TEXTJOIN(CHAR(10),TRUE,FILTER('Conciliacion de compuestos'!$A$2:$A$13,('Conciliacion de compuestos'!$D$2:$D$13="conciliado")*('Conciliacion de compuestos'!$E$2:$E$13="OK")*((('Conciliacion de compuestos'!$M$2:$M$13=A58)+('Conciliacion de compuestos'!$N$2:$N$13=A58)+('Conciliacion de compuestos'!$O$2:$O$13=A58))>0))),""),"") | G58: =IF(I58="conciliado","conciliado","por revisar") | I58: =IF(SUM(COUNTIFS('Conciliacion de compuestos'!$D$2:$D$13,"conciliado",'Conciliacion de compuestos'!$E$2:$E$13,"OK",'Conciliacion de compuestos'!$M$2:$M$13,A58),COUNTIFS('Conciliacion de compuestos'!$D$2:$D$13,"conciliado",'Conciliacion de compuestos'!$E$2:$E$13,"OK",'Conciliacion de compuestos'!$N$2:$N$13,A58),COUNTIFS('Conciliacion de compuestos'!$D$2:$D$13,"conciliado",'Conciliacion de compuestos'!$E$2:$E$13,"OK",'Conciliacion de compuestos'!$O$2:$O$13,A58))>0,"conciliado","por revisar")
A59: 69 | B59: 46030 | C59: angulo benavides yad | D59: 46400 | E59: =IF(G59="conciliado","conciliado",I59) | F59: =IF(SUM(COUNTIFS('Conciliacion de compuestos'!$D$2:$D$13,"conciliado",'Conciliacion de compuestos'!$E$2:$E$13,"OK",'Conciliacion de compuestos'!$M$2:$M$13,A59),COUNTIFS('Conciliacion de compuestos'!$D$2:$D$13,"conciliado",'Conciliacion de compuestos'!$E$2:$E$13,"OK",'Conciliacion de compuestos'!$N$2:$N$13,A59),COUNTIFS('Conciliacion de compuestos'!$D$2:$D$13,"conciliado",'Conciliacion de compuestos'!$E$2:$E$13,"OK",'Conciliacion de compuestos'!$O$2:$O$13,A59))>0,IFERROR(TEXTJOIN(CHAR(10),TRUE,FILTER('Conciliacion de compuestos'!$A$2:$A$13,('Conciliacion de compuestos'!$D$2:$D$13="conciliado")*('Conciliacion de compuestos'!$E$2:$E$13="OK")*((('Conciliacion de compuestos'!$M$2:$M$13=A59)+('Conciliacion de compuestos'!$N$2:$N$13=A59)+('Conciliacion de compuestos'!$O$2:$O$13=A59))>0))),""),"") | G59: =IF(I59="conciliado","conciliado","por revisar") | I59: =IF(SUM(COUNTIFS('Conciliacion de compuestos'!$D$2:$D$13,"conciliado",'Conciliacion de compuestos'!$E$2:$E$13,"OK",'Conciliacion de compuestos'!$M$2:$M$13,A59),COUNTIFS('Conciliacion de compuestos'!$D$2:$D$13,"conciliado",'Conciliacion de compuestos'!$E$2:$E$13,"OK",'Conciliacion de compuestos'!$N$2:$N$13,A59),COUNTIFS('Conciliacion de compuestos'!$D$2:$D$13,"conciliado",'Conciliacion de compuestos'!$E$2:$E$13,"OK",'Conciliacion de compuestos'!$O$2:$O$13,A59))>0,"conciliado","por revisar")
A60: 73 | B60: 46030 | C60: hurtado jhon noguera | D60: 63200 | E60: =IF(G60="conciliado","conciliado",I60) | F60: =IF(SUM(COUNTIFS('Conciliacion de compuestos'!$D$2:$D$13,"conciliado",'Conciliacion de compuestos'!$E$2:$E$13,"OK",'Conciliacion de compuestos'!$M$2:$M$13,A60),COUNTIFS('Conciliacion de compuestos'!$D$2:$D$13,"conciliado",'Conciliacion de compuestos'!$E$2:$E$13,"OK",'Conciliacion de compuestos'!$N$2:$N$13,A60),COUNTIFS('Conciliacion de compuestos'!$D$2:$D$13,"conciliado",'Conciliacion de compuestos'!$E$2:$E$13,"OK",'Conciliacion de compuestos'!$O$2:$O$13,A60))>0,IFERROR(TEXTJOIN(CHAR(10),TRUE,FILTER('Conciliacion de compuestos'!$A$2:$A$13,('Conciliacion de compuestos'!$D$2:$D$13="conciliado")*('Conciliacion de compuestos'!$E$2:$E$13="OK")*((('Conciliacion de compuestos'!$M$2:$M$13=A60)+('Conciliacion de compuestos'!$N$2:$N$13=A60)+('Conciliacion de compuestos'!$O$2:$O$13=A60))>0))),""),"") | G60: =IF(I60="conciliado","conciliado","por revisar") | I60: =IF(SUM(COUNTIFS('Conciliacion de compuestos'!$D$2:$D$13,"conciliado",'Conciliacion de compuestos'!$E$2:$E$13,"OK",'Conciliacion de compuestos'!$M$2:$M$13,A60),COUNTIFS('Conciliacion de compuestos'!$D$2:$D$13,"conciliado",'Conciliacion de compuestos'!$E$2:$E$13,"OK",'Conciliacion de compuestos'!$N$2:$N$13,A60),COUNTIFS('Conciliacion de compuestos'!$D$2:$D$13,"conciliado",'Conciliacion de compuestos'!$E$2:$E$13,"OK",'Conciliacion de compuestos'!$O$2:$O$13,A60))>0,"conciliado","por revisar")
A61: 68 | B61: 46030 | C61: lemus martinez pasto | D61: 31070 | E61: =IF(G61="conciliado","conciliado",I61) | F61: =IF(SUM(COUNTIFS('Conciliacion de compuestos'!$D$2:$D$13,"conciliado",'Conciliacion de compuestos'!$E$2:$E$13,"OK",'Conciliacion de compuestos'!$M$2:$M$13,A61),COUNTIFS('Conciliacion de compuestos'!$D$2:$D$13,"conciliado",'Conciliacion de compuestos'!$E$2:$E$13,"OK",'Conciliacion de compuestos'!$N$2:$N$13,A61),COUNTIFS('Conciliacion de compuestos'!$D$2:$D$13,"conciliado",'Conciliacion de compuestos'!$E$2:$E$13,"OK",'Conciliacion de compuestos'!$O$2:$O$13,A61))>0,IFERROR(TEXTJOIN(CHAR(10),TRUE,FILTER('Conciliacion de compuestos'!$A$2:$A$13,('Conciliacion de compuestos'!$D$2:$D$13="conciliado")*('Conciliacion de compuestos'!$E$2:$E$13="OK")*((('Conciliacion de compuestos'!$M$2:$M$13=A61)+('Conciliacion de compuestos'!$N$2:$N$13=A61)+('Conciliacion de compuestos'!$O$2:$O$13=A61))>0))),""),"") | G61: =IF(I61="conciliado","conciliado","por revisar") | I61: =IF(SUM(COUNTIFS('Conciliacion de compuestos'!$D$2:$D$13,"conciliado",'Conciliacion de compuestos'!$E$2:$E$13,"OK",'Conciliacion de compuestos'!$M$2:$M$13,A61),COUNTIFS('Conciliacion de compuestos'!$D$2:$D$13,"conciliado",'Conciliacion de compuestos'!$E$2:$E$13,"OK",'Conciliacion de compuestos'!$N$2:$N$13,A61),COUNTIFS('Conciliacion de compuestos'!$D$2:$D$13,"conciliado",'Conciliacion de compuestos'!$E$2:$E$13,"OK",'Conciliacion de compuestos'!$O$2:$O$13,A61))>0,"conciliado","por revisar")
... A67: 105 | B67: 46034 | C67: claudio eraso munoz | D67: 40700 | E67: =IF(G67="conciliado","conciliado",I67) | F67: =IF(SUM(COUNTIFS('Conciliacion de compuestos'!$D$2:$D$13,"conciliado",'Conciliacion de compuestos'!$E$2:$E$13,"OK",'Conciliacion de compuestos'!$M$2:$M$13,A67),COUNTIFS('Conciliacion de compuestos'!$D$2:$D$13,"conciliado",'Conciliacion de compuestos'!$E$2:$E$13,"OK",'Conciliacion de compuestos'!$N$2:$N$13,A67),COUNTIFS('Conciliacion de compuestos'!$D$2:$D$13,"conciliado",'Conciliacion de compuestos'!$E$2:$E$13,"OK",'Conciliacion de compuestos'!$O$2:$O$13,A67))>0,IFERROR(TEXTJOIN(CHAR(10),TRUE,FILTER('Conciliacion de compuestos'!$A$2:$A$13,('Conciliacion de compuestos'!$D$2:$D$13="conciliado")*('Conciliacion de compuestos'!$E$2:$E$13="OK")*((('Conciliacion de compuestos'!$M$2:$M$13=A67)+('Conciliacion de compuestos'!$N$2:$N$13=A67)+('Conciliacion de compuestos'!$O$2:$O$13=A67))>0))),""),"") | G67: =IF(I67="conciliado","conciliado","por revisar") | I67: =IF(SUM(COUNTIFS('Conciliacion de compuestos'!$D$2:$D$13,"conciliado",'Conciliacion de compuestos'!$E$2:$E$13,"OK",'Conciliacion de compuestos'!$M$2:$M$13,A67),COUNTIFS('Conciliacion de compuestos'!$D$2:$D$13,"conciliado",'Conciliacion de compuestos'!$E$2:$E$13,"OK",'Conciliacion de compuestos'!$N$2:$N$13,A67),COUNTIFS('Conciliacion de compuestos'!$D$2:$D$13,"conciliado",'Conciliacion de compuestos'!$E$2:$E$13,"OK",'Conciliacion de compuestos'!$O$2:$O$13,A67))>0,"conciliado","por revisar")
A68: 122 | B68: 46035 | C68: ciro gonzalez santos | D68: 20000 | E68: =IF(G68="conciliado","conciliado",I68) | F68: 670 | 2026-01-13 | 20,000 | consignacion credibanco d e | G68: =IF(I68="conciliado","conciliado","por revisar") | I68: conciliado
A69: 112 | B69: 46034 | C69: castaneda rodriguez | D69: 16800 | E69: =IF(G69="conciliado","conciliado",I69) | F69: =IF(SUM(COUNTIFS('Conciliacion de compuestos'!$D$2:$D$13,"conciliado",'Conciliacion de compuestos'!$E$2:$E$13,"OK",'Conciliacion de compuestos'!$M$2:$M$13,A69),COUNTIFS('Conciliacion de compuestos'!$D$2:$D$13,"conciliado",'Conciliacion de compuestos'!$E$2:$E$13,"OK",'Conciliacion de compuestos'!$N$2:$N$13,A69),COUNTIFS('Conciliacion de compuestos'!$D$2:$D$13,"conciliado",'Conciliacion de compuestos'!$E$2:$E$13,"OK",'Conciliacion de compuestos'!$O$2:$O$13,A69))>0,IFERROR(TEXTJOIN(CHAR(10),TRUE,FILTER('Conciliacion de compuestos'!$A$2:$A$13,('Conciliacion de compuestos'!$D$2:$D$13="conciliado")*('Conciliacion de compuestos'!$E$2:$E$13="OK")*((('Conciliacion de compuestos'!$M$2:$M$13=A69)+('Conciliacion de compuestos'!$N$2:$N$13=A69)+('Conciliacion de compuestos'!$O$2:$O$13=A69))>0))),""),"") | G69: =IF(I69="conciliado","conciliado","por revisar") | I69: =IF(SUM(COUNTIFS('Conciliacion de compuestos'!$D$2:$D$13,"conciliado",'Conciliacion de compuestos'!$E$2:$E$13,"OK",'Conciliacion de compuestos'!$M$2:$M$13,A69),COUNTIFS('Conciliacion de compuestos'!$D$2:$D$13,"conciliado",'Conciliacion de compuestos'!$E$2:$E$13,"OK",'Conciliacion de compuestos'!$N$2:$N$13,A69),COUNTIFS('Conciliacion de compuestos'!$D$2:$D$13,"conciliado",'Conciliacion de compuestos'!$E$2:$E$13,"OK",'Conciliacion de compuestos'!$O$2:$O$13,A69))>0,"conciliado","por revisar")
A70: 104 | B70: 46034 | C70: anyela diaz meneses | D70: 23100 | E70: =IF(G70="conciliado","conciliado",I70) | F70: =IF(SUM(COUNTIFS('Conciliacion de compuestos'!$D$2:$D$13,"conciliado",'Conciliacion de compuestos'!$E$2:$E$13,"OK",'Conciliacion de compuestos'!$M$2:$M$13,A70),COUNTIFS('Conciliacion de compuestos'!$D$2:$D$13,"conciliado",'Conciliacion de compuestos'!$E$2:$E$13,"OK",'Conciliacion de compuestos'!$N$2:$N$13,A70),COUNTIFS('Conciliacion de compuestos'!$D$2:$D$13,"conciliado",'Conciliacion de compuestos'!$E$2:$E$13,"OK",'Conciliacion de compuestos'!$O$2:$O$13,A70))>0,IFERROR(TEXTJOIN(CHAR(10),TRUE,FILTER('Conciliacion de compuestos'!$A$2:$A$13,('Conciliacion de compuestos'!$D$2:$D$13="conciliado")*('Conciliacion de compuestos'!$E$2:$E$13="OK")*((('Conciliacion de compuestos'!$M$2:$M$13=A70)+('Conciliacion de compuestos'!$N$2:$N$13=A70)+('Conciliacion de compuestos'!$O$2:$O$13=A70))>0))),""),"") | G70: =IF(I70="conciliado","conciliado","por revisar") | I70: =IF(SUM(COUNTIFS('Conciliacion de compuestos'!$D$2:$D$13,"conciliado",'Conciliacion de compuestos'!$E$2:$E$13,"OK",'Conciliacion de compuestos'!$M$2:$M$13,A70),COUNTIFS('Conciliacion de compuestos'!$D$2:$D$13,"conciliado",'Conciliacion de compuestos'!$E$2:$E$13,"OK",'Conciliacion de compuestos'!$N$2:$N$13,A70),COUNTIFS('Conciliacion de compuestos'!$D$2:$D$13,"conciliado",'Conciliacion de compuestos'!$E$2:$E$13,"OK",'Conciliacion de compuestos'!$O$2:$O$13,A70))>0,"conciliado","por revisar")
A71: 106 | B71: 46034 | C71: bastidas bolanos pao | D71: 24245 | E71: =IF(G71="conciliado","conciliado",I71) | F71: =IF(SUM(COUNTIFS('Conciliacion de compuestos'!$D$2:$D$13,"conciliado",'Conciliacion de compuestos'!$E$2:$E$13,"OK",'Conciliacion de compuestos'!$M$2:$M$13,A71),COUNTIFS('Conciliacion de compuestos'!$D$2:$D$13,"conciliado",'Conciliacion de compuestos'!$E$2:$E$13,"OK",'Conciliacion de compuestos'!$N$2:$N$13,A71),COUNTIFS('Conciliacion de compuestos'!$D$2:$D$13,"conciliado",'Conciliacion de compuestos'!$E$2:$E$13,"OK",'Conciliacion de compuestos'!$O$2:$O$13,A71))>0,IFERROR(TEXTJOIN(CHAR(10),TRUE,FILTER('Conciliacion de compuestos'!$A$2:$A$13,('Conciliacion de compuestos'!$D$2:$D$13="conciliado")*('Conciliacion de compuestos'!$E$2:$E$13="OK")*((('Conciliacion de compuestos'!$M$2:$M$13=A71)+('Conciliacion de compuestos'!$N$2:$N$13=A71)+('Conciliacion de compuestos'!$O$2:$O$13=A71))>0))),""),"") | G71: =IF(I71="conciliado","conciliado","por revisar") | I71: =IF(SUM(COUNTIFS('Conciliacion de compuestos'!$D$2:$D$13,"conciliado",'Conciliacion de compuestos'!$E$2:$E$13,"OK",'Conciliacion de compuestos'!$M$2:$M$13,A71),COUNTIFS('Conciliacion de compuestos'!$D$2:$D$13,"conciliado",'Conciliacion de compuestos'!$E$2:$E$13,"OK",'Conciliacion de compuestos'!$N$2:$N$13,A71),COUNTIFS('Conciliacion de compuestos'!$D$2:$D$13,"conciliado",'Conciliacion de compuestos'!$E$2:$E$13,"OK",'Conciliacion de compuestos'!$O$2:$O$13,A71))>0,"conciliado","por revisar")
A72: 108 | B72: 46034 | C72: dayan florez l reyes | D72: 81400 | E72: =IF(G72="conciliado","conciliado",I72) | F72: =IF(SUM(COUNTIFS('Conciliacion de compuestos'!$D$2:$D$13,"conciliado",'Conciliacion de compuestos'!$E$2:$E$13,"OK",'Conciliacion de compuestos'!$M$2:$M$13,A72),COUNTIFS('Conciliacion de compuestos'!$D$2:$D$13,"conciliado",'Conciliacion de compuestos'!$E$2:$E$13,"OK",'Conciliacion de compuestos'!$N$2:$N$13,A72),COUNTIFS('Conciliacion de compuestos'!$D$2:$D$13,"conciliado",'Conciliacion de compuestos'!$E$2:$E$13,"OK",'Conciliacion de compuestos'!$O$2:$O$13,A72))>0,IFERROR(TEXTJOIN(CHAR(10),TRUE,FILTER('Conciliacion de compuestos'!$A$2:$A$13,('Conciliacion de compuestos'!$D$2:$D$13="conciliado")*('Conciliacion de compuestos'!$E$2:$E$13="OK")*((('Conciliacion de compuestos'!$M$2:$M$13=A72)+('Conciliacion de compuestos'!$N$2:$N$13=A72)+('Conciliacion de compuestos'!$O$2:$O$13=A72))>0))),""),"") | G72: =IF(I72="conciliado","conciliado","por revisar") | I72: =IF(SUM(COUNTIFS('Conciliacion de compuestos'!$D$2:$D$13,"conciliado",'Conciliacion de compuestos'!$E$2:$E$13,"OK",'Conciliacion de compuestos'!$M$2:$M$13,A72),COUNTIFS('Conciliacion de compuestos'!$D$2:$D$13,"conciliado",'Conciliacion de compuestos'!$E$2:$E$13,"OK",'Conciliacion de compuestos'!$N$2:$N$13,A72),COUNTIFS('Conciliacion de compuestos'!$D$2:$D$13,"conciliado",'Conciliacion de compuestos'!$E$2:$E$13,"OK",'Conciliacion de compuestos'!$O$2:$O$13,A72))>0,"conciliado","por revisar")
A73: 110 | B73: 46034 | C73: al enriquez yaguapaz | D73: 35656 | E73: =IF(G73="conciliado","conciliado",I73) | F73: =IF(SUM(COUNTIFS('Conciliacion de compuestos'!$D$2:$D$13,"conciliado",'Conciliacion de compuestos'!$E$2:$E$13,"OK",'Conciliacion de compuestos'!$M$2:$M$13,A73),COUNTIFS('Conciliacion de compuestos'!$D$2:$D$13,"conciliado",'Conciliacion de compuestos'!$E$2:$E$13,"OK",'Conciliacion de compuestos'!$N$2:$N$13,A73),COUNTIFS('Conciliacion de compuestos'!$D$2:$D$13,"conciliado",'Conciliacion de compuestos'!$E$2:$E$13,"OK",'Conciliacion de compuestos'!$O$2:$O$13,A73))>0,IFERROR(TEXTJOIN(CHAR(10),TRUE,FILTER('Conciliacion de compuestos'!$A$2:$A$13,('Conciliacion de compuestos'!$D$2:$D$13="conciliado")*('Conciliacion de compuestos'!$E$2:$E$13="OK")*((('Conciliacion de compuestos'!$M$2:$M$13=A73)+('Conciliacion de compuestos'!$N$2:$N$13=A73)+('Conciliacion de compuestos'!$O$2:$O$13=A73))>0))),""),"") | G73: =IF(I73="conciliado","conciliado","por revisar") | I73: =IF(SUM(COUNTIFS('Conciliacion de compuestos'!$D$2:$D$13,"conciliado",'Conciliacion de compuestos'!$E$2:$E$13,"OK",'Conciliacion de compuestos'!$M$2:$M$13,A73),COUNTIFS('Conciliacion de compuestos'!$D$2:$D$13,"conciliado",'Conciliacion de compuestos'!$E$2:$E$13,"OK",'Conciliacion de compuestos'!$N$2:$N$13,A73),COUNTIFS('Conciliacion de compuestos'!$D$2:$D$13,"conciliado",'Conciliacion de compuestos'!$E$2:$E$13,"OK",'Conciliacion de compuestos'!$O$2:$O$13,A73))>0,"conciliado","por revisar")
A74: 82 | B74: 46031 | C74: alba arango meza pat | D74: 124100 | E74: =IF(G74="conciliado","conciliado",I74) | F74: =IF(SUM(COUNTIFS('Conciliacion de compuestos'!$D$2:$D$13,"conciliado",'Conciliacion de compuestos'!$E$2:$E$13,"OK",'Conciliacion de compuestos'!$M$2:$M$13,A74),COUNTIFS('Conciliacion de compuestos'!$D$2:$D$13,"conciliado",'Conciliacion de compuestos'!$E$2:$E$13,"OK",'Conciliacion de compuestos'!$N$2:$N$13,A74),COUNTIFS('Conciliacion de compuestos'!$D$2:$D$13,"conciliado",'Conciliacion de compuestos'!$E$2:$E$13,"OK",'Conciliacion de compuestos'!$O$2:$O$13,A74))>0,IFERROR(TEXTJOIN(CHAR(10),TRUE,FILTER('Conciliacion de compuestos'!$A$2:$A$13,('Conciliacion de compuestos'!$D$2:$D$13="conciliado")*('Conciliacion de compuestos'!$E$2:$E$13="OK")*((('Conciliacion de compuestos'!$M$2:$M$13=A74)+('Conciliacion de compuestos'!$N$2:$N$13=A74)+('Conciliacion de compuestos'!$O$2:$O$13=A74))>0))),""),"") | G74: =IF(I74="conciliado","conciliado","por revisar") | I74: =IF(SUM(COUNTIFS('Conciliacion de compuestos'!$D$2:$D$13,"conciliado",'Conciliacion de compuestos'!$E$2:$E$13,"OK",'Conciliacion de compuestos'!$M$2:$M$13,A74),COUNTIFS('Conciliacion de compuestos'!$D$2:$D$13,"conciliado",'Conciliacion de compuestos'!$E$2:$E$13,"OK",'Conciliacion de compuestos'!$N$2:$N$13,A74),COUNTIFS('Conciliacion de compuestos'!$D$2:$D$13,"conciliado",'Conciliacion de compuestos'!$E$2:$E$13,"OK",'Conciliacion de compuestos'!$O$2:$O$13,A74))>0,"conciliado","por revisar")
A75: 83 | B75: 46031 | C75: hoz la sanmiguel | D75: 44400 | E75: =IF(G75="conciliado","conciliado",I75) | F75: =IF(SUM(COUNTIFS('Conciliacion de compuestos'!$D$2:$D$13,"conciliado",'Conciliacion de compuestos'!$E$2:$E$13,"OK",'Conciliacion de compuestos'!$M$2:$M$13,A75),COUNTIFS('Conciliacion de compuestos'!$D$2:$D$13,"conciliado",'Conciliacion de compuestos'!$E$2:$E$13,"OK",'Conciliacion de compuestos'!$N$2:$N$13,A75),COUNTIFS('Conciliacion de compuestos'!$D$2:$D$13,"conciliado",'Conciliacion de compuestos'!$E$2:$E$13,"OK",'Conciliacion de compuestos'!$O$2:$O$13,A75))>0,IFERROR(TEXTJOIN(CHAR(10),TRUE,FILTER('Conciliacion de compuestos'!$A$2:$A$13,('Conciliacion de compuestos'!$D$2:$D$13="conciliado")*('Conciliacion de compuestos'!$E$2:$E$13="OK")*((('Conciliacion de compuestos'!$M$2:$M$13=A75)+('Conciliacion de compuestos'!$N$2:$N$13=A75)+('Conciliacion de compuestos'!$O$2:$O$13=A75))>0))),""),"") | G75: =IF(I75="conciliado","conciliado","por revisar") | I75: =IF(SUM(COUNTIFS('Conciliacion de compuestos'!$D$2:$D$13,"conciliado",'Conciliacion de compuestos'!$E$2:$E$13,"OK",'Conciliacion de compuestos'!$M$2:$M$13,A75),COUNTIFS('Conciliacion de compuestos'!$D$2:$D$13,"conciliado",'Conciliacion de compuestos'!$E$2:$E$13,"OK",'Conciliacion de compuestos'!$N$2:$N$13,A75),COUNTIFS('Conciliacion de compuestos'!$D$2:$D$13,"conciliado",'Conciliacion de compuestos'!$E$2:$E$13,"OK",'Conciliacion de compuestos'!$O$2:$O$13,A75))>0,"conciliado","por revisar")
A76: 85 | B76: 46031 | C76: bl castano tuberquia | D76: 100200 | E76: =IF(G76="conciliado","conciliado",I76) | F76: =IF(SUM(COUNTIFS('Conciliacion de compuestos'!$D$2:$D$13,"conciliado",'Conciliacion de compuestos'!$E$2:$E$13,"OK",'Conciliacion de compuestos'!$M$2:$M$13,A76),COUNTIFS('Conciliacion de compuestos'!$D$2:$D$13,"conciliado",'Conciliacion de compuestos'!$E$2:$E$13,"OK",'Conciliacion de compuestos'!$N$2:$N$13,A76),COUNTIFS('Conciliacion de compuestos'!$D$2:$D$13,"conciliado",'Conciliacion de compuestos'!$E$2:$E$13,"OK",'Conciliacion de compuestos'!$O$2:$O$13,A76))>0,IFERROR(TEXTJOIN(CHAR(10),TRUE,FILTER('Conciliacion de compuestos'!$A$2:$A$13,('Conciliacion de compuestos'!$D$2:$D$13="conciliado")*('Conciliacion de compuestos'!$E$2:$E$13="OK")*((('Conciliacion de compuestos'!$M$2:$M$13=A76)+('Conciliacion de compuestos'!$N$2:$N$13=A76)+('Conciliacion de compuestos'!$O$2:$O$13=A76))>0))),""),"") | G76: =IF(I76="conciliado","conciliado","por revisar") | I76: =IF(SUM(COUNTIFS('Conciliacion de compuestos'!$D$2:$D$13,"conciliado",'Conciliacion de compuestos'!$E$2:$E$13,"OK",'Conciliacion de compuestos'!$M$2:$M$13,A76),COUNTIFS('Conciliacion de compuestos'!$D$2:$D$13,"conciliado",'Conciliacion de compuestos'!$E$2:$E$13,"OK",'Conciliacion de compuestos'!$N$2:$N$13,A76),COUNTIFS('Conciliacion de compuestos'!$D$2:$D$13,"conciliado",'Conciliacion de compuestos'!$E$2:$E$13,"OK",'Conciliacion de compuestos'!$O$2:$O$13,A76))>0,"conciliado","por revisar")
A77: 90 | B77: 46032 | C77: arango mario meza | D77: 222700 | E77: =IF(G77="conciliado","conciliado",I77) | F77: =IF(SUM(COUNTIFS('Conciliacion de compuestos'!$D$2:$D$13,"conciliado",'Conciliacion de compuestos'!$E$2:$E$13,"OK",'Conciliacion de compuestos'!$M$2:$M$13,A77),COUNTIFS('Conciliacion de compuestos'!$D$2:$D$13,"conciliado",'Conciliacion de compuestos'!$E$2:$E$13,"OK",'Conciliacion de compuestos'!$N$2:$N$13,A77),COUNTIFS('Conciliacion de compuestos'!$D$2:$D$13,"conciliado",'Conciliacion de compuestos'!$E$2:$E$13,"OK",'Conciliacion de compuestos'!$O$2:$O$13,A77))>0,IFERROR(TEXTJOIN(CHAR(10),TRUE,FILTER('Conciliacion de compuestos'!$A$2:$A$13,('Conciliacion de compuestos'!$D$2:$D$13="conciliado")*('Conciliacion de compuestos'!$E$2:$E$13="OK")*((('Conciliacion de compuestos'!$M$2:$M$13=A77)+('Conciliacion de compuestos'!$N$2:$N$13=A77)+('Conciliacion de compuestos'!$O$2:$O$13=A77))>0))),""),"") | G77: =IF(I77="conciliado","conciliado","por revisar") | I77: =IF(SUM(COUNTIFS('Conciliacion de compuestos'!$D$2:$D$13,"conciliado",'Conciliacion de compuestos'!$E$2:$E$13,"OK",'Conciliacion de compuestos'!$M$2:$M$13,A77),COUNTIFS('Conciliacion de compuestos'!$D$2:$D$13,"conciliado",'Conciliacion de compuestos'!$E$2:$E$13,"OK",'Conciliacion de compuestos'!$N$2:$N$13,A77),COUNTIFS('Conciliacion de compuestos'!$D$2:$D$13,"conciliado",'Conciliacion de compuestos'!$E$2:$E$13,"OK",'Conciliacion de compuestos'!$O$2:$O$13,A77))>0,"conciliado","por revisar")
A78: 96 | B78: 46032 | C78: maria prado salazar | D78: 83200 | E78: =IF(G78="conciliado","conciliado",I78) | F78: =IF(SUM(COUNTIFS('Conciliacion de compuestos'!$D$2:$D$13,"conciliado",'Conciliacion de compuestos'!$E$2:$E$13,"OK",'Conciliacion de compuestos'!$M$2:$M$13,A78),COUNTIFS('Conciliacion de compuestos'!$D$2:$D$13,"conciliado",'Conciliacion de compuestos'!$E$2:$E$13,"OK",'Conciliacion de compuestos'!$N$2:$N$13,A78),COUNTIFS('Conciliacion de compuestos'!$D$2:$D$13,"conciliado",'Conciliacion de compuestos'!$E$2:$E$13,"OK",'Conciliacion de compuestos'!$O$2:$O$13,A78))>0,IFERROR(TEXTJOIN(CHAR(10),TRUE,FILTER('Conciliacion de compuestos'!$A$2:$A$13,('Conciliacion de compuestos'!$D$2:$D$13="conciliado")*('Conciliacion de compuestos'!$E$2:$E$13="OK")*((('Conciliacion de compuestos'!$M$2:$M$13=A78)+('Conciliacion de compuestos'!$N$2:$N$13=A78)+('Conciliacion de compuestos'!$O$2:$O$13=A78))>0))),""),"") | G78: =IF(I78="conciliado","conciliado","por revisar") | I78: =IF(SUM(COUNTIFS('Conciliacion de compuestos'!$D$2:$D$13,"conciliado",'Conciliacion de compuestos'!$E$2:$E$13,"OK",'Conciliacion de compuestos'!$M$2:$M$13,A78),COUNTIFS('Conciliacion de compuestos'!$D$2:$D$13,"conciliado",'Conciliacion de compuestos'!$E$2:$E$13,"OK",'Conciliacion de compuestos'!$N$2:$N$13,A78),COUNTIFS('Conciliacion de compuestos'!$D$2:$D$13,"conciliado",'Conciliacion de compuestos'!$E$2:$E$13,"OK",'Conciliacion de compuestos'!$O$2:$O$13,A78))>0,"conciliado","por revisar")
A79: 102 | B79: 46032 | C79: anggie mosquera | D79: 103100 | E79: =IF(G79="conciliado","conciliado",I79) | F79: =IF(SUM(COUNTIFS('Conciliacion de compuestos'!$D$2:$D$13,"conciliado",'Conciliacion de compuestos'!$E$2:$E$13,"OK",'Conciliacion de compuestos'!$M$2:$M$13,A79),COUNTIFS('Conciliacion de compuestos'!$D$2:$D$13,"conciliado",'Conciliacion de compuestos'!$E$2:$E$13,"OK",'Conciliacion de compuestos'!$N$2:$N$13,A79),COUNTIFS('Conciliacion de compuestos'!$D$2:$D$13,"conciliado",'Conciliacion de compuestos'!$E$2:$E$13,"OK",'Conciliacion de compuestos'!$O$2:$O$13,A79))>0,IFERROR(TEXTJOIN(CHAR(10),TRUE,FILTER('Conciliacion de compuestos'!$A$2:$A$13,('Conciliacion de compuestos'!$D$2:$D$13="conciliado")*('Conciliacion de compuestos'!$E$2:$E$13="OK")*((('Conciliacion de compuestos'!$M$2:$M$13=A79)+('Conciliacion de compuestos'!$N$2:$N$13=A79)+('Conciliacion de compuestos'!$O$2:$O$13=A79))>0))),""),"") | G79: =IF(I79="conciliado","conciliado","por revisar") | I79: =IF(SUM(COUNTIFS('Conciliacion de compuestos'!$D$2:$D$13,"conciliado",'Conciliacion de compuestos'!$E$2:$E$13,"OK",'Conciliacion de compuestos'!$M$2:$M$13,A79),COUNTIFS('Conciliacion de compuestos'!$D$2:$D$13,"conciliado",'Conciliacion de compuestos'!$E$2:$E$13,"OK",'Conciliacion de compuestos'!$N$2:$N$13,A79),COUNTIFS('Conciliacion de compuestos'!$D$2:$D$13,"conciliado",'Conciliacion de compuestos'!$E$2:$E$13,"OK",'Conciliacion de compuestos'!$O$2:$O$13,A79))>0,"conciliado","por revisar")
A80: 97 | B80: 46032 | C80: leon r sandra zamora | D80: 475100 | E80: =IF(G80="conciliado","conciliado",I80) | F80: =IF(SUM(COUNTIFS('Conciliacion de compuestos'!$D$2:$D$13,"conciliado",'Conciliacion de compuestos'!$E$2:$E$13,"OK",'Conciliacion de compuestos'!$M$2:$M$13,A80),COUNTIFS('Conciliacion de compuestos'!$D$2:$D$13,"conciliado",'Conciliacion de compuestos'!$E$2:$E$13,"OK",'Conciliacion de compuestos'!$N$2:$N$13,A80),COUNTIFS('Conciliacion de compuestos'!$D$2:$D$13,"conciliado",'Conciliacion de compuestos'!$E$2:$E$13,"OK",'Conciliacion de compuestos'!$O$2:$O$13,A80))>0,IFERROR(TEXTJOIN(CHAR(10),TRUE,FILTER('Conciliacion de compuestos'!$A$2:$A$13,('Conciliacion de compuestos'!$D$2:$D$13="conciliado")*('Conciliacion de compuestos'!$E$2:$E$13="OK")*((('Conciliacion de compuestos'!$M$2:$M$13=A80)+('Conciliacion de compuestos'!$N$2:$N$13=A80)+('Conciliacion de compuestos'!$O$2:$O$13=A80))>0))),""),"") | G80: =IF(I80="conciliado","conciliado","por revisar") | I80: =IF(SUM(COUNTIFS('Conciliacion de compuestos'!$D$2:$D$13,"conciliado",'Conciliacion de compuestos'!$E$2:$E$13,"OK",'Conciliacion de compuestos'!$M$2:$M$13,A80),COUNTIFS('Conciliacion de compuestos'!$D$2:$D$13,"conciliado",'Conciliacion de compuestos'!$E$2:$E$13,"OK",'Conciliacion de compuestos'!$N$2:$N$13,A80),COUNTIFS('Conciliacion de compuestos'!$D$2:$D$13,"conciliado",'Conciliacion de compuestos'!$E$2:$E$13,"OK",'Conciliacion de compuestos'!$O$2:$O$13,A80))>0,"conciliado","por revisar")
... A87: 91 | B87: 46032 | C87: arias fabia portilla | D87: 91500 | E87: =IF(G87="conciliado","conciliado",I87) | F87: =IF(SUM(COUNTIFS('Conciliacion de compuestos'!$D$2:$D$13,"conciliado",'Conciliacion de compuestos'!$E$2:$E$13,"OK",'Conciliacion de compuestos'!$M$2:$M$13,A87),COUNTIFS('Conciliacion de compuestos'!$D$2:$D$13,"conciliado",'Conciliacion de compuestos'!$E$2:$E$13,"OK",'Conciliacion de compuestos'!$N$2:$N$13,A87),COUNTIFS('Conciliacion de compuestos'!$D$2:$D$13,"conciliado",'Conciliacion de compuestos'!$E$2:$E$13,"OK",'Conciliacion de compuestos'!$O$2:$O$13,A87))>0,IFERROR(TEXTJOIN(CHAR(10),TRUE,FILTER('Conciliacion de compuestos'!$A$2:$A$13,('Conciliacion de compuestos'!$D$2:$D$13="conciliado")*('Conciliacion de compuestos'!$E$2:$E$13="OK")*((('Conciliacion de compuestos'!$M$2:$M$13=A87)+('Conciliacion de compuestos'!$N$2:$N$13=A87)+('Conciliacion de compuestos'!$O$2:$O$13=A87))>0))),""),"") | G87: =IF(I87="conciliado","conciliado","por revisar") | I87: =IF(SUM(COUNTIFS('Conciliacion de compuestos'!$D$2:$D$13,"conciliado",'Conciliacion de compuestos'!$E$2:$E$13,"OK",'Conciliacion de compuestos'!$M$2:$M$13,A87),COUNTIFS('Conciliacion de compuestos'!$D$2:$D$13,"conciliado",'Conciliacion de compuestos'!$E$2:$E$13,"OK",'Conciliacion de compuestos'!$N$2:$N$13,A87),COUNTIFS('Conciliacion de compuestos'!$D$2:$D$13,"conciliado",'Conciliacion de compuestos'!$E$2:$E$13,"OK",'Conciliacion de compuestos'!$O$2:$O$13,A87))>0,"conciliado","por revisar")
A88: 136 | B88: 46036 | C88: fran guanga omar pai | D88: 20000 | E88: =IF(G88="conciliado","conciliado",I88) | F88: 835 | 2026-01-14 | 20,000 | consignacion credibanco d e | G88: =IF(I88="conciliado","conciliado","por revisar") | I88: conciliado
A89: 123 | B89: 46035 | C89: arara canchala dolor | D89: 110724 | E89: =IF(G89="conciliado","conciliado",I89) | F89: =IF(SUM(COUNTIFS('Conciliacion de compuestos'!$D$2:$D$13,"conciliado",'Conciliacion de compuestos'!$E$2:$E$13,"OK",'Conciliacion de compuestos'!$M$2:$M$13,A89),COUNTIFS('Conciliacion de compuestos'!$D$2:$D$13,"conciliado",'Conciliacion de compuestos'!$E$2:$E$13,"OK",'Conciliacion de compuestos'!$N$2:$N$13,A89),COUNTIFS('Conciliacion de compuestos'!$D$2:$D$13,"conciliado",'Conciliacion de compuestos'!$E$2:$E$13,"OK",'Conciliacion de compuestos'!$O$2:$O$13,A89))>0,IFERROR(TEXTJOIN(CHAR(10),TRUE,FILTER('Conciliacion de compuestos'!$A$2:$A$13,('Conciliacion de compuestos'!$D$2:$D$13="conciliado")*('Conciliacion de compuestos'!$E$2:$E$13="OK")*((('Conciliacion de compuestos'!$M$2:$M$13=A89)+('Conciliacion de compuestos'!$N$2:$N$13=A89)+('Conciliacion de compuestos'!$O$2:$O$13=A89))>0))),""),"") | G89: =IF(I89="conciliado","conciliado","por revisar") | I89: =IF(SUM(COUNTIFS('Conciliacion de compuestos'!$D$2:$D$13,"conciliado",'Conciliacion de compuestos'!$E$2:$E$13,"OK",'Conciliacion de compuestos'!$M$2:$M$13,A89),COUNTIFS('Conciliacion de compuestos'!$D$2:$D$13,"conciliado",'Conciliacion de compuestos'!$E$2:$E$13,"OK",'Conciliacion de compuestos'!$N$2:$N$13,A89),COUNTIFS('Conciliacion de compuestos'!$D$2:$D$13,"conciliado",'Conciliacion de compuestos'!$E$2:$E$13,"OK",'Conciliacion de compuestos'!$O$2:$O$13,A89))>0,"conciliado","por revisar")
A90: 115 | B90: 46035 | C90: marquez nanc narvaez | D90: 29100 | E90: =IF(G90="conciliado","conciliado",I90) | F90: =IF(SUM(COUNTIFS('Conciliacion de compuestos'!$D$2:$D$13,"conciliado",'Conciliacion de compuestos'!$E$2:$E$13,"OK",'Conciliacion de compuestos'!$M$2:$M$13,A90),COUNTIFS('Conciliacion de compuestos'!$D$2:$D$13,"conciliado",'Conciliacion de compuestos'!$E$2:$E$13,"OK",'Conciliacion de compuestos'!$N$2:$N$13,A90),COUNTIFS('Conciliacion de compuestos'!$D$2:$D$13,"conciliado",'Conciliacion de compuestos'!$E$2:$E$13,"OK",'Conciliacion de compuestos'!$O$2:$O$13,A90))>0,IFERROR(TEXTJOIN(CHAR(10),TRUE,FILTER('Conciliacion de compuestos'!$A$2:$A$13,('Conciliacion de compuestos'!$D$2:$D$13="conciliado")*('Conciliacion de compuestos'!$E$2:$E$13="OK")*((('Conciliacion de compuestos'!$M$2:$M$13=A90)+('Conciliacion de compuestos'!$N$2:$N$13=A90)+('Conciliacion de compuestos'!$O$2:$O$13=A90))>0))),""),"") | G90: =IF(I90="conciliado","conciliado","por revisar") | I90: =IF(SUM(COUNTIFS('Conciliacion de compuestos'!$D$2:$D$13,"conciliado",'Conciliacion de compuestos'!$E$2:$E$13,"OK",'Conciliacion de compuestos'!$M$2:$M$13,A90),COUNTIFS('Conciliacion de compuestos'!$D$2:$D$13,"conciliado",'Conciliacion de compuestos'!$E$2:$E$13,"OK",'Conciliacion de compuestos'!$N$2:$N$13,A90),COUNTIFS('Conciliacion de compuestos'!$D$2:$D$13,"conciliado",'Conciliacion de compuestos'!$E$2:$E$13,"OK",'Conciliacion de compuestos'!$O$2:$O$13,A90))>0,"conciliado","por revisar")
A91: 125 | B91: 46035 | C91: al daira lopez trejo | D91: 73400 | E91: =IF(G91="conciliado","conciliado",I91) | F91: =IF(SUM(COUNTIFS('Conciliacion de compuestos'!$D$2:$D$13,"conciliado",'Conciliacion de compuestos'!$E$2:$E$13,"OK",'Conciliacion de compuestos'!$M$2:$M$13,A91),COUNTIFS('Conciliacion de compuestos'!$D$2:$D$13,"conciliado",'Conciliacion de compuestos'!$E$2:$E$13,"OK",'Conciliacion de compuestos'!$N$2:$N$13,A91),COUNTIFS('Conciliacion de compuestos'!$D$2:$D$13,"conciliado",'Conciliacion de compuestos'!$E$2:$E$13,"OK",'Conciliacion de compuestos'!$O$2:$O$13,A91))>0,IFERROR(TEXTJOIN(CHAR(10),TRUE,FILTER('Conciliacion de compuestos'!$A$2:$A$13,('Conciliacion de compuestos'!$D$2:$D$13="conciliado")*('Conciliacion de compuestos'!$E$2:$E$13="OK")*((('Conciliacion de compuestos'!$M$2:$M$13=A91)+('Conciliacion de compuestos'!$N$2:$N$13=A91)+('Conciliacion de compuestos'!$O$2:$O$13=A91))>0))),""),"") | G91: =IF(I91="conciliado","conciliado","por revisar") | I91: =IF(SUM(COUNTIFS('Conciliacion de compuestos'!$D$2:$D$13,"conciliado",'Conciliacion de compuestos'!$E$2:$E$13,"OK",'Conciliacion de compuestos'!$M$2:$M$13,A91),COUNTIFS('Conciliacion de compuestos'!$D$2:$D$13,"conciliado",'Conciliacion de compuestos'!$E$2:$E$13,"OK",'Conciliacion de compuestos'!$N$2:$N$13,A91),COUNTIFS('Conciliacion de compuestos'!$D$2:$D$13,"conciliado",'Conciliacion de compuestos'!$E$2:$E$13,"OK",'Conciliacion de compuestos'!$O$2:$O$13,A91))>0,"conciliado","por revisar")
A92: 117 | B92: 46035 | C92: luci martinez rosero | D92: 81200 | E92: =IF(G92="conciliado","conciliado",I92) | F92: =IF(SUM(COUNTIFS('Conciliacion de compuestos'!$D$2:$D$13,"conciliado",'Conciliacion de compuestos'!$E$2:$E$13,"OK",'Conciliacion de compuestos'!$M$2:$M$13,A92),COUNTIFS('Conciliacion de compuestos'!$D$2:$D$13,"conciliado",'Conciliacion de compuestos'!$E$2:$E$13,"OK",'Conciliacion de compuestos'!$N$2:$N$13,A92),COUNTIFS('Conciliacion de compuestos'!$D$2:$D$13,"conciliado",'Conciliacion de compuestos'!$E$2:$E$13,"OK",'Conciliacion de compuestos'!$O$2:$O$13,A92))>0,IFERROR(TEXTJOIN(CHAR(10),TRUE,FILTER('Conciliacion de compuestos'!$A$2:$A$13,('Conciliacion de compuestos'!$D$2:$D$13="conciliado")*('Conciliacion de compuestos'!$E$2:$E$13="OK")*((('Conciliacion de compuestos'!$M$2:$M$13=A92)+('Conciliacion de compuestos'!$N$2:$N$13=A92)+('Conciliacion de compuestos'!$O$2:$O$13=A92))>0))),""),"") | G92: =IF(I92="conciliado","conciliado","por revisar") | I92: =IF(SUM(COUNTIFS('Conciliacion de compuestos'!$D$2:$D$13,"conciliado",'Conciliacion de compuestos'!$E$2:$E$13,"OK",'Conciliacion de compuestos'!$M$2:$M$13,A92),COUNTIFS('Conciliacion de compuestos'!$D$2:$D$13,"conciliado",'Conciliacion de compuestos'!$E$2:$E$13,"OK",'Conciliacion de compuestos'!$N$2:$N$13,A92),COUNTIFS('Conciliacion de compuestos'!$D$2:$D$13,"conciliado",'Conciliacion de compuestos'!$E$2:$E$13,"OK",'Conciliacion de compuestos'!$O$2:$O$13,A92))>0,"conciliado","por revisar")
A93: 124 | B93: 46035 | C93: josef munoz zambrano | D93: 24100 | E93: =IF(G93="conciliado","conciliado",I93) | F93: =IF(SUM(COUNTIFS('Conciliacion de compuestos'!$D$2:$D$13,"conciliado",'Conciliacion de compuestos'!$E$2:$E$13,"OK",'Conciliacion de compuestos'!$M$2:$M$13,A93),COUNTIFS('Conciliacion de compuestos'!$D$2:$D$13,"conciliado",'Conciliacion de compuestos'!$E$2:$E$13,"OK",'Conciliacion de compuestos'!$N$2:$N$13,A93),COUNTIFS('Conciliacion de compuestos'!$D$2:$D$13,"conciliado",'Conciliacion de compuestos'!$E$2:$E$13,"OK",'Conciliacion de compuestos'!$O$2:$O$13,A93))>0,IFERROR(TEXTJOIN(CHAR(10),TRUE,FILTER('Conciliacion de compuestos'!$A$2:$A$13,('Conciliacion de compuestos'!$D$2:$D$13="conciliado")*('Conciliacion de compuestos'!$E$2:$E$13="OK")*((('Conciliacion de compuestos'!$M$2:$M$13=A93)+('Conciliacion de compuestos'!$N$2:$N$13=A93)+('Conciliacion de compuestos'!$O$2:$O$13=A93))>0))),""),"") | G93: =IF(I93="conciliado","conciliado","por revisar") | I93: =IF(SUM(COUNTIFS('Conciliacion de compuestos'!$D$2:$D$13,"conciliado",'Conciliacion de compuestos'!$E$2:$E$13,"OK",'Conciliacion de compuestos'!$M$2:$M$13,A93),COUNTIFS('Conciliacion de compuestos'!$D$2:$D$13,"conciliado",'Conciliacion de compuestos'!$E$2:$E$13,"OK",'Conciliacion de compuestos'!$N$2:$N$13,A93),COUNTIFS('Conciliacion de compuestos'!$D$2:$D$13,"conciliado",'Conciliacion de compuestos'!$E$2:$E$13,"OK",'Conciliacion de compuestos'!$O$2:$O$13,A93))>0,"conciliado","por revisar")
A94: 126 | B94: 46035 | C94: alexa garcia varela | D94: 87100 | E94: =IF(G94="conciliado","conciliado",I94) | F94: =IF(SUM(COUNTIFS('Conciliacion de compuestos'!$D$2:$D$13,"conciliado",'Conciliacion de compuestos'!$E$2:$E$13,"OK",'Conciliacion de compuestos'!$M$2:$M$13,A94),COUNTIFS('Conciliacion de compuestos'!$D$2:$D$13,"conciliado",'Conciliacion de compuestos'!$E$2:$E$13,"OK",'Conciliacion de compuestos'!$N$2:$N$13,A94),COUNTIFS('Conciliacion de compuestos'!$D$2:$D$13,"conciliado",'Conciliacion de compuestos'!$E$2:$E$13,"OK",'Conciliacion de compuestos'!$O$2:$O$13,A94))>0,IFERROR(TEXTJOIN(CHAR(10),TRUE,FILTER('Conciliacion de compuestos'!$A$2:$A$13,('Conciliacion de compuestos'!$D$2:$D$13="conciliado")*('Conciliacion de compuestos'!$E$2:$E$13="OK")*((('Conciliacion de compuestos'!$M$2:$M$13=A94)+('Conciliacion de compuestos'!$N$2:$N$13=A94)+('Conciliacion de compuestos'!$O$2:$O$13=A94))>0))),""),"") | G94: =IF(I94="conciliado","conciliado","por revisar") | I94: =IF(SUM(COUNTIFS('Conciliacion de compuestos'!$D$2:$D$13,"conciliado",'Conciliacion de compuestos'!$E$2:$E$13,"OK",'Conciliacion de compuestos'!$M$2:$M$13,A94),COUNTIFS('Conciliacion de compuestos'!$D$2:$D$13,"conciliado",'Conciliacion de compuestos'!$E$2:$E$13,"OK",'Conciliacion de compuestos'!$N$2:$N$13,A94),COUNTIFS('Conciliacion de compuestos'!$D$2:$D$13,"conciliado",'Conciliacion de compuestos'!$E$2:$E$13,"OK",'Conciliacion de compuestos'!$O$2:$O$13,A94))>0,"conciliado","por revisar")
A95: 121 | B95: 46035 | C95: gomez montenegro san | D95: 38600 | E95: =IF(G95="conciliado","conciliado",I95) | F95: =IF(SUM(COUNTIFS('Conciliacion de compuestos'!$D$2:$D$13,"conciliado",'Conciliacion de compuestos'!$E$2:$E$13,"OK",'Conciliacion de compuestos'!$M$2:$M$13,A95),COUNTIFS('Conciliacion de compuestos'!$D$2:$D$13,"conciliado",'Conciliacion de compuestos'!$E$2:$E$13,"OK",'Conciliacion de compuestos'!$N$2:$N$13,A95),COUNTIFS('Conciliacion de compuestos'!$D$2:$D$13,"conciliado",'Conciliacion de compuestos'!$E$2:$E$13,"OK",'Conciliacion de compuestos'!$O$2:$O$13,A95))>0,IFERROR(TEXTJOIN(CHAR(10),TRUE,FILTER('Conciliacion de compuestos'!$A$2:$A$13,('Conciliacion de compuestos'!$D$2:$D$13="conciliado")*('Conciliacion de compuestos'!$E$2:$E$13="OK")*((('Conciliacion de compuestos'!$M$2:$M$13=A95)+('Conciliacion de compuestos'!$N$2:$N$13=A95)+('Conciliacion de compuestos'!$O$2:$O$13=A95))>0))),""),"") | G95: =IF(I95="conciliado","conciliado","por revisar") | I95: =IF(SUM(COUNTIFS('Conciliacion de compuestos'!$D$2:$D$13,"conciliado",'Conciliacion de compuestos'!$E$2:$E$13,"OK",'Conciliacion de compuestos'!$M$2:$M$13,A95),COUNTIFS('Conciliacion de compuestos'!$D$2:$D$13,"conciliado",'Conciliacion de compuestos'!$E$2:$E$13,"OK",'Conciliacion de compuestos'!$N$2:$N$13,A95),COUNTIFS('Conciliacion de compuestos'!$D$2:$D$13,"conciliado",'Conciliacion de compuestos'!$E$2:$E$13,"OK",'Conciliacion de compuestos'!$O$2:$O$13,A95))>0,"conciliado","por revisar")
A96: 119 | B96: 46035 | C96: buelvas diaz jose mi | D96: 66300 | E96: =IF(G96="conciliado","conciliado",I96) | F96: =IF(SUM(COUNTIFS('Conciliacion de compuestos'!$D$2:$D$13,"conciliado",'Conciliacion de compuestos'!$E$2:$E$13,"OK",'Conciliacion de compuestos'!$M$2:$M$13,A96),COUNTIFS('Conciliacion de compuestos'!$D$2:$D$13,"conciliado",'Conciliacion de compuestos'!$E$2:$E$13,"OK",'Conciliacion de compuestos'!$N$2:$N$13,A96),COUNTIFS('Conciliacion de compuestos'!$D$2:$D$13,"conciliado",'Conciliacion de compuestos'!$E$2:$E$13,"OK",'Conciliacion de compuestos'!$O$2:$O$13,A96))>0,IFERROR(TEXTJOIN(CHAR(10),TRUE,FILTER('Conciliacion de compuestos'!$A$2:$A$13,('Conciliacion de compuestos'!$D$2:$D$13="conciliado")*('Conciliacion de compuestos'!$E$2:$E$13="OK")*((('Conciliacion de compuestos'!$M$2:$M$13=A96)+('Conciliacion de compuestos'!$N$2:$N$13=A96)+('Conciliacion de compuestos'!$O$2:$O$13=A96))>0))),""),"") | G96: =IF(I96="conciliado","conciliado","por revisar") | I96: =IF(SUM(COUNTIFS('Conciliacion de compuestos'!$D$2:$D$13,"conciliado",'Conciliacion de compuestos'!$E$2:$E$13,"OK",'Conciliacion de compuestos'!$M$2:$M$13,A96),COUNTIFS('Conciliacion de compuestos'!$D$2:$D$13,"conciliado",'Conciliacion de compuestos'!$E$2:$E$13,"OK",'Conciliacion de compuestos'!$N$2:$N$13,A96),COUNTIFS('Conciliacion de compuestos'!$D$2:$D$13,"conciliado",'Conciliacion de compuestos'!$E$2:$E$13,"OK",'Conciliacion de compuestos'!$O$2:$O$13,A96))>0,"conciliado","por revisar")
A97: 116 | B97: 46035 | C97: giraldo hoyos welker | D97: 42100 | E97: =IF(G97="conciliado","conciliado",I97) | F97: =IF(SUM(COUNTIFS('Conciliacion de compuestos'!$D$2:$D$13,"conciliado",'Conciliacion de compuestos'!$E$2:$E$13,"OK",'Conciliacion de compuestos'!$M$2:$M$13,A97),COUNTIFS('Conciliacion de compuestos'!$D$2:$D$13,"conciliado",'Conciliacion de compuestos'!$E$2:$E$13,"OK",'Conciliacion de compuestos'!$N$2:$N$13,A97),COUNTIFS('Conciliacion de compuestos'!$D$2:$D$13,"conciliado",'Conciliacion de compuestos'!$E$2:$E$13,"OK",'Conciliacion de compuestos'!$O$2:$O$13,A97))>0,IFERROR(TEXTJOIN(CHAR(10),TRUE,FILTER('Conciliacion de compuestos'!$A$2:$A$13,('Conciliacion de compuestos'!$D$2:$D$13="conciliado")*('Conciliacion de compuestos'!$E$2:$E$13="OK")*((('Conciliacion de compuestos'!$M$2:$M$13=A97)+('Conciliacion de compuestos'!$N$2:$N$13=A97)+('Conciliacion de compuestos'!$O$2:$O$13=A97))>0))),""),"") | G97: =IF(I97="conciliado","conciliado","por revisar") | I97: =IF(SUM(COUNTIFS('Conciliacion de compuestos'!$D$2:$D$13,"conciliado",'Conciliacion de compuestos'!$E$2:$E$13,"OK",'Conciliacion de compuestos'!$M$2:$M$13,A97),COUNTIFS('Conciliacion de compuestos'!$D$2:$D$13,"conciliado",'Conciliacion de compuestos'!$E$2:$E$13,"OK",'Conciliacion de compuestos'!$N$2:$N$13,A97),COUNTIFS('Conciliacion de compuestos'!$D$2:$D$13,"conciliado",'Conciliacion de compuestos'!$E$2:$E$13,"OK",'Conciliacion de compuestos'!$O$2:$O$13,A97))>0,"conciliado","por revisar")
A98: 134 | B98: 46036 | C98: cisneros edwi norena | D98: 67000 | E98: =IF(G98="conciliado","conciliado",I98) | F98: =IF(SUM(COUNTIFS('Conciliacion de compuestos'!$D$2:$D$13,"conciliado",'Conciliacion de compuestos'!$E$2:$E$13,"OK",'Conciliacion de compuestos'!$M$2:$M$13,A98),COUNTIFS('Conciliacion de compuestos'!$D$2:$D$13,"conciliado",'Conciliacion de compuestos'!$E$2:$E$13,"OK",'Conciliacion de compuestos'!$N$2:$N$13,A98),COUNTIFS('Conciliacion de compuestos'!$D$2:$D$13,"conciliado",'Conciliacion de compuestos'!$E$2:$E$13,"OK",'Conciliacion de compuestos'!$O$2:$O$13,A98))>0,IFERROR(TEXTJOIN(CHAR(10),TRUE,FILTER('Conciliacion de compuestos'!$A$2:$A$13,('Conciliacion de compuestos'!$D$2:$D$13="conciliado")*('Conciliacion de compuestos'!$E$2:$E$13="OK")*((('Conciliacion de compuestos'!$M$2:$M$13=A98)+('Conciliacion de compuestos'!$N$2:$N$13=A98)+('Conciliacion de compuestos'!$O$2:$O$13=A98))>0))),""),"") | G98: =IF(I98="conciliado","conciliado","por revisar") | I98: =IF(SUM(COUNTIFS('Conciliacion de compuestos'!$D$2:$D$13,"conciliado",'Conciliacion de compuestos'!$E$2:$E$13,"OK",'Conciliacion de compuestos'!$M$2:$M$13,A98),COUNTIFS('Conciliacion de compuestos'!$D$2:$D$13,"conciliado",'Conciliacion de compuestos'!$E$2:$E$13,"OK",'Conciliacion de compuestos'!$N$2:$N$13,A98),COUNTIFS('Conciliacion de compuestos'!$D$2:$D$13,"conciliado",'Conciliacion de compuestos'!$E$2:$E$13,"OK",'Conciliacion de compuestos'!$O$2:$O$13,A98))>0,"conciliado","por revisar")
A99: 135 | B99: 46036 | C99: fajardo me pejendino | D99: 54600 | E99: =IF(G99="conciliado","conciliado",I99) | F99: =IF(SUM(COUNTIFS('Conciliacion de compuestos'!$D$2:$D$13,"conciliado",'Conciliacion de compuestos'!$E$2:$E$13,"OK",'Conciliacion de compuestos'!$M$2:$M$13,A99),COUNTIFS('Conciliacion de compuestos'!$D$2:$D$13,"conciliado",'Conciliacion de compuestos'!$E$2:$E$13,"OK",'Conciliacion de compuestos'!$N$2:$N$13,A99),COUNTIFS('Conciliacion de compuestos'!$D$2:$D$13,"conciliado",'Conciliacion de compuestos'!$E$2:$E$13,"OK",'Conciliacion de compuestos'!$O$2:$O$13,A99))>0,IFERROR(TEXTJOIN(CHAR(10),TRUE,FILTER('Conciliacion de compuestos'!$A$2:$A$13,('Conciliacion de compuestos'!$D$2:$D$13="conciliado")*('Conciliacion de compuestos'!$E$2:$E$13="OK")*((('Conciliacion de compuestos'!$M$2:$M$13=A99)+('Conciliacion de compuestos'!$N$2:$N$13=A99)+('Conciliacion de compuestos'!$O$2:$O$13=A99))>0))),""),"") | G99: =IF(I99="conciliado","conciliado","por revisar") | I99: =IF(SUM(COUNTIFS('Conciliacion de compuestos'!$D$2:$D$13,"conciliado",'Conciliacion de compuestos'!$E$2:$E$13,"OK",'Conciliacion de compuestos'!$M$2:$M$13,A99),COUNTIFS('Conciliacion de compuestos'!$D$2:$D$13,"conciliado",'Conciliacion de compuestos'!$E$2:$E$13,"OK",'Conciliacion de compuestos'!$N$2:$N$13,A99),COUNTIFS('Conciliacion de compuestos'!$D$2:$D$13,"conciliado",'Conciliacion de compuestos'!$E$2:$E$13,"OK",'Conciliacion de compuestos'!$O$2:$O$13,A99))>0,"conciliado","por revisar")
A100: 127 | B100: 46036 | C100: alejand cardona diaz | D100: 239700 | E100: =IF(G100="conciliado","conciliado",I100) | F100: =IF(SUM(COUNTIFS('Conciliacion de compuestos'!$D$2:$D$13,"conciliado",'Conciliacion de compuestos'!$E$2:$E$13,"OK",'Conciliacion de compuestos'!$M$2:$M$13,A100),COUNTIFS('Conciliacion de compuestos'!$D$2:$D$13,"conciliado",'Conciliacion de compuestos'!$E$2:$E$13,"OK",'Conciliacion de compuestos'!$N$2:$N$13,A100),COUNTIFS('Conciliacion de compuestos'!$D$2:$D$13,"conciliado",'Conciliacion de compuestos'!$E$2:$E$13,"OK",'Conciliacion de compuestos'!$O$2:$O$13,A100))>0,IFERROR(TEXTJOIN(CHAR(10),TRUE,FILTER('Conciliacion de compuestos'!$A$2:$A$13,('Conciliacion de compuestos'!$D$2:$D$13="conciliado")*('Conciliacion de compuestos'!$E$2:$E$13="OK")*((('Conciliacion de compuestos'!$M$2:$M$13=A100)+('Conciliacion de compuestos'!$N$2:$N$13=A100)+('Conciliacion de compuestos'!$O$2:$O$13=A100))>0))),""),"") | G100: =IF(I100="conciliado","conciliado","por revisar") | I100: =IF(SUM(COUNTIFS('Conciliacion de compuestos'!$D$2:$D$13,"conciliado",'Conciliacion de compuestos'!$E$2:$E$13,"OK",'Conciliacion de compuestos'!$M$2:$M$13,A100),COUNTIFS('Conciliacion de compuestos'!$D$2:$D$13,"conciliado",'Conciliacion de compuestos'!$E$2:$E$13,"OK",'Conciliacion de compuestos'!$N$2:$N$13,A100),COUNTIFS('Conciliacion de compuestos'!$D$2:$D$13,"conciliado",'Conciliacion de compuestos'!$E$2:$E$13,"OK",'Conciliacion de compuestos'!$O$2:$O$13,A100))>0,"conciliado","por revisar")
... A284: 281 | B284: 46053 | C284: cuaran cuaran pablo | D284: 113200 | E284: =IF(G284="conciliado","conciliado",I284) | F284: =IF(SUM(COUNTIFS('Conciliacion de compuestos'!$D$2:$D$13,"conciliado",'Conciliacion de compuestos'!$E$2:$E$13,"OK",'Conciliacion de compuestos'!$M$2:$M$13,A284),COUNTIFS('Conciliacion de compuestos'!$D$2:$D$13,"conciliado",'Conciliacion de compuestos'!$E$2:$E$13,"OK",'Conciliacion de compuestos'!$N$2:$N$13,A284),COUNTIFS('Conciliacion de compuestos'!$D$2:$D$13,"conciliado",'Conciliacion de compuestos'!$E$2:$E$13,"OK",'Conciliacion de compuestos'!$O$2:$O$13,A284))>0,IFERROR(TEXTJOIN(CHAR(10),TRUE,FILTER('Conciliacion de compuestos'!$A$2:$A$13,('Conciliacion de compuestos'!$D$2:$D$13="conciliado")*('Conciliacion de compuestos'!$E$2:$E$13="OK")*((('Conciliacion de compuestos'!$M$2:$M$13=A284)+('Conciliacion de compuestos'!$N$2:$N$13=A284)+('Conciliacion de compuestos'!$O$2:$O$13=A284))>0))),""),"") | G284: =IF(I284="conciliado","conciliado","por revisar") | I284: =IF(SUM(COUNTIFS('Conciliacion de compuestos'!$D$2:$D$13,"conciliado",'Conciliacion de compuestos'!$E$2:$E$13,"OK",'Conciliacion de compuestos'!$M$2:$M$13,A284),COUNTIFS('Conciliacion de compuestos'!$D$2:$D$13,"conciliado",'Conciliacion de compuestos'!$E$2:$E$13,"OK",'Conciliacion de compuestos'!$N$2:$N$13,A284),COUNTIFS('Conciliacion de compuestos'!$D$2:$D$13,"conciliado",'Conciliacion de compuestos'!$E$2:$E$13,"OK",'Conciliacion de compuestos'!$O$2:$O$13,A284))>0,"conciliado","por revisar")

Sheet Conciliacion de compuestos
A1: Movimientos banco | B1: Movimientos libro_aux | C1: Diferencia | D1: Estado | E1: Validacion | F1: Descripcion | G1: Observacion | H1: ids banco | I1: ids libro_aux | J1: id banco 1 | K1: id banco 2 | L1: id banco 3 | M1: id libro_aux 1 | N1: id libro_aux 2 | O1: id libro_aux 3
A2: 145 | 2026-01-05 | 21,300 | depositos electronicos masterca transaccion 150 | 2026-01-05 | 24,800 | depositos electronicos masterca transaccion | B2: 38 | 2026-01-05 | 46,100 | cardona ospina victo | C2: 0 | D2: por revisar | E2: =IF(D2<>"conciliado","Pendiente",IF(C2<>0,"ERROR: diferencia distinta de cero",IF(OR(AND(J2<>"",SUM(COUNTIFS($D$2:$D$13,"conciliado",$J$2:$J$13,J2),COUNTIFS($D$2:$D$13,"conciliado",$K$2:$K$13,J2),COUNTIFS($D$2:$D$13,"conciliado",$L$2:$L$13,J2))>1),AND(K2<>"",SUM(COUNTIFS($D$2:$D$13,"conciliado",$J$2:$J$13,K2),COUNTIFS($D$2:$D$13,"conciliado",$K$2:$K$13,K2),COUNTIFS($D$2:$D$13,"conciliado",$L$2:$L$13,K2))>1),AND(L2<>"",SUM(COUNTIFS($D$2:$D$13,"conciliado",$J$2:$J$13,L2),COUNTIFS($D$2:$D$13,"conciliado",$K$2:$K$13,L2),COUNTIFS($D$2:$D$13,"conciliado",$L$2:$L$13,L2))>1)),"ERROR: banco ya usado en otro compuesto conciliado",IF(OR(AND(M2<>"",SUM(COUNTIFS($D$2:$D$13,"conciliado",$M$2:$M$13,M2),COUNTIFS($D$2:$D$13,"conciliado",$N$2:$N$13,M2),COUNTIFS($D$2:$D$13,"conciliado",$O$2:$O$13,M2))>1),AND(N2<>"",SUM(COUNTIFS($D$2:$D$13,"conciliado",$M$2:$M$13,N2),COUNTIFS($D$2:$D$13,"conciliado",$N$2:$N$13,N2),COUNTIFS($D$2:$D$13,"conciliado",$O$2:$O$13,N2))>1),AND(O2<>"",SUM(COUNTIFS($D$2:$D$13,"conciliado",$M$2:$M$13,O2),COUNTIFS($D$2:$D$13,"conciliado",$N$2:$N$13,O2),COUNTIFS($D$2:$D$13,"conciliado",$O$2:$O$13,O2))>1)),"ERROR: libro_aux ya usado en otro compuesto conciliado","OK")))) | F2: Posible compuesto detectado por suma exacta en la misma fecha. Revisar antes de conciliar. | H2: 145, 150 | I2: 38 | J2: 145 | K2: 150 | M2: 38
A3: 380 | 2026-01-05 | 21,400 | depositos electronicos masterca transaccion 385 | 2026-01-05 | 20,000 | depositos electronicos masterca transaccion 415 | 2026-01-05 | 22,200 | depositos electronicos masterca transaccion | B3: 46 | 2026-01-05 | 63,600 | guzman rob turcan | C3: 0 | D3: por revisar | E3: =IF(D3<>"conciliado","Pendiente",IF(C3<>0,"ERROR: diferencia distinta de cero",IF(OR(AND(J3<>"",SUM(COUNTIFS($D$2:$D$13,"conciliado",$J$2:$J$13,J3),COUNTIFS($D$2:$D$13,"conciliado",$K$2:$K$13,J3),COUNTIFS($D$2:$D$13,"conciliado",$L$2:$L$13,J3))>1),AND(K3<>"",SUM(COUNTIFS($D$2:$D$13,"conciliado",$J$2:$J$13,K3),COUNTIFS($D$2:$D$13,"conciliado",$K$2:$K$13,K3),COUNTIFS($D$2:$D$13,"conciliado",$L$2:$L$13,K3))>1),AND(L3<>"",SUM(COUNTIFS($D$2:$D$13,"conciliado",$J$2:$J$13,L3),COUNTIFS($D$2:$D$13,"conciliado",$K$2:$K$13,L3),COUNTIFS($D$2:$D$13,"conciliado",$L$2:$L$13,L3))>1)),"ERROR: banco ya usado en otro compuesto conciliado",IF(OR(AND(M3<>"",SUM(COUNTIFS($D$2:$D$13,"conciliado",$M$2:$M$13,M3),COUNTIFS($D$2:$D$13,"conciliado",$N$2:$N$13,M3),COUNTIFS($D$2:$D$13,"conciliado",$O$2:$O$13,M3))>1),AND(N3<>"",SUM(COUNTIFS($D$2:$D$13,"conciliado",$M$2:$M$13,N3),COUNTIFS($D$2:$D$13,"conciliado",$N$2:$N$13,N3),COUNTIFS($D$2:$D$13,"conciliado",$O$2:$O$13,N3))>1),AND(O3<>"",SUM(COUNTIFS($D$2:$D$13,"conciliado",$M$2:$M$13,O3),COUNTIFS($D$2:$D$13,"conciliado",$N$2:$N$13,O3),COUNTIFS($D$2:$D$13,"conciliado",$O$2:$O$13,O3))>1)),"ERROR: libro_aux ya usado en otro compuesto conciliado","OK")))) | F3: Posible compuesto detectado por suma exacta en la misma fecha. Revisar antes de conciliar. | H3: 380, 385, 415 | I3: 46 | J3: 380 | K3: 385 | L3: 415 | M3: 46
A4: 145 | 2026-01-05 | 21,300 | depositos electronicos masterca transaccion 175 | 2026-01-05 | 45,500 | depositos electronicos masterca transaccion 375 | 2026-01-05 | 23,700 | depositos electronicos masterca transaccion | B4: 44 | 2026-01-05 | 90,500 | francisco meza meza | C4: 0 | D4: por revisar | E4: =IF(D4<>"conciliado","Pendiente",IF(C4<>0,"ERROR: diferencia distinta de cero",IF(OR(AND(J4<>"",SUM(COUNTIFS($D$2:$D$13,"conciliado",$J$2:$J$13,J4),COUNTIFS($D$2:$D$13,"conciliado",$K$2:$K$13,J4),COUNTIFS($D$2:$D$13,"conciliado",$L$2:$L$13,J4))>1),AND(K4<>"",SUM(COUNTIFS($D$2:$D$13,"conciliado",$J$2:$J$13,K4),COUNTIFS($D$2:$D$13,"conciliado",$K$2:$K$13,K4),COUNTIFS($D$2:$D$13,"conciliado",$L$2:$L$13,K4))>1),AND(L4<>"",SUM(COUNTIFS($D$2:$D$13,"conciliado",$J$2:$J$13,L4),COUNTIFS($D$2:$D$13,"conciliado",$K$2:$K$13,L4),COUNTIFS($D$2:$D$13,"conciliado",$L$2:$L$13,L4))>1)),"ERROR: banco ya usado en otro compuesto conciliado",IF(OR(AND(M4<>"",SUM(COUNTIFS($D$2:$D$13,"conciliado",$M$2:$M$13,M4),COUNTIFS($D$2:$D$13,"conciliado",$N$2:$N$13,M4),COUNTIFS($D$2:$D$13,"conciliado",$O$2:$O$13,M4))>1),AND(N4<>"",SUM(COUNTIFS($D$2:$D$13,"conciliado",$M$2:$M$13,N4),COUNTIFS($D$2:$D$13,"conciliado",$N$2:$N$13,N4),COUNTIFS($D$2:$D$13,"conciliado",$O$2:$O$13,N4))>1),AND(O4<>"",SUM(COUNTIFS($D$2:$D$13,"conciliado",$M$2:$M$13,O4),COUNTIFS($D$2:$D$13,"conciliado",$N$2:$N$13,O4),COUNTIFS($D$2:$D$13,"conciliado",$O$2:$O$13,O4))>1)),"ERROR: libro_aux ya usado en otro compuesto conciliado","OK")))) | F4: Posible compuesto detectado por suma exacta en la misma fecha. Revisar antes de conciliar. | H4: 145, 175, 375 | I4: 44 | J4: 145 | K4: 175 | L4: 375 | M4: 44
A5: 680 | 2026-01-13 | 23,100 | consignacion credibanco d e 770 | 2026-01-13 | 30,000 | consignacion credibanco d e 790 | 2026-01-13 | 20,300 | consignacion credibanco d e | B5: 125 | 2026-01-13 | 73,400 | al daira lopez trejo | C5: 0 | D5: por revisar | E5: =IF(D5<>"conciliado","Pendiente",IF(C5<>0,"ERROR: diferencia distinta de cero",IF(OR(AND(J5<>"",SUM(COUNTIFS($D$2:$D$13,"conciliado",$J$2:$J$13,J5),COUNTIFS($D$2:$D$13,"conciliado",$K$2:$K$13,J5),COUNTIFS($D$2:$D$13,"conciliado",$L$2:$L$13,J5))>1),AND(K5<>"",SUM(COUNTIFS($D$2:$D$13,"conciliado",$J$2:$J$13,K5),COUNTIFS($D$2:$D$13,"conciliado",$K$2:$K$13,K5),COUNTIFS($D$2:$D$13,"conciliado",$L$2:$L$13,K5))>1),AND(L5<>"",SUM(COUNTIFS($D$2:$D$13,"conciliado",$J$2:$J$13,L5),COUNTIFS($D$2:$D$13,"conciliado",$K$2:$K$13,L5),COUNTIFS($D$2:$D$13,"conciliado",$L$2:$L$13,L5))>1)),"ERROR: banco ya usado en otro compuesto conciliado",IF(OR(AND(M5<>"",SUM(COUNTIFS($D$2:$D$13,"conciliado",$M$2:$M$13,M5),COUNTIFS($D$2:$D$13,"conciliado",$N$2:$N$13,M5),COUNTIFS($D$2:$D$13,"conciliado",$O$2:$O$13,M5))>1),AND(N5<>"",SUM(COUNTIFS($D$2:$D$13,"conciliado",$M$2:$M$13,N5),COUNTIFS($D$2:$D$13,"conciliado",$N$2:$N$13,N5),COUNTIFS($D$2:$D$13,"conciliado",$O$2:$O$13,N5))>1),AND(O5<>"",SUM(COUNTIFS($D$2:$D$13,"conciliado",$M$2:$M$13,O5),COUNTIFS($D$2:$D$13,"conciliado",$N$2:$N$13,O5),COUNTIFS($D$2:$D$13,"conciliado",$O$2:$O$13,O5))>1)),"ERROR: libro_aux ya usado en otro compuesto conciliado","OK")))) | F5: Posible compuesto detectado por suma exacta en la misma fecha. Revisar antes de conciliar. | H5: 680, 770, 790 | I5: 125 | J5: 680 | K5: 770 | L5: 790 | M5: 125
A6: 675 | 2026-01-13 | 16,800 | consignacion credibanco d e 680 | 2026-01-13 | 23,100 | consignacion credibanco d e 780 | 2026-01-13 | 47,200 | consignacion credibanco d e | B6: 126 | 2026-01-13 | 87,100 | alexa garcia varela | C6: 0 | D6: por revisar | E6: =IF(D6<>"conciliado","Pendiente",IF(C6<>0,"ERROR: diferencia distinta de cero",IF(OR(AND(J6<>"",SUM(COUNTIFS($D$2:$D$13,"conciliado",$J$2:$J$13,J6),COUNTIFS($D$2:$D$13,"conciliado",$K$2:$K$13,J6),COUNTIFS($D$2:$D$13,"conciliado",$L$2:$L$13,J6))>1),AND(K6<>"",SUM(COUNTIFS($D$2:$D$13,"conciliado",$J$2:$J$13,K6),COUNTIFS($D$2:$D$13,"conciliado",$K$2:$K$13,K6),COUNTIFS($D$2:$D$13,"conciliado",$L$2:$L$13,K6))>1),AND(L6<>"",SUM(COUNTIFS($D$2:$D$13,"conciliado",$J$2:$J$13,L6),COUNTIFS($D$2:$D$13,"conciliado",$K$2:$K$13,L6),COUNTIFS($D$2:$D$13,"conciliado",$L$2:$L$13,L6))>1)),"ERROR: banco ya usado en otro compuesto conciliado",IF(OR(AND(M6<>"",SUM(COUNTIFS($D$2:$D$13,"conciliado",$M$2:$M$13,M6),COUNTIFS($D$2:$D$13,"conciliado",$N$2:$N$13,M6),COUNTIFS($D$2:$D$13,"conciliado",$O$2:$O$13,M6))>1),AND(N6<>"",SUM(COUNTIFS($D$2:$D$13,"conciliado",$M$2:$M$13,N6),COUNTIFS($D$2:$D$13,"conciliado",$N$2:$N$13,N6),COUNTIFS($D$2:$D$13,"conciliado",$O$2:$O$13,N6))>1),AND(O6<>"",SUM(COUNTIFS($D$2:$D$13,"conciliado",$M$2:$M$13,O6),COUNTIFS($D$2:$D$13,"conciliado",$N$2:$N$13,O6),COUNTIFS($D$2:$D$13,"conciliado",$O$2:$O$13,O6))>1)),"ERROR: libro_aux ya usado en otro compuesto conciliado","OK")))) | F6: Posible compuesto detectado por suma exacta en la misma fecha. Revisar antes de conciliar. | H6: 675, 680, 780 | I6: 126 | J6: 675 | K6: 680 | L6: 780 | M6: 126
A7: 660 | 2026-01-13 | 28,800 | consignacion credibanco d e 785 | 2026-01-13 | 37,500 | consignacion credibanco d e | B7: 119 | 2026-01-13 | 66,300 | buelvas diaz jose mi | C7: 0 | D7: por revisar | E7: =IF(D7<>"conciliado","Pendiente",IF(C7<>0,"ERROR: diferencia distinta de cero",IF(OR(AND(J7<>"",SUM(COUNTIFS($D$2:$D$13,"conciliado",$J$2:$J$13,J7),COUNTIFS($D$2:$D$13,"conciliado",$K$2:$K$13,J7),COUNTIFS($D$2:$D$13,"conciliado",$L$2:$L$13,J7))>1),AND(K7<>"",SUM(COUNTIFS($D$2:$D$13,"conciliado",$J$2:$J$13,K7),COUNTIFS($D$2:$D$13,"conciliado",$K$2:$K$13,K7),COUNTIFS($D$2:$D$13,"conciliado",$L$2:$L$13,K7))>1),AND(L7<>"",SUM(COUNTIFS($D$2:$D$13,"conciliado",$J$2:$J$13,L7),COUNTIFS($D$2:$D$13,"conciliado",$K$2:$K$13,L7),COUNTIFS($D$2:$D$13,"conciliado",$L$2:$L$13,L7))>1)),"ERROR: banco ya usado en otro compuesto conciliado",IF(OR(AND(M7<>"",SUM(COUNTIFS($D$2:$D$13,"conciliado",$M$2:$M$13,M7),COUNTIFS($D$2:$D$13,"conciliado",$N$2:$N$13,M7),COUNTIFS($D$2:$D$13,"conciliado",$O$2:$O$13,M7))>1),AND(N7<>"",SUM(COUNTIFS($D$2:$D$13,"conciliado",$M$2:$M$13,N7),COUNTIFS($D$2:$D$13,"conciliado",$N$2:$N$13,N7),COUNTIFS($D$2:$D$13,"conciliado",$O$2:$O$13,N7))>1),AND(O7<>"",SUM(COUNTIFS($D$2:$D$13,"conciliado",$M$2:$M$13,O7),COUNTIFS($D$2:$D$13,"conciliado",$N$2:$N$13,O7),COUNTIFS($D$2:$D$13,"conciliado",$O$2:$O$13,O7))>1)),"ERROR: libro_aux ya usado en otro compuesto conciliado","OK")))) | F7: Posible compuesto detectado por suma exacta en la misma fecha. Revisar antes de conciliar. | H7: 660, 785 | I7: 119 | J7: 660 | K7: 785 | M7: 119
A8: 900 | 2026-01-15 | 20,000 | consignacion credibanco d e 915 | 2026-01-15 | 46,900 | consignacion credibanco d e 945 | 2026-01-15 | 74,500 | depositos electronicos masterca transaccion | B8: 142 | 2026-01-15 | 141,400 | benavides lopez sixt | C8: 0 | D8: por revisar | E8: =IF(D8<>"conciliado","Pendiente",IF(C8<>0,"ERROR: diferencia distinta de cero",IF(OR(AND(J8<>"",SUM(COUNTIFS($D$2:$D$13,"conciliado",$J$2:$J$13,J8),COUNTIFS($D$2:$D$13,"conciliado",$K$2:$K$13,J8),COUNTIFS($D$2:$D$13,"conciliado",$L$2:$L$13,J8))>1),AND(K8<>"",SUM(COUNTIFS($D$2:$D$13,"conciliado",$J$2:$J$13,K8),COUNTIFS($D$2:$D$13,"conciliado",$K$2:$K$13,K8),COUNTIFS($D$2:$D$13,"conciliado",$L$2:$L$13,K8))>1),AND(L8<>"",SUM(COUNTIFS($D$2:$D$13,"conciliado",$J$2:$J$13,L8),COUNTIFS($D$2:$D$13,"conciliado",$K$2:$K$13,L8),COUNTIFS($D$2:$D$13,"conciliado",$L$2:$L$13,L8))>1)),"ERROR: banco ya usado en otro compuesto conciliado",IF(OR(AND(M8<>"",SUM(COUNTIFS($D$2:$D$13,"conciliado",$M$2:$M$13,M8),COUNTIFS($D$2:$D$13,"conciliado",$N$2:$N$13,M8),COUNTIFS($D$2:$D$13,"conciliado",$O$2:$O$13,M8))>1),AND(N8<>"",SUM(COUNTIFS($D$2:$D$13,"conciliado",$M$2:$M$13,N8),COUNTIFS($D$2:$D$13,"conciliado",$N$2:$N$13,N8),COUNTIFS($D$2:$D$13,"conciliado",$O$2:$O$13,N8))>1),AND(O8<>"",SUM(COUNTIFS($D$2:$D$13,"conciliado",$M$2:$M$13,O8),COUNTIFS($D$2:$D$13,"conciliado",$N$2:$N$13,O8),COUNTIFS($D$2:$D$13,"conciliado",$O$2:$O$13,O8))>1)),"ERROR: libro_aux ya usado en otro compuesto conciliado","OK")))) | F8: Posible compuesto detectado por suma exacta en la misma fecha. Revisar antes de conciliar. | H8: 900, 915, 945 | I8: 142 | J8: 900 | K8: 915 | L8: 945 | M8: 142
A9: 1045 | 2026-01-19 | 22,400 | consignacion credibanco d e 1085 | 2026-01-19 | 25,000 | depositos electronicos masterca transaccion | B9: 167 | 2026-01-19 | 47,400 | cabrera gutierrez je | C9: 0 | D9: por revisar | E9: =IF(D9<>"conciliado","Pendiente",IF(C9<>0,"ERROR: diferencia distinta de cero",IF(OR(AND(J9<>"",SUM(COUNTIFS($D$2:$D$13,"conciliado",$J$2:$J$13,J9),COUNTIFS($D$2:$D$13,"conciliado",$K$2:$K$13,J9),COUNTIFS($D$2:$D$13,"conciliado",$L$2:$L$13,J9))>1),AND(K9<>"",SUM(COUNTIFS($D$2:$D$13,"conciliado",$J$2:$J$13,K9),COUNTIFS($D$2:$D$13,"conciliado",$K$2:$K$13,K9),COUNTIFS($D$2:$D$13,"conciliado",$L$2:$L$13,K9))>1),AND(L9<>"",SUM(COUNTIFS($D$2:$D$13,"conciliado",$J$2:$J$13,L9),COUNTIFS($D$2:$D$13,"conciliado",$K$2:$K$13,L9),COUNTIFS($D$2:$D$13,"conciliado",$L$2:$L$13,L9))>1)),"ERROR: banco ya usado en otro compuesto conciliado",IF(OR(AND(M9<>"",SUM(COUNTIFS($D$2:$D$13,"conciliado",$M$2:$M$13,M9),COUNTIFS($D$2:$D$13,"conciliado",$N$2:$N$13,M9),COUNTIFS($D$2:$D$13,"conciliado",$O$2:$O$13,M9))>1),AND(N9<>"",SUM(COUNTIFS($D$2:$D$13,"conciliado",$M$2:$M$13,N9),COUNTIFS($D$2:$D$13,"conciliado",$N$2:$N$13,N9),COUNTIFS($D$2:$D$13,"conciliado",$O$2:$O$13,N9))>1),AND(O9<>"",SUM(COUNTIFS($D$2:$D$13,"conciliado",$M$2:$M$13,O9),COUNTIFS($D$2:$D$13,"conciliado",$N$2:$N$13,O9),COUNTIFS($D$2:$D$13,"conciliado",$O$2:$O$13,O9))>1)),"ERROR: libro_aux ya usado en otro compuesto conciliado","OK")))) | F9: Posible compuesto detectado por suma exacta en la misma fecha. Revisar antes de conciliar. | H9: 1045, 1085 | I9: 167 | J9: 1045 | K9: 1085 | M9: 167
A10: 435 | 2026-01-06 | 128,500 | consignacion credibanco d e | B10: 55 | 2026-01-06 | 96,500 | lenin sousa tribaldo 53 | 2026-01-06 | 32,000 | abella marlen rincon | C10: 0 | D10: por revisar | E10: =IF(D10<>"conciliado","Pendiente",IF(C10<>0,"ERROR: diferencia distinta de cero",IF(OR(AND(J10<>"",SUM(COUNTIFS($D$2:$D$13,"conciliado",$J$2:$J$13,J10),COUNTIFS($D$2:$D$13,"conciliado",$K$2:$K$13,J10),COUNTIFS($D$2:$D$13,"conciliado",$L$2:$L$13,J10))>1),AND(K10<>"",SUM(COUNTIFS($D$2:$D$13,"conciliado",$J$2:$J$13,K10),COUNTIFS($D$2:$D$13,"conciliado",$K$2:$K$13,K10),COUNTIFS($D$2:$D$13,"conciliado",$L$2:$L$13,K10))>1),AND(L10<>"",SUM(COUNTIFS($D$2:$D$13,"conciliado",$J$2:$J$13,L10),COUNTIFS($D$2:$D$13,"conciliado",$K$2:$K$13,L10),COUNTIFS($D$2:$D$13,"conciliado",$L$2:$L$13,L10))>1)),"ERROR: banco ya usado en otro compuesto conciliado",IF(OR(AND(M10<>"",SUM(COUNTIFS($D$2:$D$13,"conciliado",$M$2:$M$13,M10),COUNTIFS($D$2:$D$13,"conciliado",$N$2:$N$13,M10),COUNTIFS($D$2:$D$13,"conciliado",$O$2:$O$13,M10))>1),AND(N10<>"",SUM(COUNTIFS($D$2:$D$13,"conciliado",$M$2:$M$13,N10),COUNTIFS($D$2:$D$13,"conciliado",$N$2:$N$13,N10),COUNTIFS($D$2:$D$13,"conciliado",$O$2:$O$13,N10))>1),AND(O10<>"",SUM(COUNTIFS($D$2:$D$13,"conciliado",$M$2:$M$13,O10),COUNTIFS($D$2:$D$13,"conciliado",$N$2:$N$13,O10),COUNTIFS($D$2:$D$13,"conciliado",$O$2:$O$13,O10))>1)),"ERROR: libro_aux ya usado en otro compuesto conciliado","OK")))) | F10: Posible compuesto detectado por suma exacta en la misma fecha. Revisar antes de conciliar. | H10: 435 | I10: 55, 53 | J10: 435 | M10: 55 | N10: 53
A11: 1357 | 2026-01-26 | 83,100 | consignacion credibanco d e | B11: 237 | 2026-01-26 | 53,300 | lopez reyes yamile 228 | 2026-01-26 | 29,800 | carlos diaz ed munoz | C11: 0 | D11: por revisar | E11: =IF(D11<>"conciliado","Pendiente",IF(C11<>0,"ERROR: diferencia distinta de cero",IF(OR(AND(J11<>"",SUM(COUNTIFS($D$2:$D$13,"conciliado",$J$2:$J$13,J11),COUNTIFS($D$2:$D$13,"conciliado",$K$2:$K$13,J11),COUNTIFS($D$2:$D$13,"conciliado",$L$2:$L$13,J11))>1),AND(K11<>"",SUM(COUNTIFS($D$2:$D$13,"conciliado",$J$2:$J$13,K11),COUNTIFS($D$2:$D$13,"conciliado",$K$2:$K$13,K11),COUNTIFS($D$2:$D$13,"conciliado",$L$2:$L$13,K11))>1),AND(L11<>"",SUM(COUNTIFS($D$2:$D$13,"conciliado",$J$2:$J$13,L11),COUNTIFS($D$2:$D$13,"conciliado",$K$2:$K$13,L11),COUNTIFS($D$2:$D$13,"conciliado",$L$2:$L$13,L11))>1)),"ERROR: banco ya usado en otro compuesto conciliado",IF(OR(AND(M11<>"",SUM(COUNTIFS($D$2:$D$13,"conciliado",$M$2:$M$13,M11),COUNTIFS($D$2:$D$13,"conciliado",$N$2:$N$13,M11),COUNTIFS($D$2:$D$13,"conciliado",$O$2:$O$13,M11))>1),AND(N11<>"",SUM(COUNTIFS($D$2:$D$13,"conciliado",$M$2:$M$13,N11),COUNTIFS($D$2:$D$13,"conciliado",$N$2:$N$13,N11),COUNTIFS($D$2:$D$13,"conciliado",$O$2:$O$13,N11))>1),AND(O11<>"",SUM(COUNTIFS($D$2:$D$13,"conciliado",$M$2:$M$13,O11),COUNTIFS($D$2:$D$13,"conciliado",$N$2:$N$13,O11),COUNTIFS($D$2:$D$13,"conciliado",$O$2:$O$13,O11))>1)),"ERROR: libro_aux ya usado en otro compuesto conciliado","OK")))) | F11: Posible compuesto detectado por suma exacta en la misma fecha. Revisar antes de conciliar. | H11: 1357 | I11: 237, 228 | J11: 1357 | M11: 237 | N11: 228
A12: 1377 | 2026-01-26 | 77,800 | consignacion credibanco d e | B12: 232 | 2026-01-26 | 48,000 | gina m moncayo ponce 228 | 2026-01-26 | 29,800 | carlos diaz ed munoz | C12: 0 | D12: por revisar | E12: =IF(D12<>"conciliado","Pendiente",IF(C12<>0,"ERROR: diferencia distinta de cero",IF(OR(AND(J12<>"",SUM(COUNTIFS($D$2:$D$13,"conciliado",$J$2:$J$13,J12),COUNTIFS($D$2:$D$13,"conciliado",$K$2:$K$13,J12),COUNTIFS($D$2:$D$13,"conciliado",$L$2:$L$13,J12))>1),AND(K12<>"",SUM(COUNTIFS($D$2:$D$13,"conciliado",$J$2:$J$13,K12),COUNTIFS($D$2:$D$13,"conciliado",$K$2:$K$13,K12),COUNTIFS($D$2:$D$13,"conciliado",$L$2:$L$13,K12))>1),AND(L12<>"",SUM(COUNTIFS($D$2:$D$13,"conciliado",$J$2:$J$13,L12),COUNTIFS($D$2:$D$13,"conciliado",$K$2:$K$13,L12),COUNTIFS($D$2:$D$13,"conciliado",$L$2:$L$13,L12))>1)),"ERROR: banco ya usado en otro compuesto conciliado",IF(OR(AND(M12<>"",SUM(COUNTIFS($D$2:$D$13,"conciliado",$M$2:$M$13,M12),COUNTIFS($D$2:$D$13,"conciliado",$N$2:$N$13,M12),COUNTIFS($D$2:$D$13,"conciliado",$O$2:$O$13,M12))>1),AND(N12<>"",SUM(COUNTIFS($D$2:$D$13,"conciliado",$M$2:$M$13,N12),COUNTIFS($D$2:$D$13,"conciliado",$N$2:$N$13,N12),COUNTIFS($D$2:$D$13,"conciliado",$O$2:$O$13,N12))>1),AND(O12<>"",SUM(COUNTIFS($D$2:$D$13,"conciliado",$M$2:$M$13,O12),COUNTIFS($D$2:$D$13,"conciliado",$N$2:$N$13,O12),COUNTIFS($D$2:$D$13,"conciliado",$O$2:$O$13,O12))>1)),"ERROR: libro_aux ya usado en otro compuesto conciliado","OK")))) | F12: Posible compuesto detectado por suma exacta en la misma fecha. Revisar antes de conciliar. | H12: 1377 | I12: 232, 228 | J12: 1377 | M12: 232 | N12: 228
A13: 1427 | 2026-01-26 | 84,000 | depositos electronicos masterca transaccion | B13: 234 | 2026-01-26 | 54,200 | chavarro lara luisa 228 | 2026-01-26 | 29,800 | carlos diaz ed munoz | C13: 0 | D13: por revisar | E13: =IF(D13<>"conciliado","Pendiente",IF(C13<>0,"ERROR: diferencia distinta de cero",IF(OR(AND(J13<>"",SUM(COUNTIFS($D$2:$D$13,"conciliado",$J$2:$J$13,J13),COUNTIFS($D$2:$D$13,"conciliado",$K$2:$K$13,J13),COUNTIFS($D$2:$D$13,"conciliado",$L$2:$L$13,J13))>1),AND(K13<>"",SUM(COUNTIFS($D$2:$D$13,"conciliado",$J$2:$J$13,K13),COUNTIFS($D$2:$D$13,"conciliado",$K$2:$K$13,K13),COUNTIFS($D$2:$D$13,"conciliado",$L$2:$L$13,K13))>1),AND(L13<>"",SUM(COUNTIFS($D$2:$D$13,"conciliado",$J$2:$J$13,L13),COUNTIFS($D$2:$D$13,"conciliado",$K$2:$K$13,L13),COUNTIFS($D$2:$D$13,"conciliado",$L$2:$L$13,L13))>1)),"ERROR: banco ya usado en otro compuesto conciliado",IF(OR(AND(M13<>"",SUM(COUNTIFS($D$2:$D$13,"conciliado",$M$2:$M$13,M13),COUNTIFS($D$2:$D$13,"conciliado",$N$2:$N$13,M13),COUNTIFS($D$2:$D$13,"conciliado",$O$2:$O$13,M13))>1),AND(N13<>"",SUM(COUNTIFS($D$2:$D$13,"conciliado",$M$2:$M$13,N13),COUNTIFS($D$2:$D$13,"conciliado",$N$2:$N$13,N13),COUNTIFS($D$2:$D$13,"conciliado",$O$2:$O$13,N13))>1),AND(O13<>"",SUM(COUNTIFS($D$2:$D$13,"conciliado",$M$2:$M$13,O13),COUNTIFS($D$2:$D$13,"conciliado",$N$2:$N$13,O13),COUNTIFS($D$2:$D$13,"conciliado",$O$2:$O$13,O13))>1)),"ERROR: libro_aux ya usado en otro compuesto conciliado","OK")))) | F13: Posible compuesto detectado por suma exacta en la misma fecha. Revisar antes de conciliar. | H13: 1427 | I13: 234, 228 | J13: 1427 | M13: 234 | N13: 228

Sheet Registros pendientes del banco
A1: Extractos bancarios
A2: ID | B2: Fecha | C2: Nombre | D2: Valor | E2: Estado
A3: 5 | B3: 46027 | C3: consignacion credibanco d e | D3: 152200 | E3: =IF(SUM(COUNTIFS('Conciliacion de compuestos'!$D$2:$D$13,"conciliado",'Conciliacion de compuestos'!$E$2:$E$13,"OK",'Conciliacion de compuestos'!$J$2:$J$13,A3),COUNTIFS('Conciliacion de compuestos'!$D$2:$D$13,"conciliado",'Conciliacion de compuestos'!$E$2:$E$13,"OK",'Conciliacion de compuestos'!$K$2:$K$13,A3),COUNTIFS('Conciliacion de compuestos'!$D$2:$D$13,"conciliado",'Conciliacion de compuestos'!$E$2:$E$13,"OK",'Conciliacion de compuestos'!$L$2:$L$13,A3))>0,"conciliado en compuesto confirmado","disponible")
A4: 10 | B4: 46027 | C4: consignacion credibanco d e | D4: 29400 | E4: =IF(SUM(COUNTIFS('Conciliacion de compuestos'!$D$2:$D$13,"conciliado",'Conciliacion de compuestos'!$E$2:$E$13,"OK",'Conciliacion de compuestos'!$J$2:$J$13,A4),COUNTIFS('Conciliacion de compuestos'!$D$2:$D$13,"conciliado",'Conciliacion de compuestos'!$E$2:$E$13,"OK",'Conciliacion de compuestos'!$K$2:$K$13,A4),COUNTIFS('Conciliacion de compuestos'!$D$2:$D$13,"conciliado",'Conciliacion de compuestos'!$E$2:$E$13,"OK",'Conciliacion de compuestos'!$L$2:$L$13,A4))>0,"conciliado en compuesto confirmado","disponible")
A5: 15 | B5: 46027 | C5: consignacion credibanco d e | D5: 88500 | E5: =IF(SUM(COUNTIFS('Conciliacion de compuestos'!$D$2:$D$13,"conciliado",'Conciliacion de compuestos'!$E$2:$E$13,"OK",'Conciliacion de compuestos'!$J$2:$J$13,A5),COUNTIFS('Conciliacion de compuestos'!$D$2:$D$13,"conciliado",'Conciliacion de compuestos'!$E$2:$E$13,"OK",'Conciliacion de compuestos'!$K$2:$K$13,A5),COUNTIFS('Conciliacion de compuestos'!$D$2:$D$13,"conciliado",'Conciliacion de compuestos'!$E$2:$E$13,"OK",'Conciliacion de compuestos'!$L$2:$L$13,A5))>0,"conciliado en compuesto confirmado","disponible")
A6: 20 | B6: 46027 | C6: consignacion credibanco d e | D6: 47400 | E6: =IF(SUM(COUNTIFS('Conciliacion de compuestos'!$D$2:$D$13,"conciliado",'Conciliacion de compuestos'!$E$2:$E$13,"OK",'Conciliacion de compuestos'!$J$2:$J$13,A6),COUNTIFS('Conciliacion de compuestos'!$D$2:$D$13,"conciliado",'Conciliacion de compuestos'!$E$2:$E$13,"OK",'Conciliacion de compuestos'!$K$2:$K$13,A6),COUNTIFS('Conciliacion de compuestos'!$D$2:$D$13,"conciliado",'Conciliacion de compuestos'!$E$2:$E$13,"OK",'Conciliacion de compuestos'!$L$2:$L$13,A6))>0,"conciliado en compuesto confirmado","disponible")
A7: 25 | B7: 46027 | C7: consignacion credibanco d e | D7: 56795 | E7: =IF(SUM(COUNTIFS('Conciliacion de compuestos'!$D$2:$D$13,"conciliado",'Conciliacion de compuestos'!$E$2:$E$13,"OK",'Conciliacion de compuestos'!$J$2:$J$13,A7),COUNTIFS('Conciliacion de compuestos'!$D$2:$D$13,"conciliado",'Conciliacion de compuestos'!$E$2:$E$13,"OK",'Conciliacion de compuestos'!$K$2:$K$13,A7),COUNTIFS('Conciliacion de compuestos'!$D$2:$D$13,"conciliado",'Conciliacion de compuestos'!$E$2:$E$13,"OK",'Conciliacion de compuestos'!$L$2:$L$13,A7))>0,"conciliado en compuesto confirmado","disponible")
A8: 30 | B8: 46027 | C8: consignacion credibanco d e | D8: 224300 | E8: =IF(SUM(COUNTIFS('Conciliacion de compuestos'!$D$2:$D$13,"conciliado",'Conciliacion de compuestos'!$E$2:$E$13,"OK",'Conciliacion de compuestos'!$J$2:$J$13,A8),COUNTIFS('Conciliacion de compuestos'!$D$2:$D$13,"conciliado",'Conciliacion de compuestos'!$E$2:$E$13,"OK",'Conciliacion de compuestos'!$K$2:$K$13,A8),COUNTIFS('Conciliacion de compuestos'!$D$2:$D$13,"conciliado",'Conciliacion de compuestos'!$E$2:$E$13,"OK",'Conciliacion de compuestos'!$L$2:$L$13,A8))>0,"conciliado en compuesto confirmado","disponible")
A9: 35 | B9: 46027 | C9: consignacion credibanco d e | D9: 56000 | E9: =IF(SUM(COUNTIFS('Conciliacion de compuestos'!$D$2:$D$13,"conciliado",'Conciliacion de compuestos'!$E$2:$E$13,"OK",'Conciliacion de compuestos'!$J$2:$J$13,A9),COUNTIFS('Conciliacion de compuestos'!$D$2:$D$13,"conciliado",'Conciliacion de compuestos'!$E$2:$E$13,"OK",'Conciliacion de compuestos'!$K$2:$K$13,A9),COUNTIFS('Conciliacion de compuestos'!$D$2:$D$13,"conciliado",'Conciliacion de compuestos'!$E$2:$E$13,"OK",'Conciliacion de compuestos'!$L$2:$L$13,A9))>0,"conciliado en compuesto confirmado","disponible")
A10: 40 | B10: 46027 | C10: consignacion credibanco d e | D10: 37700 | E10: =IF(SUM(COUNTIFS('Conciliacion de compuestos'!$D$2:$D$13,"conciliado",'Conciliacion de compuestos'!$E$2:$E$13,"OK",'Conciliacion de compuestos'!$J$2:$J$13,A10),COUNTIFS('Conciliacion de compuestos'!$D$2:$D$13,"conciliado",'Conciliacion de compuestos'!$E$2:$E$13,"OK",'Conciliacion de compuestos'!$K$2:$K$13,A10),COUNTIFS('Conciliacion de compuestos'!$D$2:$D$13,"conciliado",'Conciliacion de compuestos'!$E$2:$E$13,"OK",'Conciliacion de compuestos'!$L$2:$L$13,A10))>0,"conciliado en compuesto confirmado","disponible")
A11: 45 | B11: 46027 | C11: consignacion credibanco d e | D11: 133800 | E11: =IF(SUM(COUNTIFS('Conciliacion de compuestos'!$D$2:$D$13,"conciliado",'Conciliacion de compuestos'!$E$2:$E$13,"OK",'Conciliacion de compuestos'!$J$2:$J$13,A11),COUNTIFS('Conciliacion de compuestos'!$D$2:$D$13,"conciliado",'Conciliacion de compuestos'!$E$2:$E$13,"OK",'Conciliacion de compuestos'!$K$2:$K$13,A11),COUNTIFS('Conciliacion de compuestos'!$D$2:$D$13,"conciliado",'Conciliacion de compuestos'!$E$2:$E$13,"OK",'Conciliacion de compuestos'!$L$2:$L$13,A11))>0,"conciliado en compuesto confirmado","disponible")
A12: 50 | B12: 46027 | C12: consignacion credibanco d e | D12: 50000 | E12: =IF(SUM(COUNTIFS('Conciliacion de compuestos'!$D$2:$D$13,"conciliado",'Conciliacion de compuestos'!$E$2:$E$13,"OK",'Conciliacion de compuestos'!$J$2:$J$13,A12),COUNTIFS('Conciliacion de compuestos'!$D$2:$D$13,"conciliado",'Conciliacion de compuestos'!$E$2:$E$13,"OK",'Conciliacion de compuestos'!$K$2:$K$13,A12),COUNTIFS('Conciliacion de compuestos'!$D$2:$D$13,"conciliado",'Conciliacion de compuestos'!$E$2:$E$13,"OK",'Conciliacion de compuestos'!$L$2:$L$13,A12))>0,"conciliado en compuesto confirmado","disponible")
A13: 55 | B13: 46027 | C13: consignacion credibanco d e | D13: 51000 | E13: =IF(SUM(COUNTIFS('Conciliacion de compuestos'!$D$2:$D$13,"conciliado",'Conciliacion de compuestos'!$E$2:$E$13,"OK",'Conciliacion de compuestos'!$J$2:$J$13,A13),COUNTIFS('Conciliacion de compuestos'!$D$2:$D$13,"conciliado",'Conciliacion de compuestos'!$E$2:$E$13,"OK",'Conciliacion de compuestos'!$K$2:$K$13,A13),COUNTIFS('Conciliacion de compuestos'!$D$2:$D$13,"conciliado",'Conciliacion de compuestos'!$E$2:$E$13,"OK",'Conciliacion de compuestos'!$L$2:$L$13,A13))>0,"conciliado en compuesto confirmado","disponible")
A14: 60 | B14: 46027 | C14: consignacion credibanco d e | D14: 44500 | E14: =IF(SUM(COUNTIFS('Conciliacion de compuestos'!$D$2:$D$13,"conciliado",'Conciliacion de compuestos'!$E$2:$E$13,"OK",'Conciliacion de compuestos'!$J$2:$J$13,A14),COUNTIFS('Conciliacion de compuestos'!$D$2:$D$13,"conciliado",'Conciliacion de compuestos'!$E$2:$E$13,"OK",'Conciliacion de compuestos'!$K$2:$K$13,A14),COUNTIFS('Conciliacion de compuestos'!$D$2:$D$13,"conciliado",'Conciliacion de compuestos'!$E$2:$E$13,"OK",'Conciliacion de compuestos'!$L$2:$L$13,A14))>0,"conciliado en compuesto confirmado","disponible")
... A324: 1631 | B324: 46052 | C324: depositos electronicos masterca transaccion | D324: 74900 | E324: =IF(SUM(COUNTIFS('Conciliacion de compuestos'!$D$2:$D$13,"conciliado",'Conciliacion de compuestos'!$E$2:$E$13,"OK",'Conciliacion de compuestos'!$J$2:$J$13,A324),COUNTIFS('Conciliacion de compuestos'!$D$2:$D$13,"conciliado",'Conciliacion de compuestos'!$E$2:$E$13,"OK",'Conciliacion de compuestos'!$K$2:$K$13,A324),COUNTIFS('Conciliacion de compuestos'!$D$2:$D$13,"conciliado",'Conciliacion de compuestos'!$E$2:$E$13,"OK",'Conciliacion de compuestos'!$L$2:$L$13,A324))>0,"conciliado en compuesto confirmado","disponible")

Sheet Conceptos bancarios
A1: Concepto | B1: Cantidad movimientos | C1: Valor total | D1: Descripcion
A2: a financiero gravamen movimiento | B2: 656 | C2: -124267 | D2: Concepto bancario informativo. No se concilia contra libro auxiliar.
A3: cobro comision depositos electronicos | B3: 227 | C3: -407080 | D3: Concepto bancario informativo. No se concilia contra libro auxiliar.
A4: comision depositos electronicos mastercard | B4: 98 | C4: -205921 | D4: Concepto bancario informativo. No se concilia contra libro auxiliar.
A5: compra internet nd por pse | B5: 1 | C5: -2592200 | D5: Concepto bancario informativo. No se concilia contra libro auxiliar.
A6: consignacion credibanco d e | B6: 227 | C6: 19982438 | D6: Concepto bancario informativo. No se concilia contra libro auxiliar.
A7: credibanco d e retefuente voucher y | B7: 227 | C7: -299776 | D7: Concepto bancario informativo. No se concilia contra libro auxiliar.
A8: depositos electronicos masterca transaccion | B8: 98 | C8: 10229831 | D8: Concepto bancario informativo. No se concilia contra libro auxiliar.
A9: depositos electronicos mastercar retefuente | B9: 98 | C9: -153468 | D9: Concepto bancario informativo. No se concilia contra libro auxiliar.
A10: entre inte internet terceros transferencias | B10: 5 | C10: -27408272 | D10: Concepto bancario informativo. No se concilia contra libro auxiliar.

Sheet Extractos banco
A1: id | B1: fecha | C1: descripcion | D1: oficina | E1: no_dcto | F1: valor | G1: saldo
A2: 1 | B2: 46024 | C2: INTERNET TRANSFERENCIAS ENTRE TERCEROS INTE | D2: INTERNET BANCA | E2: 00000000 | F2: -4152508 | G2: 7416422.4
A3: 2 | B3: 46024 | C3: GRAVAMEN A MOVIMIENTO FINANCIERO | D3: INTERNET BANCA | E3: 00000000 | F3: -16610 | G3: 7399812.4
A4: 3 | B4: 46024 | C4: INTERNET TRANSFERENCIAS ENTRE TERCEROS INTE | D4: INTERNET BANCA | E4: 00000000 | F4: -3312505 | G4: 4087307.4
A5: 4 | B5: 46024 | C5: GRAVAMEN A MOVIMIENTO FINANCIERO | D5: INTERNET BANCA | E5: 00000000 | F5: -13250 | G5: 4074057.4
A6: 5 | B6: 46027 | C6: CONSIGNACION CREDIBANCO D E | D6: ORITO | E6: 00000000 | F6: 152200 | G6: 4226257.4
A7: 6 | B7: 46027 | C7: COBRO COMISION DEPOSITOS ELECTRONICOS | D7: ORITO | E7: 00000000 | F7: -1233 | G7: 4225024.4
A8: 7 | B8: 46027 | C8: GRAVAMEN A MOVIMIENTO FINANCIERO | D8: ORITO | E8: 00000000 | F8: -5 | G8: 4225019.4
A9: 8 | B9: 46027 | C9: RETEFUENTE D E Y VOUCHER CREDIBANCO | D9: ORITO | E9: 00000000 | F9: -2283 | G9: 4222736.4
A10: 9 | B10: 46027 | C10: GRAVAMEN A MOVIMIENTO FINANCIERO | D10: ORITO | E10: 00000000 | F10: -9 | G10: 4222727.4
A11: 10 | B11: 46027 | C11: CONSIGNACION CREDIBANCO D E | D11: ORITO | E11: 00000000 | F11: 29400 | G11: 4252127.4
A12: 11 | B12: 46027 | C12: COBRO COMISION DEPOSITOS ELECTRONICOS | D12: ORITO | E12: 00000000 | F12: -635 | G12: 4251492.4
A13: 12 | B13: 46027 | C13: GRAVAMEN A MOVIMIENTO FINANCIERO | D13: ORITO | E13: 00000000 | F13: -3 | G13: 4251489.4
... A1638: 1637 | B1638: 46052 | C1638: GRAVAMEN A MOVIMIENTO FINANCIERO | D1638: INTERNET BANCA | E1638: 00000000 | F1638: -24038 | G1638: 10590215

Sheet Libro Auxiliar
A1: id | B1: fecha | C1: doc | D1: numero | E1: tercero | F1: nombre_tercero | G1: doc_refer | H1: detalle | I1: debitos | J1: creditos
A2: 1 | B2: 46024 | C2: INTF | D2: 202601 | E2: 18144393 | F2: GIRALDO MEDINA LUIS | H2: INTERFACE P.O.S. | I2: 122600
A3: 2 | B3: 46024 | C3: INTF | D3: 202601 | E3: 1123321957 | F3: CAICEDO GALINDO YANI | H3: INTERFACE P.O.S. | I3: 80900
A4: 3 | B4: 46024 | C4: INTF | D4: 202601 | E4: 1193078944 | F4: PACHUCAN LASO LINSAY | H4: INTERFACE P.O.S. | I4: 43200
A5: 4 | B5: 46024 | C5: INTF | D5: 202601 | E5: 41107638 | F5: RAMOS RUEDA PIEDAD L | H5: INTERFACE P.O.S. | I5: 156300
A6: 5 | B6: 46024 | C6: INTF | D6: 202601 | E6: 1130144389 | F6: RIVERA MEZA LILY EST | H6: INTERFACE P.O.S. | I6: 223200
A7: 6 | B7: 46024 | C7: INTF | D7: 202601 | E7: 22222222222 | F7: CONSUMIDOR FINAL | H7: INTERFACE P.O.S. | I7: 180265
A8: 7 | B8: 46024 | C8: INTF | D8: 202601 | E8: 14476518 | F8: ALOMIA RIASCOS BOLIV | H8: INTERFACE P.O.S. | I8: 33300
A9: 8 | B9: 46024 | C9: INTF | D9: 202601 | E9: 1123325430 | F9: RIASCO EDINSON | H9: INTERFACE P.O.S. | I9: 75000
A10: 9 | B10: 46024 | C10: INTF | D10: 202601 | E10: 1123332546 | F10: ANGULO RAYO SOFI YUL | H10: INTERFACE P.O.S. | I10: 79955
A11: 10 | B11: 46024 | C11: INTF | D11: 202601 | E11: 1192713279 | F11: ROSERO CRISTIAN | H11: INTERFACE P.O.S. | I11: 88000
A12: 11 | B12: 46024 | C12: INTF | D12: 202601 | E12: 1112496412 | F12: MEJIA ISABELA | H12: INTERFACE P.O.S. | I12: 685700
A13: 12 | B13: 46025 | C13: INTF | D13: 202601 | E13: 41110276 | F13: CORTEZ CAYCEDO HELID | H13: INTERFACE P.O.S. | I13: 267200
... A181: 180 | B181: 46042 | C181: INTF | D181: 202601 | E181: 5207773 | F181: PANTOJA DONY NORVE | H181: INTERFACE P.O.S. | I181: 24800
A182: 181 | B182: 46042 | C182: RC | D182: 4032 | E182: 87060133 | F182: IMUES SANCHEZ OSCAR | G182: 1610 | H182: RC OSCAR | I182: 394000
A183: 182 | B183: 46043 | C183: INTF | D183: 202601 | E183: 1123321763 | F183: MARTINEZ ROSERO LUCI | H183: INTERFACE P.O.S. | I183: 90900
A184: 183 | B184: 46043 | C184: INTF | D184: 202601 | E184: 1122336249 | F184: ORTEGA MELO MARIA SE | H184: INTERFACE P.O.S. | I184: 80600
A185: 184 | B185: 46043 | C185: INTF | D185: 202601 | E185: 87064931 | F185: MARTINEZ MUÑOZ WILLI | H185: INTERFACE P.O.S. | I185: 58800
A186: 185 | B186: 46043 | C186: INTF | D186: 202601 | E186: 18147717 | F186: ROJAS CARVAJAL JUAN | H186: INTERFACE P.O.S. | I186: 117600
A187: 186 | B187: 46043 | C187: INTF | D187: 202601 | E187: 1123320594 | F187: CUEVA PINTA WILSON B | H187: INTERFACE P.O.S. | I187: 38500
A188: 187 | B188: 46043 | C188: INTF | D188: 202601 | E188: 5207773 | F188: PANTOJA DONY NORVE | H188: INTERFACE P.O.S. | I188: 22500
A189: 188 | B189: 46044 | C189: CEG | D189: 2022 | E189: 900147238 | F189: APORTES EN LINEA S. | G189: PSE | H189: PG PLANILLA | J189: 2592200
A190: 189 | B190: 46044 | C190: INTF | D190: 202601 | E190: 27090928 | F190: TROYA ARTEAGA AYDA M | H190: INTERFACE P.O.S. | I190: 53600
A191: 190 | B191: 46044 | C191: INTF | D191: 202601 | E191: 41109695 | F191: ALVAREZ QUINTERO YIS | H191: INTERFACE P.O.S. | I191: 36700
A192: 191 | B192: 46044 | C192: INTF | D192: 202601 | E192: 1075243320 | F192: CASAÑAS CAZAÑAS JAME | H192: INTERFACE P.O.S. | I192: 143200
A193: 192 | B193: 46044 | C193: INTF | D193: 202601 | E193: 1123322642 | F193: DIAZ ZANDOBAL CLAUDI | H193: INTERFACE P.O.S. | I193: 40900
A194: 193 | B194: 46044 | C194: INTF | D194: 202601 | E194: 860030808 | F194: CHAMPIONX DE COLOMBI | H194: INTERFACE P.O.S. | I194: 19000
A195: 194 | B195: 46044 | C195: INTF | D195: 202601 | E195: 1123331260 | F195: ROMO PALMA LINDA JOS | H195: INTERFACE P.O.S. | I195: 20300
A196: 195 | B196: 46044 | C196: INTF | D196: 202601 | E196: 1102851952 | F196: MARTINEZ URQUIJO JES | H196: INTERFACE P.O.S. | I196: 58100
A197: 196 | B197: 46044 | C197: INTF | D197: 202601 | E197: 1233191968 | F197: OBANDO ALDERETE DANI | H197: INTERFACE P.O.S. | I197: 28800
A198: 197 | B198: 46045 | C198: INTF | D198: 202601 | E198: 18143115 | F198: CUACIALPUD HERNANDEZ | H198: INTERFACE P.O.S. | I198: 144000
A199: 198 | B199: 46045 | C199: INTF | D199: 202601 | E199: 16269400 | F199: MAFLA PALACIOS CRIST | H199: INTERFACE P.O.S. | I199: 45400
A200: 199 | B200: 46045 | C200: INTF | D200: 202601 | E200: 1123326340 | F200: MARROQUIN PANTOJA EL | H200: INTERFACE P.O.S. | I200: 30000
A201: 200 | B201: 46045 | C201: INTF | D201: 202601 | E201: 1123330360 | F201: ORTEGA CAPERA INGRI | H201: INTERFACE P.O.S. | I201: 31200
... A244: 243 | B244: 46049 | C244: INTF | D244: 202601 | E244: 1006848160 | F244: MEZA MEZA ANA MARIA | H244: INTERFACE P.O.S. | I244: 21200
A245: 244 | B245: 46050 | C245: CE | D245: 9269 | E245: 12960193 | F245: GUERRA SANCHEZ CARLO | G245: 399407 | H245: PF EL DORADO | J245: 11807785
A246: 245 | B246: 46050 | C246: CE | D246: 9270 | E246: 901544280 | F246: DISTRIBUCIONES CGS S | G246: 75357 | H246: PF CGS SAS | J246: 2125898
A247: 246 | B247: 46050 | C247: INTF | D247: 202601 | E247: 18143115 | F247: CUACIALPUD HERNANDEZ | H247: INTERFACE P.O.S. | I247: 227500
A248: 247 | B248: 46050 | C248: INTF | D248: 202601 | E248: 18131293 | F248: CAGUA GARCIA VENANCI | H248: INTERFACE P.O.S. | I248: 149100
A249: 248 | B249: 46050 | C249: INTF | D249: 202601 | E249: 41109695 | F249: ALVAREZ QUINTERO YIS | H249: INTERFACE P.O.S. | I249: 28700
A250: 249 | B250: 46050 | C250: INTF | D250: 202601 | E250: 1123327856 | F250: BERNAL QUINTERO ANDR | H250: INTERFACE P.O.S. | I250: 44050
A251: 250 | B251: 46050 | C251: INTF | D251: 202601 | E251: 79232697 | F251: CASTILLO BAUTISTA RA | H251: INTERFACE P.O.S. | I251: 23000
A252: 251 | B252: 46050 | C252: INTF | D252: 202601 | E252: 98380675 | F252: CEBALLOS BLANDON LYN | H252: INTERFACE P.O.S. | I252: 17400
A253: 252 | B253: 46050 | C253: INTF | D253: 202601 | E253: 41118377 | F253: CADENA LAOS MONICA G | H253: INTERFACE P.O.S. | I253: 137900
A254: 253 | B254: 46050 | C254: INTF | D254: 202601 | E254: 91486684 | F254: GONZALEZ SANTOS CIRO | H254: INTERFACE P.O.S. | I254: 48500
A255: 254 | B255: 46050 | C255: INTF | D255: 202601 | E255: 22222222222 | F255: CONSUMIDOR FINAL | H255: INTERFACE P.O.S. | I255: 197280
A256: 255 | B256: 46050 | C256: INTF | D256: 202601 | E256: 1123331414 | F256: MONCAYO MARIA FERNAN | H256: INTERFACE P.O.S. | I256: 102900
A257: 256 | B257: 46050 | C257: INTF | D257: 202601 | E257: 1134530623 | F257: GUASALUSAN NASTACUAZ | H257: INTERFACE P.O.S. | I257: 229900
A258: 257 | B258: 46050 | C258: INTF | D258: 202601 | E258: 1001820451 | F258: HERNANDEZ JOSE | H258: INTERFACE P.O.S. | I258: 91800
... A266: 265 | B266: 46051 | C266: INTF | D266: 202601 | E266: 30732731 | F266: ACOSTA ORTEGA AIDA J | H266: INTERFACE P.O.S. | I266: 68600
A267: 266 | B267: 46052 | C267: CE | D267: 9281 | E267: 800186960 | F267: ALTIPAL S.A.S | G267: 5958 | H267: PF ALTIPAL | J267: 6009576
A268: 267 | B268: 46052 | C268: INTF | D268: 202601 | E268: 1123322878 | F268: CABRERA GUTIERREZ JE | H268: INTERFACE P.O.S. | I268: 149598
A269: 268 | B269: 46052 | C269: INTF | D269: 202601 | E269: 1089481032 | F269: BURBANO ARBOLEDA OMA | H269: INTERFACE P.O.S. | I269: 40640
A270: 269 | B270: 46052 | C270: INTF | D270: 202601 | E270: 1006848777 | F270: RUIZ TARAPUEZ LUIS D | H270: INTERFACE P.O.S. | I270: 79000
A271: 270 | B271: 46052 | C271: INTF | D271: 202601 | E271: 1106738578 | F271: HORTUA GUZMAN VICTOR | H271: INTERFACE P.O.S. | I271: 121700
A272: 271 | B272: 46052 | C272: INTF | D272: 202601 | E272: 5207773 | F272: PANTOJA DONY NORVE | H272: INTERFACE P.O.S. | I272: 23000
A273: 272 | B273: 46053 | C273: GB | D273: 87 | E273: 800037800 | F273: BANCO AGRARIO DE COL | G273: 87 | J273: 1190512
A274: 273 | B274: 46053 | C274: GB | D274: 87 | E274: 800037800 | F274: BANCO AGRARIO DE COL | G274: 87 | H274: AJUSTE AL PESO | I274: 22
A275: 274 | B275: 46053 | C275: INTF | D275: 202601 | E275: 41110276 | F275: CORTEZ CAYCEDO HELID | H275: INTERFACE P.O.S. | I275: 360800
A276: 275 | B276: 46053 | C276: INTF | D276: 202601 | E276: 94061986 | F276: CARRETERO DIAZ OSCAR | H276: INTERFACE P.O.S. | I276: 356400
A277: 276 | B277: 46053 | C277: INTF | D277: 202601 | E277: 52703959 | F277: ZULETA CRUZATE DIANA | H277: INTERFACE P.O.S. | I277: 37600
A278: 277 | B278: 46053 | C278: INTF | D278: 202601 | E278: 79998867 | F278: CAICEDO JIMENEZ CAR | H278: INTERFACE P.O.S. | I278: 264360
A279: 278 | B279: 46053 | C279: INTF | D279: 202601 | E279: 41108192 | F279: ARANGO MEZA ALBA PAT | H279: INTERFACE P.O.S. | I279: 34900
A280: 279 | B280: 46053 | C280: INTF | D280: 202601 | E280: 38680249 | F280: GRISALES MELO ZULMA | H280: INTERFACE P.O.S. | I280: 27806
A281: 280 | B281: 46053 | C281: INTF | D281: 202601 | E281: 79535199 | F281: ORTIZ ZAMBRANO ABELA | H281: INTERFACE P.O.S. | I281: 138600
A282: 281 | B282: 46053 | C282: INTF | D282: 202601 | E282: 1086298475 | F282: CUARAN CUARAN PABLO | H282: INTERFACE P.O.S. | I282: 113200
